ticker,PMI,CPI,UNEMPLOYMENT,Spread,Commodity_Index,Libor,Interest_Rates,Philly_Fed
2015-01-01,54.6,0.8,5.6,212.557,492.11,0.17125,0.25,21.7
2015-01-02,54.6,0.8,5.6,209.025,491.95,0.1675,0.25,21.7
2015-01-05,54.6,0.8,5.6,201.675,492.46,0.168,0.25,21.7
2015-01-06,54.6,0.8,5.6,190.975,490.21,0.16775,0.25,21.7
2015-01-07,54.6,0.8,5.6,193.728,490.59,0.1665,0.25,21.7
2015-01-08,54.6,0.8,5.6,199.761,490.24,0.16625,0.25,21.7
2015-01-09,54.6,0.8,5.6,192.553,490.27,0.16675,0.25,21.7
2015-01-12,54.6,0.8,5.6,188.668,488.84,0.1665,0.25,21.7
2015-01-13,54.6,0.8,5.6,186.957,488.31,0.1665,0.25,21.7
2015-01-14,54.6,0.8,5.6,181.979,483.75,0.16825,0.25,21.7
2015-01-15,54.6,0.8,5.6,168.36,484.08,0.168,0.25,21.7
2015-01-16,54.6,0.8,5.6,181.652,483.08,0.168,0.25,21.7
2015-01-19,54.6,0.8,5.6,181.652,483.08,0.16875,0.25,21.7
2015-01-20,54.6,0.8,5.6,177.196,482.19,0.1685,0.25,21.7
2015-01-21,54.6,0.8,5.6,184.64,482.67,0.16675,0.25,21.7
2015-01-22,54.6,0.8,5.6,184.278,482.7,0.16825,0.25,21.7
2015-01-23,54.6,0.8,5.6,177.654,482.35,0.16775,0.25,21.7
2015-01-26,54.6,0.8,5.6,181.478,483.03,0.169,0.25,21.7
2015-01-27,54.6,0.8,5.6,180.282,482.22,0.168,0.25,21.7
2015-01-28,54.6,0.8,5.6,170.045,482.37,0.1705,0.25,21.7
2015-01-29,54.6,0.8,5.6,174.103,480.44,0.1709,0.25,21.7
2015-01-30,54.6,0.8,5.6,163.649,480.84,0.17125,0.25,21.7
2015-02-02,54.1,-0.1,5.7,165.404,481.08,0.1695,0.25,13.4
2015-02-03,54.1,-0.1,5.7,177.123,483.12,0.171,0.25,13.4
2015-02-04,54.1,-0.1,5.7,174.028,483.22,0.1735,0.25,13.4
2015-02-05,54.1,-0.1,5.7,180.52,483.36,0.171,0.25,13.4
2015-02-06,54.1,-0.1,5.7,193.727,482.94,0.1715,0.25,13.4
2015-02-09,54.1,-0.1,5.7,196.651,483.3,0.1722,0.25,13.4
2015-02-10,54.1,-0.1,5.7,198.653,469.76,0.1717,0.25,13.4
2015-02-11,54.1,-0.1,5.7,200.748,468.68,0.1717,0.25,13.4
2015-02-12,54.1,-0.1,5.7,197.093,469.64,0.172,0.25,13.4
2015-02-13,54.1,-0.1,5.7,204.023,471.0,0.173,0.25,13.4
2015-02-16,54.1,-0.1,5.7,204.023,471.0,0.173,0.25,13.4
2015-02-17,54.1,-0.1,5.7,212.264,471.22,0.1735,0.25,13.4
2015-02-18,54.1,-0.1,5.7,205.977,471.84,0.1735,0.25,13.4
2015-02-19,54.1,-0.1,5.7,209.393,471.89,0.1735,0.25,13.4
2015-02-20,54.1,-0.1,5.7,209.137,471.07,0.1715,0.25,13.4
2015-02-23,54.1,-0.1,5.7,203.714,470.52,0.171,0.25,13.4
2015-02-24,54.1,-0.1,5.7,196.482,473.35,0.1715,0.25,13.4
2015-02-25,54.1,-0.1,5.7,194.762,472.67,0.172,0.25,13.4
2015-02-26,54.1,-0.1,5.7,200.926,473.12,0.1719,0.25,13.4
2015-02-27,54.1,-0.1,5.7,197.78,472.3,0.173,0.25,13.4
2015-03-02,53.0,0.0,5.5,206.68,471.56,0.1727,0.25,9.9
2015-03-03,53.0,0.0,5.5,210.371,471.89,0.173,0.25,9.9
2015-03-04,53.0,0.0,5.5,210.197,471.86,0.175,0.25,9.9
2015-03-05,53.0,0.0,5.5,210.531,471.56,0.175,0.25,9.9
2015-03-06,53.0,0.0,5.5,223.124,470.97,0.175,0.25,9.9
2015-03-09,53.0,0.0,5.5,218.058,470.18,0.1765,0.25,9.9
2015-03-10,53.0,0.0,5.5,211.536,468.32,0.1779,0.25,9.9
2015-03-11,53.0,0.0,5.5,208.828,467.64,0.176,0.25,9.9
2015-03-12,53.0,0.0,5.5,209.029,468.42,0.1745,0.25,9.9
2015-03-13,53.0,0.0,5.5,208.949,467.95,0.1765,0.25,9.9
2015-03-16,53.0,0.0,5.5,203.623,467.77,0.177,0.25,9.9
2015-03-17,53.0,0.0,5.5,199.996,467.61,0.1775,0.25,9.9
2015-03-18,53.0,0.0,5.5,188.445,467.41,0.176,0.25,9.9
2015-03-19,53.0,0.0,5.5,195.84,468.48,0.17325,0.25,9.9
2015-03-20,53.0,0.0,5.5,192.519,469.87,0.174,0.25,9.9
2015-03-23,53.0,0.0,5.5,190.61,472.17,0.17375,0.25,9.9
2015-03-24,53.0,0.0,5.5,185.281,472.67,0.17275,0.25,9.9
2015-03-25,53.0,0.0,5.5,189.037,472.19,0.1756,0.25,9.9
2015-03-26,53.0,0.0,5.5,195.393,472.25,0.17775,0.25,9.9
2015-03-27,53.0,0.0,5.5,192.09,471.93,0.178,0.25,9.9
2015-03-30,53.0,0.0,5.5,192.723,470.96,0.17925,0.25,9.9
2015-03-31,51.8,-0.1,5.4,189.778,469.67,0.17625,0.25,7.4
2015-04-01,51.8,-0.1,5.4,183.699,468.52,0.17755,0.25,7.4
2015-04-02,51.8,-0.1,5.4,189.144,467.52,0.17975,0.25,7.4
2015-04-03,51.8,-0.1,5.4,182.373,467.52,0.17975,0.25,7.4
2015-04-06,51.8,-0.1,5.4,188.506,468.63,0.17975,0.25,7.4
2015-04-07,51.8,-0.1,5.4,186.448,470.97,0.18015,0.25,7.4
2015-04-08,51.8,-0.1,5.4,187.428,470.17,0.18095,0.25,7.4
2015-04-09,51.8,-0.1,5.4,193.424,469.96,0.18,0.25,7.4
2015-04-10,51.8,-0.1,5.4,192.704,468.72,0.1785,0.25,7.4
2015-04-13,51.8,-0.1,5.4,191.201,468.9,0.1815,0.25,7.4
2015-04-14,51.8,-0.1,5.4,187.817,466.08,0.1825,0.25,7.4
2015-04-15,51.8,-0.1,5.4,187.278,464.97,0.1804,0.25,7.4
2015-04-16,51.8,-0.1,5.4,186.942,464.87,0.18055,0.25,7.4
2015-04-17,51.8,-0.1,5.4,184.499,464.11,0.18025,0.25,7.4
2015-04-20,51.8,-0.1,5.4,187.437,464.22,0.1805,0.25,7.4
2015-04-21,51.8,-0.1,5.4,188.338,463.83,0.1815,0.25,7.4
2015-04-22,51.8,-0.1,5.4,195.341,463.81,0.18175,0.25,7.4
2015-04-23,51.8,-0.1,5.4,193.233,465.7,0.18125,0.25,7.4
2015-04-24,51.8,-0.1,5.4,188.326,467.71,0.1815,0.25,7.4
2015-04-27,51.8,-0.1,5.4,190.562,468.98,0.18125,0.25,7.4
2015-04-28,51.8,-0.1,5.4,198.818,470.14,0.18425,0.25,7.4
2015-04-29,51.8,-0.1,5.4,203.874,469.82,0.18025,0.25,7.4
2015-04-30,51.8,-0.2,5.4,202.661,472.1,0.181,0.25,9.7
2015-05-01,51.8,-0.2,5.4,210.845,473.36,0.18225,0.25,9.7
2015-05-04,51.8,-0.2,5.4,213.89,473.25,0.18225,0.25,9.7
2015-05-05,51.8,-0.2,5.4,217.337,473.74,0.1805,0.25,9.7
2015-05-06,51.8,-0.2,5.4,222.791,474.26,0.18025,0.25,9.7
2015-05-07,51.8,-0.2,5.4,216.987,474.52,0.1815,0.25,9.7
2015-05-08,51.8,-0.2,5.4,213.764,475.22,0.18475,0.25,9.7
2015-05-11,51.8,-0.2,5.4,226.961,473.97,0.1856,0.25,9.7
2015-05-12,51.8,-0.2,5.4,223.373,474.02,0.1856,0.25,9.7
2015-05-13,51.8,-0.2,5.4,227.236,474.65,0.1856,0.25,9.7
2015-05-14,51.8,-0.2,5.4,221.49,474.72,0.18335,0.25,9.7
2015-05-15,51.8,-0.2,5.4,212.724,473.99,0.1862,0.25,9.7
2015-05-18,51.8,-0.2,5.4,222.359,473.06,0.184,0.25,9.7
2015-05-19,51.8,-0.2,5.4,227.844,471.9,0.18675,0.25,9.7
2015-05-20,51.8,-0.2,5.4,222.762,470.39,0.18475,0.25,9.7
2015-05-21,51.8,-0.2,5.4,217.457,468.29,0.18475,0.25,9.7
2015-05-22,51.8,-0.2,5.4,219.398,467.17,0.18485,0.25,9.7
2015-05-25,51.8,-0.2,5.4,219.398,467.17,0.18485,0.25,9.7
2015-05-26,51.8,-0.2,5.4,212.374,467.42,0.1863,0.25,9.7
2015-05-27,51.8,-0.2,5.4,211.832,466.2,0.18535,0.25,9.7
2015-05-28,51.8,-0.2,5.4,213.038,467.06,0.184,0.25,9.7
2015-05-29,51.8,-0.2,5.4,211.638,466.93,0.184,0.25,9.7
2015-06-01,52.9,0.0,5.6,217.428,466.86,0.183,0.25,6.0
2015-06-02,52.9,0.0,5.6,225.227,467.32,0.1848,0.25,6.0
2015-06-03,52.9,0.0,5.6,234.893,466.18,0.185,0.25,6.0
2015-06-04,52.9,0.0,5.6,229.174,467.81,0.18405,0.25,6.0
2015-06-05,52.9,0.0,5.6,238.725,466.54,0.183,0.25,6.0
2015-06-08,52.9,0.0,5.6,236.718,470.03,0.1854,0.25,6.0
2015-06-09,52.9,0.0,5.6,242.317,470.17,0.1875,0.25,6.0
2015-06-10,52.9,0.0,5.6,246.351,471.34,0.18875,0.25,6.0
2015-06-11,52.9,0.0,5.6,236.196,468.9,0.1855,0.25,6.0
2015-06-12,52.9,0.0,5.6,237.836,468.6,0.18475,0.25,6.0
2015-06-15,52.9,0.0,5.6,234.57,465.47,0.18525,0.25,6.0
2015-06-16,52.9,0.0,5.6,229.915,465.91,0.185,0.25,6.0
2015-06-17,52.9,0.0,5.6,231.142,465.89,0.1875,0.25,6.0
2015-06-18,52.9,0.0,5.6,232.94,467.11,0.18675,0.25,6.0
2015-06-19,52.9,0.0,5.6,225.262,466.64,0.187,0.25,6.0
2015-06-22,52.9,0.0,5.6,236.739,466.29,0.187,0.25,6.0
2015-06-23,52.9,0.0,5.6,239.849,466.91,0.187,0.25,6.0
2015-06-24,52.9,0.0,5.6,236.208,466.82,0.1865,0.25,6.0
2015-06-25,52.9,0.0,5.6,240.371,466.24,0.186,0.25,6.0
2015-06-26,52.9,0.0,5.6,246.754,466.14,0.1866,0.25,6.0
2015-06-29,52.9,0.0,5.6,231.914,464.46,0.1866,0.25,6.0
2015-06-30,52.3,0.1,5.3,234.471,463.31,0.1865,0.25,8.2
2015-07-01,52.3,0.1,5.3,240.157,462.0,0.185,0.25,8.2
2015-07-02,52.3,0.1,5.3,237.72,457.3,0.18815,0.25,8.2
2015-07-03,52.3,0.1,5.3,237.72,457.3,0.1884,0.25,8.2
2015-07-06,52.3,0.1,5.3,227.156,455.5,0.1865,0.25,8.2
2015-07-07,52.3,0.1,5.3,224.293,452.75,0.1895,0.25,8.2
2015-07-08,52.3,0.1,5.3,217.696,452.9,0.1885,0.25,8.2
2015-07-09,52.3,0.1,5.3,230.584,453.68,0.1867,0.25,8.2
2015-07-10,52.3,0.1,5.3,238.888,452.84,0.186,0.25,8.2
2015-07-13,52.3,0.1,5.3,245.886,452.65,0.1873,0.25,8.2
2015-07-14,52.3,0.1,5.3,238.579,454.08,0.187,0.25,8.2
2015-07-15,52.3,0.1,5.3,233.689,453.55,0.186,0.25,8.2
2015-07-16,52.3,0.1,5.3,233.006,455.04,0.188,0.25,8.2
2015-07-17,52.3,0.1,5.3,232.661,450.89,0.1905,0.25,8.2
2015-07-20,52.3,0.1,5.3,234.697,452.17,0.189,0.25,8.2
2015-07-21,52.3,0.1,5.3,229.478,451.37,0.185,0.25,8.2
2015-07-22,52.3,0.1,5.3,228.794,449.71,0.187,0.25,8.2
2015-07-23,52.3,0.1,5.3,223.209,448.21,0.1905,0.25,8.2
2015-07-24,52.3,0.1,5.3,222.68,447.2,0.189,0.25,8.2
2015-07-27,52.3,0.1,5.3,218.196,446.26,0.189,0.25,8.2
2015-07-28,52.3,0.1,5.3,219.903,448.78,0.1908,0.25,8.2
2015-07-29,52.3,0.1,5.3,222.999,449.13,0.18955,0.25,8.2
2015-07-30,52.3,0.1,5.3,218.774,448.64,0.1885,0.25,8.2
2015-07-31,51.8,0.2,5.2,211.399,448.52,0.19175,0.25,4.6
2015-08-03,51.8,0.2,5.2,207.68,447.88,0.1905,0.25,4.6
2015-08-04,51.8,0.2,5.2,213.997,447.71,0.19075,0.25,4.6
2015-08-05,51.8,0.2,5.2,219.367,446.16,0.1935,0.25,4.6
2015-08-06,51.8,0.2,5.2,218.07,445.89,0.1915,0.25,4.6
2015-08-07,51.8,0.2,5.2,209.62,441.72,0.19125,0.25,4.6
2015-08-10,51.8,0.2,5.2,215.568,442.05,0.19255,0.25,4.6
2015-08-11,51.8,0.2,5.2,203.44,441.33,0.19345,0.25,4.6
2015-08-12,51.8,0.2,5.2,204.661,442.89,0.194,0.25,4.6
2015-08-13,51.8,0.2,5.2,208.902,443.37,0.1976,0.25,4.6
2015-08-14,51.8,0.2,5.2,211.153,448.09,0.1996,0.25,4.6
2015-08-17,51.8,0.2,5.2,210.185,448.82,0.2046,0.25,4.6
2015-08-18,51.8,0.2,5.2,212.134,448.64,0.20275,0.25,4.6
2015-08-19,51.8,0.2,5.2,207.986,446.91,0.202,0.25,4.6
2015-08-20,51.8,0.2,5.2,204.752,447.95,0.2004,0.25,4.6
2015-08-21,51.8,0.2,5.2,201.107,447.11,0.1994,0.25,4.6
2015-08-24,51.8,0.2,5.2,197.803,443.02,0.1994,0.25,4.6
2015-08-25,51.8,0.2,5.2,201.041,440.15,0.19775,0.25,4.6
2015-08-26,51.8,0.2,5.2,211.417,437.77,0.198,0.25,4.6
2015-08-27,51.8,0.2,5.2,212.991,440.22,0.197,0.25,4.6
2015-08-28,51.8,0.2,5.2,211.964,440.04,0.19855,0.25,4.6
2015-08-31,50.6,0.2,5.1,221.286,441.1,0.19855,0.25,6.5
2015-09-01,50.6,0.2,5.1,211.177,441.44,0.2012,0.25,6.5
2015-09-02,50.6,0.2,5.1,216.907,443.9,0.2028,0.25,6.5
2015-09-03,50.6,0.2,5.1,213.924,444.43,0.2043,0.25,6.5
2015-09-04,50.6,0.2,5.1,209.388,443.74,0.19925,0.25,6.5
2015-09-07,50.6,0.2,5.1,209.388,443.74,0.2027,0.25,6.5
2015-09-08,50.6,0.2,5.1,215.23,443.34,0.203,0.25,6.5
2015-09-09,50.6,0.2,5.1,216.512,443.53,0.204,0.25,6.5
2015-09-10,50.6,0.2,5.1,220.175,444.71,0.20635,0.25,6.5
2015-09-11,50.6,0.2,5.1,215.793,445.02,0.20655,0.25,6.5
2015-09-14,50.6,0.2,5.1,215.264,443.9,0.209,0.25,6.5
2015-09-15,50.6,0.2,5.1,222.573,443.43,0.20725,0.25,6.5
2015-09-16,50.6,0.2,5.1,223.807,442.39,0.2128,0.25,6.5
2015-09-17,50.6,0.2,5.1,219.032,441.64,0.216,0.25,6.5
2015-09-18,50.6,0.2,5.1,214.378,438.77,0.1958,0.25,6.5
2015-09-21,50.6,0.2,5.1,221.135,440.43,0.195,0.25,6.5
2015-09-22,50.6,0.2,5.1,213.369,437.21,0.1956,0.25,6.5
2015-09-23,50.6,0.2,5.1,213.95,434.26,0.1939,0.25,6.5
2015-09-24,50.6,0.2,5.1,212.156,435.4,0.1943,0.25,6.5
2015-09-25,50.6,0.2,5.1,217.75,433.53,0.1943,0.25,6.5
2015-09-28,50.6,0.2,5.1,209.491,433.28,0.1936,0.25,6.5
2015-09-29,50.6,0.2,5.1,205.59,433.34,0.193,0.25,6.5
2015-09-30,50.0,0.0,5.0,204.692,435.02,0.193,0.25,-3.7
2015-10-01,50.0,0.0,5.0,205.709,434.49,0.194,0.25,-3.7
2015-10-02,50.0,0.0,5.0,199.286,434.67,0.1947,0.25,-3.7
2015-10-05,50.0,0.0,5.0,206.126,432.07,0.19375,0.25,-3.7
2015-10-06,50.0,0.0,5.0,203.153,432.24,0.1941,0.25,-3.7
2015-10-07,50.0,0.0,5.0,206.678,432.0,0.19605,0.25,-3.7
2015-10-08,50.0,0.0,5.0,209.892,431.2,0.19545,0.25,-3.7
2015-10-09,50.0,0.0,5.0,208.305,423.57,0.19685,0.25,-3.7
2015-10-12,50.0,0.0,5.0,208.305,425.61,0.19325,0.25,-3.7
2015-10-13,50.0,0.0,5.0,203.884,426.43,0.19575,0.25,-3.7
2015-10-14,50.0,0.0,5.0,197.178,425.59,0.199,0.25,-3.7
2015-10-15,50.0,0.0,5.0,201.746,426.24,0.19675,0.25,-3.7
2015-10-16,50.0,0.0,5.0,202.828,425.38,0.19425,0.25,-3.7
2015-10-19,50.0,0.0,5.0,202.277,424.01,0.196,0.25,-3.7
2015-10-20,50.0,0.0,5.0,205.683,423.84,0.1965,0.25,-3.7
2015-10-21,50.0,0.0,5.0,201.771,420.8,0.1948,0.25,-3.7
2015-10-22,50.0,0.0,5.0,202.124,419.76,0.19695,0.25,-3.7
2015-10-23,50.0,0.0,5.0,208.153,420.44,0.1935,0.25,-3.7
2015-10-26,50.0,0.0,5.0,203.611,418.83,0.19355,0.25,-3.7
2015-10-27,50.0,0.0,5.0,201.664,419.43,0.19075,0.25,-3.7
2015-10-28,50.0,0.0,5.0,205.517,417.67,0.1883,0.25,-3.7
2015-10-29,50.0,0.0,5.0,210.64,413.74,0.193,0.25,-3.7
2015-10-30,50.0,0.0,5.0,206.587,414.28,0.192,0.25,-3.7
2015-11-02,49.6,0.2,5.0,210.986,413.56,0.19,0.25,-5.2
2015-11-03,49.6,0.2,5.0,215.475,412.72,0.1922,0.25,-5.2
2015-11-04,49.6,0.2,5.0,217.939,412.5,0.1932,0.25,-5.2
2015-11-05,49.6,0.2,5.0,218.667,411.52,0.19475,0.25,-5.2
2015-11-06,49.6,0.2,5.0,224.408,410.12,0.1945,0.25,-5.2
2015-11-09,49.6,0.2,5.0,226.245,403.28,0.197,0.25,-5.2
2015-11-10,49.6,0.2,5.0,220.462,403.38,0.1955,0.25,-5.2
2015-11-11,49.6,0.2,5.0,219.792,402.91,0.19575,0.25,-5.2
2015-11-12,49.6,0.2,5.0,217.937,401.66,0.197,0.25,-5.2
2015-11-13,49.6,0.2,5.0,214.376,401.8,0.19725,0.25,-5.2
2015-11-16,49.6,0.2,5.0,216.078,401.62,0.19925,0.25,-5.2
2015-11-17,49.6,0.2,5.0,216.919,402.53,0.2025,0.25,-5.2
2015-11-18,49.6,0.2,5.0,215.588,400.67,0.20675,0.25,-5.2
2015-11-19,49.6,0.2,5.0,215.162,399.55,0.21325,0.25,-5.2
2015-11-20,49.6,0.2,5.0,216.059,399.16,0.2115,0.25,-5.2
2015-11-23,49.6,0.2,5.0,212.581,399.23,0.221,0.25,-5.2
2015-11-24,49.6,0.2,5.0,207.493,397.31,0.225,0.25,-5.2
2015-11-25,49.6,0.2,5.0,205.615,399.2,0.2315,0.25,-5.2
2015-11-26,49.6,0.2,5.0,205.615,399.2,0.23275,0.25,-5.2
2015-11-27,49.6,0.2,5.0,204.717,399.76,0.24375,0.25,-5.2
2015-11-30,48.9,0.5,5.1,203.312,399.96,0.243,0.25,-3.8
2015-12-01,48.9,0.5,5.1,193.966,400.71,0.24375,0.25,-3.8
2015-12-02,48.9,0.5,5.1,196.437,400.31,0.251,0.25,-3.8
2015-12-03,48.9,0.5,5.1,210.504,399.86,0.2686,0.25,-3.8
2015-12-04,48.9,0.5,5.1,205.241,400.42,0.2755,0.25,-3.8
2015-12-07,48.9,0.5,5.1,199.482,400.46,0.287,0.25,-3.8
2015-12-08,48.9,0.5,5.1,194.353,399.89,0.2931,0.25,-3.8
2015-12-09,48.9,0.5,5.1,196.212,400.65,0.3005,0.25,-3.8
2015-12-10,48.9,0.5,5.1,199.655,400.31,0.317,0.25,-3.8
2015-12-11,48.9,0.5,5.1,190.325,401.67,0.3305,0.25,-3.8
2015-12-14,48.9,0.5,5.1,201.316,401.98,0.3445,0.25,-3.8
2015-12-15,48.9,0.5,5.1,201.658,401.11,0.3505,0.25,-3.8
2015-12-16,48.9,0.5,5.1,204.163,400.95,0.36,0.5,-3.8
2015-12-17,48.9,0.5,5.1,199.962,399.98,0.4021,0.5,-3.8
2015-12-18,48.9,0.5,5.1,202.6,401.02,0.413,0.5,-3.8
2015-12-21,48.9,0.5,5.1,202.893,402.16,0.4195,0.5,-3.8
2015-12-22,48.9,0.5,5.1,204.247,401.78,0.4175,0.5,-3.8
2015-12-23,48.9,0.5,5.1,205.507,401.95,0.4216,0.5,-3.8
2015-12-24,48.9,0.5,5.1,203.758,402.86,0.4219,0.5,-3.8
2015-12-25,48.9,0.5,5.1,203.758,402.86,0.4219,0.5,-3.8
2015-12-28,48.9,0.5,5.1,203.205,402.27,0.4219,0.5,-3.8
2015-12-29,48.9,0.5,5.1,210.663,402.9,0.4239,0.5,-3.8
2015-12-30,48.9,0.5,5.1,214.174,405.44,0.4275,0.5,-3.8
2015-12-31,48.4,0.7,5.0,210.159,404.71,0.4295,0.5,-9.2
2016-01-01,48.4,0.7,5.0,210.159,404.71,0.4295,0.5,-9.2
2016-01-04,48.4,0.7,5.0,207.494,406.24,0.4225,0.5,-9.2
2016-01-05,48.4,0.7,5.0,203.222,406.58,0.422,0.5,-9.2
2016-01-06,48.4,0.7,5.0,196.678,410.5,0.4235,0.5,-9.2
2016-01-07,48.4,0.7,5.0,194.211,408.26,0.4235,0.5,-9.2
2016-01-08,48.4,0.7,5.0,191.549,412.23,0.4238,0.5,-9.2
2016-01-11,48.4,0.7,5.0,198.215,408.1,0.424,0.5,-9.2
2016-01-12,48.4,0.7,5.0,188.962,409.16,0.4245,0.5,-9.2
2016-01-13,48.4,0.7,5.0,186.888,407.54,0.4255,0.5,-9.2
2016-01-14,48.4,0.7,5.0,183.814,407.82,0.4255,0.5,-9.2
2016-01-15,48.4,0.7,5.0,180.078,407.82,0.4255,0.5,-9.2
2016-01-18,48.4,0.7,5.0,180.078,407.82,0.426,0.5,-9.2
2016-01-19,48.4,0.7,5.0,181.151,409.42,0.425,0.5,-9.2
2016-01-20,48.4,0.7,5.0,171.79,410.27,0.4253,0.5,-9.2
2016-01-21,48.4,0.7,5.0,174.622,409.86,0.4265,0.5,-9.2
2016-01-22,48.4,0.7,5.0,175.177,411.02,0.4255,0.5,-9.2
2016-01-25,48.4,0.7,5.0,171.126,411.03,0.4306,0.5,-9.2
2016-01-26,48.4,0.7,5.0,168.385,411.89,0.4306,0.5,-9.2
2016-01-27,48.4,0.7,5.0,167.883,413.84,0.428,0.5,-9.2
2016-01-28,48.4,0.7,5.0,164.77,413.84,0.4262,0.5,-9.2
2016-01-29,48.4,0.7,5.0,160.549,416.91,0.425,0.5,-9.2
2016-02-01,48.0,1.4,4.9,164.333,417.7,0.427,0.5,-3.5
2016-02-02,48.0,1.4,4.9,150.394,420.05,0.4285,0.5,-3.5
2016-02-03,48.0,1.4,4.9,155.028,421.31,0.4285,0.5,-3.5
2016-02-04,48.0,1.4,4.9,154.441,421.97,0.4277,0.5,-3.5
2016-02-05,48.0,1.4,4.9,154.067,421.93,0.4289,0.5,-3.5
2016-02-08,48.0,1.4,4.9,147.867,422.67,0.42925,0.5,-3.5
2016-02-09,48.0,1.4,4.9,141.566,421.56,0.4285,0.5,-3.5
2016-02-10,48.0,1.4,4.9,135.781,422.83,0.4265,0.5,-3.5
2016-02-11,48.0,1.4,4.9,137.418,421.52,0.427,0.5,-3.5
2016-02-12,48.0,1.4,4.9,146.328,421.89,0.4305,0.5,-3.5
2016-02-15,48.0,1.4,4.9,146.328,421.89,0.42925,0.5,-3.5
2016-02-16,48.0,1.4,4.9,148.744,420.66,0.4295,0.5,-3.5
2016-02-17,48.0,1.4,4.9,151.381,421.29,0.43005,0.5,-3.5
2016-02-18,48.0,1.4,4.9,144.457,420.91,0.432,0.5,-3.5
2016-02-19,48.0,1.4,4.9,144.983,420.97,0.4335,0.5,-3.5
2016-02-22,48.0,1.4,4.9,144.83,422.18,0.4335,0.5,-3.5
2016-02-23,48.0,1.4,4.9,139.522,421.79,0.4358,0.5,-3.5
2016-02-24,48.0,1.4,4.9,141.262,422.4,0.4338,0.5,-3.5
2016-02-25,48.0,1.4,4.9,139.011,421.6,0.4385,0.5,-3.5
2016-02-26,48.0,1.4,4.9,144.694,421.74,0.4385,0.5,-3.5
2016-02-29,49.4,1.0,4.9,141.425,422.13,0.4405,0.5,-7.9
2016-03-01,49.4,1.0,4.9,149.419,422.6,0.43525,0.5,-7.9
2016-03-02,49.4,1.0,4.9,154.048,422.6,0.4376,0.5,-7.9
2016-03-03,49.4,1.0,4.9,155.392,423.86,0.4405,0.5,-7.9
2016-03-04,49.4,1.0,4.9,160.447,426.51,0.438,0.5,-7.9
2016-03-07,49.4,1.0,4.9,162.594,427.36,0.4405,0.5,-7.9
2016-03-08,49.4,1.0,4.9,152.348,429.11,0.44185,0.5,-7.9
2016-03-09,49.4,1.0,4.9,157.076,428.37,0.438,0.5,-7.9
2016-03-10,49.4,1.0,4.9,161.693,436.94,0.4381,0.5,-7.9
2016-03-11,49.4,1.0,4.9,166.162,437.09,0.4362,0.5,-7.9
2016-03-14,49.4,1.0,4.9,163.867,438.1,0.4413,0.5,-7.9
2016-03-15,49.4,1.0,4.9,163.409,438.06,0.44125,0.5,-7.9
2016-03-16,49.4,1.0,4.9,160.796,436.79,0.4399,0.5,-7.9
2016-03-17,49.4,1.0,4.9,161.097,438.07,0.4321,0.5,-7.9
2016-03-18,49.4,1.0,4.9,157.813,438.71,0.4283,0.5,-7.9
2016-03-21,49.4,1.0,4.9,161.029,443.55,0.4318,0.5,-7.9
2016-03-22,49.4,1.0,4.9,164.02,444.32,0.4315,0.5,-7.9
2016-03-23,49.4,1.0,4.9,157.34,444.52,0.433,0.5,-7.9
2016-03-24,49.4,1.0,4.9,161.519,444.09,0.435,0.5,-7.9
2016-03-25,49.4,1.0,4.9,161.519,444.09,0.435,0.5,-7.9
2016-03-28,49.4,1.0,4.9,161.465,443.02,0.435,0.5,-7.9
2016-03-29,49.4,1.0,4.9,157.463,440.3,0.4329,0.5,-7.9
2016-03-30,49.4,1.0,4.9,162.447,440.21,0.434,0.5,-7.9
2016-03-31,51.2,0.9,5.0,156.522,440.47,0.43725,0.5,9.5
2016-04-01,51.2,0.9,5.0,154.163,440.43,0.43735,0.5,9.5
2016-04-04,51.2,0.9,5.0,156.347,440.78,0.4402,0.5,9.5
2016-04-05,51.2,0.9,5.0,150.135,440.13,0.4385,0.5,9.5
2016-04-06,51.2,0.9,5.0,151.919,439.7,0.439,0.5,9.5
2016-04-07,51.2,0.9,5.0,145.488,438.85,0.43645,0.5,9.5
2016-04-08,51.2,0.9,5.0,148.782,446.99,0.4347,0.5,9.5
2016-04-11,51.2,0.9,5.0,150.672,446.87,0.4359,0.5,9.5
2016-04-12,51.2,0.9,5.0,154.72,447.73,0.43715,0.5,9.5
2016-04-13,51.2,0.9,5.0,153.499,451.27,0.43275,0.5,9.5
2016-04-14,51.2,0.9,5.0,156.815,451.84,0.43625,0.5,9.5
2016-04-15,51.2,0.9,5.0,152.798,451.04,0.43625,0.5,9.5
2016-04-18,51.2,0.9,5.0,155.745,451.97,0.43875,0.5,9.5
2016-04-19,51.2,0.9,5.0,157.151,454.02,0.44115,0.5,9.5
2016-04-20,51.2,0.9,5.0,161.617,455.95,0.44125,0.5,9.5
2016-04-21,51.2,0.9,5.0,162.705,456.01,0.43885,0.5,9.5
2016-04-22,51.2,0.9,5.0,165.383,457.12,0.43645,0.5,9.5
2016-04-25,51.2,0.9,5.0,165.844,456.91,0.43695,0.5,9.5
2016-04-26,51.2,0.9,5.0,167.785,455.53,0.4377,0.5,9.5
2016-04-27,51.2,0.9,5.0,161.169,454.29,0.4352,0.5,9.5
2016-04-28,51.2,0.9,5.0,161.067,454.28,0.4388,0.5,9.5
2016-04-29,51.2,0.9,5.0,161.967,456.43,0.43575,0.5,9.5
2016-05-02,51.1,1.1,5.0,167.908,456.26,0.43575,0.5,-1.6
2016-05-03,51.1,1.1,5.0,159.46,454.6,0.4359,0.5,-1.6
2016-05-04,51.1,1.1,5.0,158.192,454.21,0.4359,0.5,-1.6
2016-05-05,51.1,1.1,5.0,155.207,452.79,0.43715,0.5,-1.6
2016-05-06,51.1,1.1,5.0,157.875,452.75,0.4379,0.5,-1.6
2016-05-09,51.1,1.1,5.0,153.203,454.29,0.43865,0.5,-1.6
2016-05-10,51.1,1.1,5.0,151.207,454.02,0.4373,0.5,-1.6
2016-05-11,51.1,1.1,5.0,147.731,453.99,0.43465,0.5,-1.6
2016-05-12,51.1,1.1,5.0,148.199,453.18,0.43445,0.5,-1.6
2016-05-13,51.1,1.1,5.0,143.048,453.45,0.43395,0.5,-1.6
2016-05-16,51.1,1.1,5.0,148.375,453.88,0.4362,0.5,-1.6
2016-05-17,51.1,1.1,5.0,148.237,454.6,0.4387,0.5,-1.6
2016-05-18,51.1,1.1,5.0,155.371,453.59,0.43845,0.5,-1.6
2016-05-19,51.1,1.1,5.0,154.345,450.89,0.443,0.5,-1.6
2016-05-20,51.1,1.1,5.0,152.809,450.57,0.44325,0.5,-1.6
2016-05-23,51.1,1.1,5.0,150.939,449.95,0.446,0.5,-1.6
2016-05-24,51.1,1.1,5.0,151.184,448.2,0.4442,0.5,-1.6
2016-05-25,51.1,1.1,5.0,153.576,447.07,0.4497,0.5,-1.6
2016-05-26,51.1,1.1,5.0,153.311,448.26,0.45445,0.5,-1.6
2016-05-27,51.1,1.1,5.0,153.562,450.3,0.45665,0.5,-1.6
2016-05-30,51.1,1.1,5.0,153.562,450.3,0.45665,0.5,-1.6
2016-05-31,50.9,1.0,4.8,155.589,451.54,0.46885,0.5,-5.1
2016-06-01,50.9,1.0,4.8,154.118,450.21,0.46955,0.5,-5.1
2016-06-02,50.9,1.0,4.8,152.165,449.89,0.46305,0.5,-5.1
2016-06-03,50.9,1.0,4.8,141.635,453.32,0.4648,0.5,-5.1
2016-06-06,50.9,1.0,4.8,147.29,455.12,0.44705,0.5,-5.1
2016-06-07,50.9,1.0,4.8,144.884,454.45,0.4458,0.5,-5.1
2016-06-08,50.9,1.0,4.8,146.38,455.15,0.4453,0.5,-5.1
2016-06-09,50.9,1.0,4.8,143.309,451.78,0.44705,0.5,-5.1
2016-06-10,50.9,1.0,4.8,139.182,451.93,0.44655,0.5,-5.1
2016-06-13,50.9,1.0,4.8,135.086,454.76,0.44205,0.5,-5.1
2016-06-14,50.9,1.0,4.8,134.166,452.44,0.4423,0.5,-5.1
2016-06-15,50.9,1.0,4.8,131.257,451.56,0.44605,0.5,-5.1
2016-06-16,50.9,1.0,4.8,131.938,451.72,0.44805,0.5,-5.1
2016-06-17,50.9,1.0,4.8,135.52,451.77,0.4478,0.5,-5.1
2016-06-20,50.9,1.0,4.8,143.428,450.81,0.44805,0.5,-5.1
2016-06-21,50.9,1.0,4.8,143.196,450.97,0.4508,0.5,-5.1
2016-06-22,50.9,1.0,4.8,141.632,450.8,0.45205,0.5,-5.1
2016-06-23,50.9,1.0,4.8,145.665,452.68,0.4533,0.5,-5.1
2016-06-24,50.9,1.0,4.8,130.625,450.52,0.4493,0.5,-5.1
2016-06-27,50.9,1.0,4.8,118.917,449.57,0.4588,0.5,-5.1
2016-06-28,50.9,1.0,4.8,120.767,450.7,0.4603,0.5,-5.1
2016-06-29,50.9,1.0,4.8,125.174,452.15,0.46655,0.5,-5.1
2016-06-30,52.5,1.0,4.9,120.59,451.31,0.46505,0.5,4.2
2016-07-01,52.5,1.0,4.9,118.713,453.47,0.46755,0.5,4.2
2016-07-04,52.5,1.0,4.9,118.544,453.47,0.46955,0.5,4.2
2016-07-05,52.5,1.0,4.9,112.647,453.75,0.4703,0.5,4.2
2016-07-06,52.5,1.0,4.9,109.43,453.58,0.47255,0.5,4.2
2016-07-07,52.5,1.0,4.9,109.58,450.48,0.4743,0.5,4.2
2016-07-08,52.5,1.0,4.9,107.889,451.7,0.4758,0.5,4.2
2016-07-11,52.5,1.0,4.9,114.112,453.6,0.47785,0.5,4.2
2016-07-12,52.5,1.0,4.9,121.498,454.83,0.47935,0.5,4.2
2016-07-13,52.5,1.0,4.9,116.902,458.85,0.48135,0.5,4.2
2016-07-14,52.5,1.0,4.9,122.018,460.74,0.4821,0.5,4.2
2016-07-15,52.5,1.0,4.9,124.743,460.86,0.4833,0.5,4.2
2016-07-18,52.5,1.0,4.9,128.17,460.66,0.48655,0.5,4.2
2016-07-19,52.5,1.0,4.9,123.806,459.57,0.4853,0.5,4.2
2016-07-20,52.5,1.0,4.9,125.538,459.47,0.4874,0.5,4.2
2016-07-21,52.5,1.0,4.9,124.146,460.02,0.4879,0.5,4.2
2016-07-22,52.5,1.0,4.9,124.665,459.7,0.4904,0.5,4.2
2016-07-25,52.5,1.0,4.9,126.368,459.38,0.4909,0.5,4.2
2016-07-26,52.5,1.0,4.9,125.16,459.95,0.49265,0.5,4.2
2016-07-27,52.5,1.0,4.9,121.352,460.01,0.49565,0.5,4.2
2016-07-28,52.5,1.0,4.9,126.094,458.05,0.4939,0.5,4.2
2016-07-29,52.5,1.0,4.9,119.439,458.72,0.4959,0.5,4.2
2016-08-01,52.9,0.8,4.8,126.274,458.82,0.4939,0.5,1.6
2016-08-02,52.9,0.8,4.8,128.185,459.87,0.4939,0.5,1.6
2016-08-03,52.9,0.8,4.8,126.807,459.74,0.4969,0.5,1.6
2016-08-04,52.9,0.8,4.8,124.207,460.27,0.4984,0.5,1.6
2016-08-05,52.9,0.8,4.8,132.474,460.89,0.5039,0.5,1.6
2016-08-08,52.9,0.8,4.8,132.819,460.91,0.5119,0.5,1.6
2016-08-09,52.9,0.8,4.8,126.218,458.96,0.51315,0.5,1.6
2016-08-10,52.9,0.8,4.8,122.258,458.45,0.51765,0.5,1.6
2016-08-11,52.9,0.8,4.8,127.441,458.12,0.50765,0.5,1.6
2016-08-12,52.9,0.8,4.8,123.375,455.84,0.50665,0.5,1.6
2016-08-15,52.9,0.8,4.8,126.764,454.58,0.50744,0.5,1.6
2016-08-16,52.9,0.8,4.8,129.559,454.55,0.50744,0.5,1.6
2016-08-17,52.9,0.8,4.8,124.98,454.99,0.51411,0.5,1.6
2016-08-18,52.9,0.8,4.8,123.623,455.38,0.51244,0.5,1.6
2016-08-19,52.9,0.8,4.8,127.372,455.79,0.52106,0.5,1.6
2016-08-22,52.9,0.8,4.8,124.814,455.31,0.52217,0.5,1.6
2016-08-23,52.9,0.8,4.8,124.138,455.12,0.52439,0.5,1.6
2016-08-24,52.9,0.8,4.8,124.148,455.19,0.51994,0.5,1.6
2016-08-25,52.9,0.8,4.8,125.006,455.25,0.52383,0.5,1.6
2016-08-26,52.9,0.8,4.8,130.49,455.11,0.52439,0.5,1.6
2016-08-29,52.9,0.8,4.8,124.494,455.11,0.52439,0.5,1.6
2016-08-30,52.9,0.8,4.8,123.653,454.48,0.52322,0.5,1.6
2016-08-31,49.6,1.1,4.9,124.513,454.2,0.52489,0.5,6.5
2016-09-01,49.6,1.1,4.9,123.827,456.74,0.52294,0.5,6.5
2016-09-02,49.6,1.1,4.9,127.767,456.98,0.52572,0.5,6.5
2016-09-05,49.6,1.1,4.9,127.767,456.98,0.51933,0.5,6.5
2016-09-06,49.6,1.1,4.9,121.946,458.51,0.51656,0.5,6.5
2016-09-07,49.6,1.1,4.9,119.824,459.1,0.51322,0.5,6.5
2016-09-08,49.6,1.1,4.9,125.305,459.04,0.51822,0.5,6.5
2016-09-09,49.6,1.1,4.9,133.408,457.66,0.52689,0.5,6.5
2016-09-12,49.6,1.1,4.9,129.656,452.84,0.52772,0.5,6.5
2016-09-13,49.6,1.1,4.9,137.193,453.17,0.52428,0.5,6.5
2016-09-14,49.6,1.1,4.9,137.29,454.91,0.52956,0.5,6.5
2016-09-15,49.6,1.1,4.9,140.155,454.38,0.53094,0.5,6.5
2016-09-16,49.6,1.1,4.9,140.851,454.29,0.53178,0.5,6.5
2016-09-19,49.6,1.1,4.9,145.815,454.39,0.53617,0.5,6.5
2016-09-20,49.6,1.1,4.9,139.497,455.21,0.54306,0.5,6.5
2016-09-21,49.6,1.1,4.9,144.316,456.05,0.54633,0.5,6.5
2016-09-22,49.6,1.1,4.9,144.76,457.21,0.52528,0.5,6.5
2016-09-23,49.6,1.1,4.9,144.596,456.5,0.52222,0.5,6.5
2016-09-26,49.6,1.1,4.9,139.628,456.34,0.52444,0.5,6.5
2016-09-27,49.6,1.1,4.9,129.774,458.53,0.52667,0.5,6.5
2016-09-28,49.6,1.1,4.9,129.292,459.29,0.52438,0.5,6.5
2016-09-29,49.6,1.1,4.9,130.12,460.33,0.52722,0.5,6.5
2016-09-30,51.3,1.5,5.0,131.541,461.48,0.53111,0.5,12.4
2016-10-03,51.3,1.5,5.0,131.771,461.49,0.52833,0.5,12.4
2016-10-04,51.3,1.5,5.0,136.079,462.23,0.52722,0.5,12.4
2016-10-05,51.3,1.5,5.0,137.654,462.88,0.52567,0.5,12.4
2016-10-06,51.3,1.5,5.0,141.159,462.51,0.52956,0.5,12.4
2016-10-07,51.3,1.5,5.0,139.765,461.58,0.529,0.5,12.4
2016-10-10,51.3,1.5,5.0,139.765,462.28,0.52956,0.5,12.4
2016-10-11,51.3,1.5,5.0,142.807,458.93,0.53067,0.5,12.4
2016-10-12,51.3,1.5,5.0,142.416,458.85,0.53456,0.5,12.4
2016-10-13,51.3,1.5,5.0,145.195,457.36,0.53456,0.5,12.4
2016-10-14,51.3,1.5,5.0,150.346,457.3,0.53567,0.5,12.4
2016-10-17,51.3,1.5,5.0,146.161,457.46,0.52789,0.5,12.4
2016-10-18,51.3,1.5,5.0,139.796,458.25,0.52567,0.5,12.4
2016-10-19,51.3,1.5,5.0,140.838,459.51,0.52456,0.5,12.4
2016-10-20,51.3,1.5,5.0,142.077,459.05,0.524,0.5,12.4
2016-10-21,51.3,1.5,5.0,140.491,458.92,0.534,0.5,12.4
2016-10-24,51.3,1.5,5.0,144.002,458.97,0.534,0.5,12.4
2016-10-25,51.3,1.5,5.0,142.109,460.83,0.53589,0.5,12.4
2016-10-26,51.3,1.5,5.0,146.336,462.55,0.53478,0.5,12.4
2016-10-27,51.3,1.5,5.0,156.447,463.34,0.53433,0.5,12.4
2016-10-28,51.3,1.5,5.0,156.091,464.86,0.53267,0.5,12.4
2016-10-31,51.7,1.6,4.9,152.111,464.5,0.53378,0.5,10.2
2016-11-01,51.7,1.6,4.9,147.12,466.56,0.53044,0.5,10.2
2016-11-02,51.7,1.6,4.9,143.621,469.33,0.532,0.5,10.2
2016-11-03,51.7,1.6,4.9,144.009,469.73,0.53256,0.5,10.2
2016-11-04,51.7,1.6,4.9,140.482,472.02,0.53533,0.5,10.2
2016-11-07,51.7,1.6,4.9,141.902,473.62,0.53533,0.5,10.2
2016-11-08,51.7,1.6,4.9,143.173,477.28,0.537,0.5,10.2
2016-11-09,51.7,1.6,4.9,162.575,484.65,0.53644,0.5,10.2
2016-11-10,51.7,1.6,4.9,167.807,487.62,0.53817,0.5,10.2
2016-11-11,51.7,1.6,4.9,167.807,487.95,0.53817,0.5,10.2
2016-11-14,51.7,1.6,4.9,174.372,486.78,0.54206,0.5,10.2
2016-11-15,51.7,1.6,4.9,173.165,486.69,0.55011,0.5,10.2
2016-11-16,51.7,1.6,4.9,176.065,486.59,0.55456,0.5,10.2
2016-11-17,51.7,1.6,4.9,187.127,488.0,0.56178,0.5,10.2
2016-11-18,51.7,1.6,4.9,192.02,486.39,0.566,0.5,10.2
2016-11-21,51.7,1.6,4.9,187.902,488.59,0.56778,0.5,10.2
2016-11-22,51.7,1.6,4.9,182.467,488.75,0.58422,0.5,10.2
2016-11-23,51.7,1.6,4.9,185.236,490.22,0.592,0.5,10.2
2016-11-24,51.7,1.6,4.9,185.236,490.22,0.60256,0.5,10.2
2016-11-25,51.7,1.6,4.9,185.983,489.85,0.60589,0.5,10.2
2016-11-28,51.7,1.6,4.9,184.548,489.73,0.60561,0.5,10.2
2016-11-29,51.7,1.6,4.9,180.878,491.44,0.61672,0.5,10.2
2016-11-30,53.0,1.7,4.7,189.876,493.44,0.62367,0.5,9.6
2016-12-01,53.0,1.7,4.7,197.61,491.23,0.6345,0.5,9.6
2016-12-02,53.0,1.7,4.7,191.802,491.34,0.64667,0.5,9.6
2016-12-05,53.0,1.7,4.7,192.717,491.4,0.65194,0.5,9.6
2016-12-06,53.0,1.7,4.7,189.639,492.38,0.64889,0.5,9.6
2016-12-07,53.0,1.7,4.7,183.756,491.97,0.65417,0.5,9.6
2016-12-08,53.0,1.7,4.7,189.947,492.48,0.66389,0.5,9.6
2016-12-09,53.0,1.7,4.7,192.94,497.69,0.68,0.5,9.6
2016-12-12,53.0,1.7,4.7,196.367,497.43,0.69472,0.5,9.6
2016-12-13,53.0,1.7,4.7,193.325,498.53,0.70389,0.5,9.6
2016-12-14,53.0,1.7,4.7,203.262,498.34,0.70728,0.75,9.6
2016-12-15,53.0,1.7,4.7,209.424,498.63,0.73622,0.75,9.6
2016-12-16,53.0,1.7,4.7,209.423,497.9,0.739,0.75,9.6
2016-12-19,53.0,1.7,4.7,204.587,495.61,0.744,0.75,9.6
2016-12-20,53.0,1.7,4.7,204.593,493.81,0.749,0.75,9.6
2016-12-21,53.0,1.7,4.7,202.717,493.9,0.755,0.75,9.6
2016-12-22,53.0,1.7,4.7,204.392,493.76,0.75611,0.75,9.6
2016-12-23,53.0,1.7,4.7,202.463,492.91,0.76111,0.75,9.6
2016-12-26,53.0,1.7,4.7,202.463,492.91,0.76111,0.75,9.6
2016-12-27,53.0,1.7,4.7,204.187,493.67,0.76111,0.75,9.6
2016-12-28,53.0,1.7,4.7,199.535,493.0,0.77,0.75,9.6
2016-12-29,53.0,1.7,4.7,202.336,493.02,0.77111,0.75,9.6
2016-12-30,53.0,1.7,4.7,194.002,493.21,0.77167,0.75,9.6
2017-01-02,54.3,2.1,4.7,194.185,493.21,0.77167,0.75,21.8
2017-01-03,54.3,2.1,4.7,195.214,493.74,0.77333,0.75,21.8
2017-01-04,54.3,2.1,4.7,190.605,495.14,0.76556,0.75,21.8
2017-01-05,54.3,2.1,4.7,182.657,494.11,0.76556,0.75,21.8
2017-01-06,54.3,2.1,4.7,190.161,495.1,0.76333,0.75,21.8
2017-01-09,54.3,2.1,4.7,186.22,499.29,0.76333,0.75,21.8
2017-01-10,54.3,2.1,4.7,186.301,502.95,0.765,0.75,21.8
2017-01-11,54.3,2.1,4.7,185.947,504.54,0.76722,0.75,21.8
2017-01-12,54.3,2.1,4.7,184.537,504.37,0.76722,0.75,21.8
2017-01-13,54.3,2.1,4.7,186.665,504.96,0.76833,0.75,21.8
2017-01-16,54.3,2.1,4.7,186.848,504.96,0.76778,0.75,21.8
2017-01-17,54.3,2.1,4.7,179.747,503.77,0.76944,0.75,21.8
2017-01-18,54.3,2.1,4.7,190.165,503.38,0.77667,0.75,21.8
2017-01-19,54.3,2.1,4.7,196.628,503.18,0.77639,0.75,21.8
2017-01-20,54.3,2.1,4.7,196.436,504.66,0.77528,0.75,21.8
2017-01-23,54.3,2.1,4.7,190.476,505.36,0.77111,0.75,21.8
2017-01-24,54.3,2.1,4.7,195.763,507.01,0.77333,0.75,21.8
2017-01-25,54.3,2.1,4.7,201.419,507.42,0.77611,0.75,21.8
2017-01-26,54.3,2.1,4.7,200.182,505.84,0.77611,0.75,21.8
2017-01-27,54.3,2.1,4.7,197.168,507.23,0.77833,0.75,21.8
2017-01-30,54.3,2.1,4.7,198.059,504.99,0.78,0.75,21.8
2017-01-31,56.0,2.5,4.7,193.536,506.51,0.77944,0.75,26.0
2017-02-01,56.0,2.5,4.7,196.229,509.22,0.78,0.75,26.0
2017-02-02,56.0,2.5,4.7,197.12,508.92,0.77667,0.75,26.0
2017-02-03,56.0,2.5,4.7,196.232,507.62,0.77556,0.75,26.0
2017-02-06,56.0,2.5,4.7,188.488,505.82,0.77528,0.75,26.0
2017-02-07,56.0,2.5,4.7,187.206,505.34,0.77278,0.75,26.0
2017-02-08,56.0,2.5,4.7,179.821,506.24,0.77167,0.75,26.0
2017-02-09,56.0,2.5,4.7,185.168,504.06,0.77056,0.75,26.0
2017-02-10,56.0,2.5,4.7,186.925,505.55,0.77111,0.75,26.0
2017-02-13,56.0,2.5,4.7,189.78,507.67,0.77,0.75,26.0
2017-02-14,56.0,2.5,4.7,192.667,507.56,0.77,0.75,26.0
2017-02-15,56.0,2.5,4.7,195.515,507.74,0.77222,0.75,26.0
2017-02-16,56.0,2.5,4.7,192.205,506.33,0.78056,0.75,26.0
2017-02-17,56.0,2.5,4.7,189.694,504.93,0.77944,0.75,26.0
2017-02-20,56.0,2.5,4.7,189.694,504.93,0.77722,0.75,26.0
2017-02-21,56.0,2.5,4.7,191.128,506.51,0.77944,0.75,26.0
2017-02-22,56.0,2.5,4.7,189.519,506.2,0.77944,0.75,26.0
2017-02-23,56.0,2.5,4.7,185.931,503.76,0.77833,0.75,26.0
2017-02-24,56.0,2.5,4.7,180.415,504.73,0.78056,0.75,26.0
2017-02-27,56.0,2.5,4.7,185.741,503.7,0.78444,0.75,26.0
2017-02-28,57.6,2.7,4.7,178.067,504.95,0.78889,0.75,37.8
2017-03-01,57.6,2.7,4.7,182.812,506.82,0.81056,0.75,37.8
2017-03-02,57.6,2.7,4.7,181.087,506.22,0.83,0.75,37.8
2017-03-03,57.6,2.7,4.7,177.218,506.76,0.83444,0.75,37.8
2017-03-06,57.6,2.7,4.7,177.355,505.95,0.84667,0.75,37.8
2017-03-07,57.6,2.7,4.7,177.126,504.09,0.85444,0.75,37.8
2017-03-08,57.6,2.7,4.7,183.851,503.64,0.85778,0.75,37.8
2017-03-09,57.6,2.7,4.7,187.073,508.45,0.88139,0.75,37.8
2017-03-10,57.6,2.7,4.7,182.8,507.55,0.89056,0.75,37.8
2017-03-13,57.6,2.7,4.7,187.927,508.75,0.91222,0.75,37.8
2017-03-14,57.6,2.7,4.7,183.328,511.01,0.92833,0.75,37.8
2017-03-15,57.6,2.7,4.7,176.677,511.34,0.94278,1.0,37.8
2017-03-16,57.6,2.7,4.7,181.401,512.98,0.97833,1.0,37.8
2017-03-17,57.6,2.7,4.7,176.922,514.89,0.97611,1.0,37.8
2017-03-20,57.6,2.7,4.7,172.949,514.3,0.97722,1.0,37.8
2017-03-21,57.6,2.7,4.7,165.566,513.49,0.97722,1.0,37.8
2017-03-22,57.6,2.7,4.7,163.296,513.88,0.98389,1.0,37.8
2017-03-23,57.6,2.7,4.7,164.74,513.13,0.98167,1.0,37.8
2017-03-24,57.6,2.7,4.7,164.545,512.18,0.98278,1.0,37.8
2017-03-27,57.6,2.7,4.7,159.939,510.51,0.98222,1.0,37.8
2017-03-28,57.6,2.7,4.7,164.067,513.87,0.98222,1.0,37.8
2017-03-29,57.6,2.7,4.7,159.937,513.81,0.98222,1.0,37.8
2017-03-30,57.6,2.7,4.7,165.785,514.32,0.98278,1.0,37.8
2017-03-31,56.6,2.4,4.4,163.069,514.96,0.98278,1.0,32.2
2017-04-03,56.6,2.4,4.4,155.752,512.28,0.98333,1.0,32.2
2017-04-04,56.6,2.4,4.4,158.337,511.63,0.98611,1.0,32.2
2017-04-05,56.6,2.4,4.4,153.286,512.35,0.98556,1.0,32.2
2017-04-06,56.6,2.4,4.4,153.318,513.26,0.98944,1.0,32.2
2017-04-07,56.6,2.4,4.4,156.445,512.52,0.99,1.0,32.2
2017-04-10,56.6,2.4,4.4,155.848,507.08,0.98833,1.0,32.2
2017-04-11,56.6,2.4,4.4,148.341,505.7,0.99,1.0,32.2
2017-04-12,56.6,2.4,4.4,143.152,503.53,0.99389,1.0,32.2
2017-04-13,56.6,2.4,4.4,142.979,503.31,0.99444,1.0,32.2
2017-04-14,56.6,2.4,4.4,142.979,503.31,0.99444,1.0,32.2
2017-04-17,56.6,2.4,4.4,144.226,504.61,0.99444,1.0,32.2
2017-04-18,56.6,2.4,4.4,136.055,502.88,0.99278,1.0,32.2
2017-04-19,56.6,2.4,4.4,140.992,504.01,0.99111,1.0,32.2
2017-04-20,56.6,2.4,4.4,143.965,501.87,0.98833,1.0,32.2
2017-04-21,56.6,2.4,4.4,147.099,502.49,0.99056,1.0,32.2
2017-04-24,56.6,2.4,4.4,148.074,501.96,0.99111,1.0,32.2
2017-04-25,56.6,2.4,4.4,151.438,502.0,0.99222,1.0,32.2
2017-04-26,56.6,2.4,4.4,148.567,503.38,0.99278,1.0,32.2
2017-04-27,56.6,2.4,4.4,149.2,503.59,0.995,1.0,32.2
2017-04-28,56.6,2.4,4.4,148.283,504.37,0.995,1.0,32.2
2017-05-01,55.8,2.2,4.4,151.038,505.39,0.995,1.0,22.5
2017-05-02,55.8,2.2,4.4,143.185,504.72,0.99278,1.0,22.5
2017-05-03,55.8,2.2,4.4,144.744,503.07,0.99167,1.0,22.5
2017-05-04,55.8,2.2,4.4,147.516,502.07,0.99278,1.0,22.5
2017-05-05,55.8,2.2,4.4,145.97,499.83,0.99444,1.0,22.5
2017-05-08,55.8,2.2,4.4,149.269,499.45,0.99411,1.0,22.5
2017-05-09,55.8,2.2,4.4,149.839,503.16,0.98856,1.0,22.5
2017-05-10,55.8,2.2,4.4,151.991,502.11,0.98856,1.0,22.5
2017-05-11,55.8,2.2,4.4,150.845,504.48,0.98911,1.0,22.5
2017-05-12,55.8,2.2,4.4,145.195,505.15,0.99244,1.0,22.5
2017-05-15,55.8,2.2,4.4,146.445,506.3,1.00078,1.0,22.5
2017-05-16,55.8,2.2,4.4,141.617,505.82,0.99911,1.0,22.5
2017-05-17,55.8,2.2,4.4,133.005,505.53,1.00356,1.0,22.5
2017-05-18,55.8,2.2,4.4,131.489,505.13,1.00994,1.0,22.5
2017-05-19,55.8,2.2,4.4,132.516,504.38,1.01711,1.0,22.5
2017-05-22,55.8,2.2,4.4,135.452,505.79,1.02939,1.0,22.5
2017-05-23,55.8,2.2,4.4,137.041,506.05,1.02356,1.0,22.5
2017-05-24,55.8,2.2,4.4,132.029,506.51,1.03272,1.0,22.5
2017-05-25,55.8,2.2,4.4,133.062,506.84,1.04383,1.0,22.5
2017-05-26,55.8,2.2,4.4,131.675,506.11,1.04467,1.0,22.5
2017-05-29,55.8,2.2,4.4,131.675,506.11,1.04467,1.0,22.5
2017-05-30,55.8,2.2,4.4,128.008,503.78,1.0505,1.0,22.5
2017-05-31,55.5,1.9,4.4,122.708,507.01,1.06033,1.0,34.0
2017-06-01,55.5,1.9,4.4,123.578,506.96,1.07589,1.0,34.0
2017-06-02,55.5,1.9,4.4,118.351,505.64,1.08617,1.0,34.0
2017-06-05,55.5,1.9,4.4,120.608,504.28,1.08422,1.0,34.0
2017-06-06,55.5,1.9,4.4,116.939,502.55,1.08867,1.0,34.0
2017-06-07,55.5,1.9,4.4,118.187,501.57,1.096,1.0,34.0
2017-06-08,55.5,1.9,4.4,119.242,502.22,1.11711,1.0,34.0
2017-06-09,55.5,1.9,4.4,119.948,502.52,1.12711,1.0,34.0
2017-06-12,55.5,1.9,4.4,121.344,502.51,1.13933,1.0,34.0
2017-06-13,55.5,1.9,4.4,120.974,501.97,1.15889,1.0,34.0
2017-06-14,55.5,1.9,4.4,111.928,499.75,1.17167,1.25,34.0
2017-06-15,55.5,1.9,4.4,115.748,499.87,1.20944,1.25,34.0
2017-06-16,55.5,1.9,4.4,114.522,500.52,1.21222,1.25,34.0
2017-06-19,55.5,1.9,4.4,118.181,500.22,1.21389,1.25,34.0
2017-06-20,55.5,1.9,4.4,114.0,499.91,1.21556,1.25,34.0
2017-06-21,55.5,1.9,4.4,117.751,500.65,1.21556,1.25,34.0
2017-06-22,55.5,1.9,4.4,119.236,499.66,1.21611,1.25,34.0
2017-06-23,55.5,1.9,4.4,118.194,501.57,1.22,1.25,34.0
2017-06-26,55.5,1.9,4.4,117.668,502.13,1.22211,1.25,34.0
2017-06-27,55.5,1.9,4.4,119.879,503.41,1.22378,1.25,34.0
2017-06-28,55.5,1.9,4.4,122.16,503.93,1.22611,1.25,34.0
2017-06-29,55.5,1.9,4.4,123.997,505.5,1.22722,1.25,34.0
2017-06-30,56.5,1.6,4.3,128.733,506.35,1.22389,1.25,27.6
2017-07-03,56.5,1.6,4.3,131.829,505.44,1.22689,1.25,27.6
2017-07-04,56.5,1.6,4.3,130.28,505.44,1.22333,1.25,27.6
2017-07-05,56.5,1.6,4.3,127.612,504.76,1.22333,1.25,27.6
2017-07-06,56.5,1.6,4.3,132.909,505.89,1.22444,1.25,27.6
2017-07-07,56.5,1.6,4.3,134.884,505.24,1.22633,1.25,27.6
2017-07-10,56.5,1.6,4.3,133.635,504.63,1.22389,1.25,27.6
2017-07-11,56.5,1.6,4.3,131.856,502.88,1.22389,1.25,27.6
2017-07-12,56.5,1.6,4.3,127.068,503.22,1.22444,1.25,27.6
2017-07-13,56.5,1.6,4.3,130.762,502.6,1.22556,1.25,27.6
2017-07-14,56.5,1.6,4.3,129.519,503.22,1.22611,1.25,27.6
2017-07-17,56.5,1.6,4.3,127.228,504.01,1.22833,1.25,27.6
2017-07-18,56.5,1.6,4.3,120.171,505.09,1.22778,1.25,27.6
2017-07-19,56.5,1.6,4.3,116.138,504.41,1.22889,1.25,27.6
2017-07-20,56.5,1.6,4.3,111.506,504.64,1.22722,1.25,27.6
2017-07-21,56.5,1.6,4.3,107.342,501.38,1.23222,1.25,27.6
2017-07-24,56.5,1.6,4.3,108.095,501.63,1.23278,1.25,27.6
2017-07-25,56.5,1.6,4.3,117.107,504.78,1.23278,1.25,27.6
2017-07-26,56.5,1.6,4.3,116.879,505.52,1.23333,1.25,27.6
2017-07-27,56.5,1.6,4.3,120.906,506.74,1.23389,1.25,27.6
2017-07-28,56.5,1.6,4.3,120.629,506.36,1.23167,1.25,27.6
2017-07-31,56.6,1.7,4.3,121.675,506.33,1.23167,1.25,22.3
2017-08-01,56.6,1.7,4.3,118.067,506.79,1.23167,1.25,22.3
2017-08-02,56.6,1.7,4.3,119.847,506.98,1.23056,1.25,22.3
2017-08-03,56.6,1.7,4.3,113.725,506.69,1.23056,1.25,22.3
2017-08-04,56.6,1.7,4.3,118.193,507.99,1.22889,1.25,22.3
2017-08-07,56.6,1.7,4.3,119.596,508.51,1.22889,1.25,22.3
2017-08-08,56.6,1.7,4.3,120.083,510.65,1.23056,1.25,22.3
2017-08-09,56.6,1.7,4.3,119.423,511.19,1.22889,1.25,22.3
2017-08-10,56.6,1.7,4.3,115.817,510.77,1.22889,1.25,22.3
2017-08-11,56.6,1.7,4.3,115.082,510.74,1.22667,1.25,22.3
2017-08-14,56.6,1.7,4.3,118.943,509.77,1.22778,1.25,22.3
2017-08-15,56.6,1.7,4.3,124.487,508.64,1.22833,1.25,22.3
2017-08-16,56.6,1.7,4.3,120.55,509.89,1.22833,1.25,22.3
2017-08-17,56.6,1.7,4.3,117.903,510.86,1.23056,1.25,22.3
2017-08-18,56.6,1.7,4.3,118.396,512.09,1.2349999999999999,1.25,22.3
2017-08-21,56.6,1.7,4.3,119.595,514.13,1.23556,1.25,22.3
2017-08-22,56.6,1.7,4.3,120.427,514.5,1.23611,1.25,22.3
2017-08-23,56.6,1.7,4.3,116.349,514.87,1.23444,1.25,22.3
2017-08-24,56.6,1.7,4.3,117.359,515.47,1.23389,1.25,22.3
2017-08-25,56.6,1.7,4.3,114.822,514.28,1.23556,1.25,22.3
2017-08-28,56.6,1.7,4.3,112.55,515.95,1.23556,1.25,22.3
2017-08-29,56.6,1.7,4.3,110.129,516.75,1.23889,1.25,22.3
2017-08-30,56.6,1.7,4.3,110.685,517.06,1.23722,1.25,22.3
2017-08-31,58.9,1.9,4.4,111.968,516.96,1.23167,1.25,22.8
2017-09-01,58.9,1.9,4.4,115.064,517.73,1.23056,1.25,22.8
2017-09-04,58.9,1.9,4.4,115.064,517.73,1.23167,1.25,22.8
2017-09-05,58.9,1.9,4.4,104.329,519.51,1.23111,1.25,22.8
2017-09-06,58.9,1.9,4.4,103.975,520.2,1.23222,1.25,22.8
2017-09-07,58.9,1.9,4.4,99.046,518.54,1.2349999999999999,1.25,22.8
2017-09-08,58.9,1.9,4.4,100.377,517.2,1.23611,1.25,22.8
2017-09-11,58.9,1.9,4.4,108.75,517.05,1.23611,1.25,22.8
2017-09-12,58.9,1.9,4.4,112.273,515.01,1.23667,1.25,22.8
2017-09-13,58.9,1.9,4.4,114.379,512.32,1.23444,1.25,22.8
2017-09-14,58.9,1.9,4.4,113.519,511.74,1.23444,1.25,22.8
2017-09-15,58.9,1.9,4.4,116.682,509.92,1.23722,1.25,22.8
2017-09-18,58.9,1.9,4.4,120.728,511.02,1.23611,1.25,22.8
2017-09-19,58.9,1.9,4.4,120.007,512.23,1.23722,1.25,22.8
2017-09-20,58.9,1.9,4.4,122.566,512.3,1.23556,1.25,22.8
2017-09-21,58.9,1.9,4.4,123.456,511.31,1.23722,1.25,22.8
2017-09-22,58.9,1.9,4.4,122.08,511.0,1.23833,1.25,22.8
2017-09-25,58.9,1.9,4.4,120.094,511.91,1.23667,1.25,22.8
2017-09-26,58.9,1.9,4.4,117.081,511.45,1.23444,1.25,22.8
2017-09-27,58.9,1.9,4.4,124.927,511.01,1.2349999999999999,1.25,22.8
2017-09-28,58.9,1.9,4.4,125.135,510.87,1.2349999999999999,1.25,22.8
2017-09-29,58.9,1.9,4.4,127.522,510.5,1.23222,1.25,22.8
2017-10-02,60.0,2.2,4.2,130.663,508.95,1.23333,1.25,24.2
2017-10-03,60.0,2.2,4.2,126.182,509.17,1.2377799999999999,1.25,24.2
2017-10-04,60.0,2.2,4.2,125.371,510.06,1.2377799999999999,1.25,24.2
2017-10-05,60.0,2.2,4.2,128.062,511.87,1.2377799999999999,1.25,24.2
2017-10-06,60.0,2.2,4.2,129.033,510.47,1.2349999999999999,1.25,24.2
2017-10-09,60.0,2.2,4.2,129.033,506.09,1.23722,1.25,24.2
2017-10-10,60.0,2.2,4.2,127.818,506.6,1.2377799999999999,1.25,24.2
2017-10-11,60.0,2.2,4.2,125.524,506.99,1.23889,1.25,24.2
2017-10-12,60.0,2.2,4.2,123.882,506.44,1.23889,1.25,24.2
2017-10-13,60.0,2.2,4.2,120.062,504.96,1.23667,1.25,24.2
2017-10-16,60.0,2.2,4.2,122.595,505.79,1.23666,1.25,24.2
2017-10-17,60.0,2.2,4.2,119.925,504.9,1.23777,1.25,24.2
2017-10-18,60.0,2.2,4.2,125.36,498.07,1.23888,1.25,24.2
2017-10-19,60.0,2.2,4.2,122.491,497.98,1.23888,1.25,24.2
2017-10-20,60.0,2.2,4.2,127.896,495.53,1.23788,1.25,24.2
2017-10-23,60.0,2.2,4.2,127.116,497.76,1.23788,1.25,24.2
2017-10-24,60.0,2.2,4.2,130.307,497.48,1.23955,1.25,24.2
2017-10-25,60.0,2.2,4.2,132.35,498.45,1.23999,1.25,24.2
2017-10-26,60.0,2.2,4.2,135.27,497.72,1.24166,1.25,24.2
2017-10-27,60.0,2.2,4.2,130.348,497.39,1.24233,1.25,24.2
2017-10-30,60.0,2.2,4.2,126.552,495.83,1.24214,1.25,24.2
2017-10-31,58.4,2.0,4.1,124.562,496.27,1.24333,1.25,26.6
2017-11-01,58.4,2.0,4.1,120.785,497.97,1.24333,1.25,26.6
2017-11-02,58.4,2.0,4.1,117.826,499.03,1.24212,1.25,26.6
2017-11-03,58.4,2.0,4.1,115.816,497.72,1.24322,1.25,26.6
2017-11-06,58.4,2.0,4.1,113.179,497.99,1.24424,1.25,26.6
2017-11-07,58.4,2.0,4.1,110.3,498.17,1.24389,1.25,26.6
2017-11-08,58.4,2.0,4.1,110.377,498.94,1.24606,1.25,26.6
2017-11-09,58.4,2.0,4.1,110.853,498.24,1.24494,1.25,26.6
2017-11-10,58.4,2.0,4.1,117.309,499.19,1.24606,1.25,26.6
2017-11-13,58.4,2.0,4.1,118.791,501.02,1.25028,1.25,26.6
2017-11-14,58.4,2.0,4.1,112.837,499.65,1.2635,1.25,26.6
2017-11-15,58.4,2.0,4.1,107.63,498.31,1.266,1.25,26.6
2017-11-16,58.4,2.0,4.1,110.911,498.05,1.28267,1.25,26.6
2017-11-17,58.4,2.0,4.1,107.737,498.14,1.28719,1.25,26.6
2017-11-20,58.4,2.0,4.1,109.795,499.11,1.2941799999999999,1.25,26.6
2017-11-21,58.4,2.0,4.1,107.175,499.07,1.31287,1.25,26.6
2017-11-22,58.4,2.0,4.1,102.955,499.95,1.3275000000000001,1.25,26.6
2017-11-23,58.4,2.0,4.1,102.955,499.95,1.32862,1.25,26.6
2017-11-24,58.4,2.0,4.1,107.063,501.72,1.33756,1.25,26.6
2017-11-27,58.4,2.0,4.1,107.69,501.09,1.34676,1.25,26.6
2017-11-28,58.4,2.0,4.1,104.605,500.17,1.34978,1.25,26.6
2017-11-29,58.4,2.0,4.1,109.384,499.89,1.36069,1.25,26.6
2017-11-30,57.7,2.2,4.2,114.597,499.43,1.37188,1.25,23.9
2017-12-01,57.7,2.2,4.2,109.544,500.29,1.37938,1.25,23.9
2017-12-04,57.7,2.2,4.2,109.601,500.37,1.39181,1.25,23.9
2017-12-05,57.7,2.2,4.2,104.632,498.28,1.40319,1.25,23.9
2017-12-06,57.7,2.2,4.2,104.923,497.79,1.4068800000000001,1.25,23.9
2017-12-07,57.7,2.2,4.2,107.424,498.05,1.43185,1.25,23.9
2017-12-08,57.7,2.2,4.2,109.715,505.01,1.44438,1.25,23.9
2017-12-11,57.7,2.2,4.2,109.699,504.78,1.4595099999999999,1.25,23.9
2017-12-12,57.7,2.2,4.2,107.102,504.86,1.47195,1.25,23.9
2017-12-13,57.7,2.2,4.2,104.018,505.74,1.47703,1.5,23.9
2017-12-14,57.7,2.2,4.2,103.972,506.58,1.49078,1.5,23.9
2017-12-15,57.7,2.2,4.2,103.075,508.38,1.495,1.5,23.9
2017-12-18,57.7,2.2,4.2,104.904,508.25,1.5011299999999999,1.5,23.9
2017-12-19,57.7,2.2,4.2,109.602,508.61,1.51113,1.5,23.9
2017-12-20,57.7,2.2,4.2,111.85,509.48,1.53488,1.5,23.9
2017-12-21,57.7,2.2,4.2,113.218,510.87,1.55213,1.5,23.9
2017-12-22,57.7,2.2,4.2,115.12,511.46,1.56375,1.5,23.9
2017-12-25,57.7,2.2,4.2,115.12,511.46,1.56375,1.5,23.9
2017-12-26,57.7,2.2,4.2,113.566,511.91,1.56375,1.5,23.9
2017-12-27,57.7,2.2,4.2,97.085,513.06,1.569,1.5,23.9
2017-12-28,57.7,2.2,4.2,104.693,514.14,1.56775,1.5,23.9
2017-12-29,57.7,2.2,4.2,101.695,514.46,1.56425,1.5,23.9
2018-01-01,59.4,2.1,4.1,101.695,514.46,1.56425,1.5,27.8
2018-01-02,59.4,2.1,4.1,106.468,515.76,1.56175,1.5,27.8
2018-01-03,59.4,2.1,4.1,104.81,517.07,1.55688,1.5,27.8
2018-01-04,59.4,2.1,4.1,104.853,517.28,1.5550000000000002,1.5,27.8
2018-01-05,59.4,2.1,4.1,107.244,516.78,1.5525,1.5,27.8
2018-01-08,59.4,2.1,4.1,106.597,516.96,1.55375,1.5,27.8
2018-01-09,59.4,2.1,4.1,112.085,522.19,1.55375,1.5,27.8
2018-01-10,59.4,2.1,4.1,113.23,523.49,1.55375,1.5,27.8
2018-01-11,59.4,2.1,4.1,110.463,525.02,1.55945,1.5,27.8
2018-01-12,59.4,2.1,4.1,110.337,524.13,1.5594700000000001,1.5,27.8
2018-01-15,59.4,2.1,4.1,110.154,524.13,1.55614,1.5,27.8
2018-01-16,59.4,2.1,4.1,111.292,523.99,1.55613,1.5,27.8
2018-01-17,59.4,2.1,4.1,114.367,522.58,1.5575,1.5,27.8
2018-01-18,59.4,2.1,4.1,119.35,523.03,1.56118,1.5,27.8
2018-01-19,59.4,2.1,4.1,122.476,523.33,1.56128,1.5,27.8
2018-01-22,59.4,2.1,4.1,122.584,524.4,1.56014,1.5,27.8
2018-01-23,59.4,2.1,4.1,117.324,522.72,1.56135,1.5,27.8
2018-01-24,59.4,2.1,4.1,121.184,524.6,1.5613700000000001,1.5,27.8
2018-01-25,59.4,2.1,4.1,119.255,525.16,1.5669300000000002,1.5,27.8
2018-01-26,59.4,2.1,4.1,123.568,526.62,1.5677699999999999,1.5,27.8
2018-01-29,59.4,2.1,4.1,128.214,526.1,1.57345,1.5,27.8
2018-01-30,59.4,2.1,4.1,126.98,525.21,1.5747,1.5,27.8
2018-01-31,59.6,2.1,4.1,124.224,526.19,1.5796999999999999,1.5,24.8
2018-02-01,59.6,2.1,4.1,130.138,525.91,1.57946,1.5,24.8
2018-02-02,59.6,2.1,4.1,135.559,525.37,1.57957,1.5,24.8
2018-02-05,59.6,2.1,4.1,121.758,525.45,1.58007,1.5,24.8
2018-02-06,59.6,2.1,4.1,128.073,524.94,1.57926,1.5,24.8
2018-02-07,59.6,2.1,4.1,128.881,523.57,1.57932,1.5,24.8
2018-02-08,59.6,2.1,4.1,127.444,522.19,1.58077,1.5,24.8
2018-02-09,59.6,2.1,4.1,128.652,520.16,1.5832000000000002,1.5,24.8
2018-02-12,59.6,2.1,4.1,127.598,520.65,1.5875,1.5,24.8
2018-02-13,59.6,2.1,4.1,123.375,521.69,1.5875,1.5,24.8
2018-02-14,59.6,2.1,4.1,132.189,523.29,1.58813,1.5,24.8
2018-02-15,59.6,2.1,4.1,131.142,523.86,1.5899999999999999,1.5,24.8
2018-02-16,59.6,2.1,4.1,127.714,525.39,1.59375,1.5,24.8
2018-02-19,59.6,2.1,4.1,127.714,525.39,1.5956299999999999,1.5,24.8
2018-02-20,59.6,2.1,4.1,128.417,524.54,1.5956299999999999,1.5,24.8
2018-02-21,59.6,2.1,4.1,130.076,525.73,1.60251,1.5,24.8
2018-02-22,59.6,2.1,4.1,128.175,526.07,1.6207,1.5,24.8
2018-02-23,59.6,2.1,4.1,122.212,526.52,1.6312,1.5,24.8
2018-02-26,59.6,2.1,4.1,121.857,527.12,1.6480000000000001,1.5,24.8
2018-02-27,59.6,2.1,4.1,122.802,526.43,1.66418,1.5,24.8
2018-02-28,60.7,2.2,4.1,120.108,525.96,1.67007,1.5,28.1
2018-03-01,60.7,2.2,4.1,118.675,525.76,1.6862,1.5,28.1
2018-03-02,60.7,2.2,4.1,121.534,525.02,1.6905000000000001,1.5,28.1
2018-03-05,60.7,2.2,4.1,121.656,526.74,1.7017,1.5,28.1
2018-03-06,60.7,2.2,4.1,120.884,524.41,1.71131,1.5,28.1
2018-03-07,60.7,2.2,4.1,120.017,524.61,1.71794,1.5,28.1
2018-03-08,60.7,2.2,4.1,119.768,529.14,1.73957,1.5,28.1
2018-03-09,60.7,2.2,4.1,122.437,528.74,1.7503199999999999,1.5,28.1
2018-03-12,60.7,2.2,4.1,118.605,527.57,1.76495,1.5,28.1
2018-03-13,60.7,2.2,4.1,111.655,528.12,1.7766,1.5,28.1
2018-03-14,60.7,2.2,4.1,106.043,528.43,1.7863799999999999,1.5,28.1
2018-03-15,60.7,2.2,4.1,105.868,527.87,1.8082,1.5,28.1
2018-03-16,60.7,2.2,4.1,106.776,526.7,1.82207,1.5,28.1
2018-03-19,60.7,2.2,4.1,109.418,525.67,1.84067,1.5,28.1
2018-03-20,60.7,2.2,4.1,110.081,525.2,1.85382,1.5,28.1
2018-03-21,60.7,2.2,4.1,113.154,524.51,1.86125,1.75,28.1
2018-03-22,60.7,2.2,4.1,110.371,523.55,1.8715000000000002,1.75,28.1
2018-03-23,60.7,2.2,4.1,108.792,522.77,1.875,1.75,28.1
2018-03-26,60.7,2.2,4.1,110.344,521.54,1.8768799999999999,1.75,28.1
2018-03-27,60.7,2.2,4.1,100.833,522.23,1.8768799999999999,1.75,28.1
2018-03-28,60.7,2.2,4.1,105.479,522.48,1.8868800000000001,1.75,28.1
2018-03-29,60.7,2.2,4.1,102.606,522.66,1.88313,1.75,28.1
2018-03-30,60.7,2.2,4.1,102.606,522.66,1.88313,1.75,28.1
2018-04-02,59.3,2.4,4.0,100.684,523.16,1.88313,1.75,23.8
2018-04-03,59.3,2.4,4.0,102.625,524.07,1.8775,1.75,23.8
2018-04-04,59.3,2.4,4.0,110.23,521.0,1.89063,1.75,23.8
2018-04-05,59.3,2.4,4.0,112.147,522.98,1.89519,1.75,23.8
2018-04-06,59.3,2.4,4.0,105.808,522.64,1.89713,1.75,23.8
2018-04-09,59.3,2.4,4.0,106.109,525.53,1.89713,1.75,23.8
2018-04-10,59.3,2.4,4.0,107.489,525.96,1.89438,1.75,23.8
2018-04-11,59.3,2.4,4.0,105.486,525.78,1.8956300000000001,1.75,23.8
2018-04-12,59.3,2.4,4.0,108.693,524.56,1.89688,1.75,23.8
2018-04-13,59.3,2.4,4.0,107.037,523.32,1.8955,1.75,23.8
2018-04-16,59.3,2.4,4.0,108.325,522.44,1.89426,1.75,23.8
2018-04-17,59.3,2.4,4.0,103.858,522.75,1.8956300000000001,1.75,23.8
2018-04-18,59.3,2.4,4.0,105.735,523.71,1.89707,1.75,23.8
2018-04-19,59.3,2.4,4.0,109.193,524.39,1.89826,1.75,23.8
2018-04-20,59.3,2.4,4.0,115.021,526.62,1.89695,1.75,23.8
2018-04-23,59.3,2.4,4.0,115.25,524.88,1.89711,1.75,23.8
2018-04-24,59.3,2.4,4.0,114.307,522.51,1.89826,1.75,23.8
2018-04-25,59.3,2.4,4.0,117.461,525.89,1.89988,1.75,23.8
2018-04-26,59.3,2.4,4.0,116.303,524.95,1.90076,1.75,23.8
2018-04-27,59.3,2.4,4.0,114.427,521.3,1.90701,1.75,23.8
2018-04-30,57.9,2.5,3.9,114.835,521.81,1.9093200000000001,1.75,23.4
2018-05-01,57.9,2.5,3.9,111.814,522.41,1.90875,1.75,23.4
2018-05-02,57.9,2.5,3.9,113.806,521.31,1.91713,1.75,23.4
2018-05-03,57.9,2.5,3.9,111.509,521.24,1.9226999999999999,1.75,23.4
2018-05-04,57.9,2.5,3.9,111.413,521.7,1.9277,1.75,23.4
2018-05-07,57.9,2.5,3.9,111.683,520.41,1.9277,1.75,23.4
2018-05-08,57.9,2.5,3.9,111.184,518.58,1.92851,1.75,23.4
2018-05-09,57.9,2.5,3.9,111.969,519.15,1.92851,1.75,23.4
2018-05-10,57.9,2.5,3.9,107.012,517.28,1.91839,1.75,23.4
2018-05-11,57.9,2.5,3.9,106.493,517.98,1.91871,1.75,23.4
2018-05-14,57.9,2.5,3.9,110.051,517.49,1.9337499999999999,1.75,23.4
2018-05-15,57.9,2.5,3.9,115.957,516.2,1.93875,1.75,23.4
2018-05-16,57.9,2.5,3.9,118.884,517.74,1.935,1.75,23.4
2018-05-17,57.9,2.5,3.9,120.636,518.07,1.94775,1.75,23.4
2018-05-18,57.9,2.5,3.9,115.644,518.6,1.95275,1.75,23.4
2018-05-21,57.9,2.5,3.9,115.26,520.21,1.9612500000000002,1.75,23.4
2018-05-22,57.9,2.5,3.9,112.644,519.83,1.9653800000000001,1.75,23.4
2018-05-23,57.9,2.5,3.9,107.898,518.3,1.9596900000000002,1.75,23.4
2018-05-24,57.9,2.5,3.9,107.467,517.96,1.96827,1.75,23.4
2018-05-25,57.9,2.5,3.9,103.708,518.03,1.97563,1.75,23.4
2018-05-28,57.9,2.5,3.9,103.708,518.03,1.97563,1.75,23.4
2018-05-29,57.9,2.5,3.9,89.191,520.11,1.98031,1.75,23.4
2018-05-30,57.9,2.5,3.9,93.206,520.94,1.98246,1.75,23.4
2018-05-31,58.7,2.8,3.8,95.369,521.64,2.0007,1.75,32.3
2018-06-01,58.7,2.8,3.8,99.249,522.37,2.00468,1.75,32.3
2018-06-04,58.7,2.8,3.8,103.277,521.79,2.01297,1.75,32.3
2018-06-05,58.7,2.8,3.8,98.427,522.27,2.02454,1.75,32.3
2018-06-06,58.7,2.8,3.8,103.092,524.9,2.02961,1.75,32.3
2018-06-07,58.7,2.8,3.8,98.486,527.43,2.04638,1.75,32.3
2018-06-08,58.7,2.8,3.8,102.361,529.4,2.04617,1.75,32.3
2018-06-11,58.7,2.8,3.8,104.201,528.33,2.04738,1.75,32.3
2018-06-12,58.7,2.8,3.8,103.781,530.07,2.05725,1.75,32.3
2018-06-13,58.7,2.8,3.8,103.576,529.27,2.07325,2.0,32.3
2018-06-14,58.7,2.8,3.8,100.467,527.52,2.08506,2.0,32.3
2018-06-15,58.7,2.8,3.8,99.035,525.09,2.08494,2.0,32.3
2018-06-18,58.7,2.8,3.8,98.935,522.78,2.08375,2.0,32.3
2018-06-19,58.7,2.8,3.8,96.35,518.46,2.08788,2.0,32.3
2018-06-20,58.7,2.8,3.8,100.391,519.04,2.08363,2.0,32.3
2018-06-21,58.7,2.8,3.8,96.371,518.55,2.09113,2.0,32.3
2018-06-22,58.7,2.8,3.8,97.754,518.6,2.09775,2.0,32.3
2018-06-25,58.7,2.8,3.8,98.346,517.35,2.10288,2.0,32.3
2018-06-26,58.7,2.8,3.8,95.106,516.46,2.10188,2.0,32.3
2018-06-27,58.7,2.8,3.8,90.01,515.29,2.0935,2.0,32.3
2018-06-28,58.7,2.8,3.8,91.623,514.01,2.09213,2.0,32.3
2018-06-29,58.7,2.8,3.8,93.766,514.72,2.09025,2.0,32.3
2018-07-02,60.0,2.9,4.0,93.593,514.09,2.09994,2.0,20.8
2018-07-03,60.0,2.9,4.0,85.94,513.49,2.08588,2.0,20.8
2018-07-04,60.0,2.9,4.0,85.94,513.49,2.08725,2.0,20.8
2018-07-05,60.0,2.9,4.0,87.558,510.83,2.09713,2.0,20.8
2018-07-06,60.0,2.9,4.0,87.112,510.12,2.08625,2.0,20.8
2018-07-09,60.0,2.9,4.0,89.568,511.95,2.0775,2.0,20.8
2018-07-10,60.0,2.9,4.0,87.492,513.31,2.0665,2.0,20.8
2018-07-11,60.0,2.9,4.0,88.782,509.27,2.07425,2.0,20.8
2018-07-12,60.0,2.9,4.0,87.658,512.06,2.07163,2.0,20.8
2018-07-13,60.0,2.9,4.0,85.091,510.65,2.07325,2.0,20.8
2018-07-16,60.0,2.9,4.0,87.188,509.96,2.0785,2.0,20.8
2018-07-17,60.0,2.9,4.0,85.002,509.12,2.08175,2.0,20.8
2018-07-18,60.0,2.9,4.0,86.698,507.66,2.08625,2.0,20.8
2018-07-19,60.0,2.9,4.0,84.871,507.02,2.081,2.0,20.8
2018-07-20,60.0,2.9,4.0,91.435,507.32,2.069,2.0,20.8
2018-07-23,60.0,2.9,4.0,99.079,508.1,2.06363,2.0,20.8
2018-07-24,60.0,2.9,4.0,95.645,509.11,2.07013,2.0,20.8
2018-07-25,60.0,2.9,4.0,97.744,509.75,2.07688,2.0,20.8
2018-07-26,60.0,2.9,4.0,98.71,510.42,2.07163,2.0,20.8
2018-07-27,60.0,2.9,4.0,96.52,509.98,2.07675,2.0,20.8
2018-07-30,60.0,2.9,4.0,98.391,510.34,2.0815,2.0,20.8
2018-07-31,58.4,2.9,3.9,93.442,511.22,2.08138,2.0,24.3
2018-08-01,58.4,2.9,3.9,98.368,507.24,2.08213,2.0,24.3
2018-08-02,58.4,2.9,3.9,97.866,505.53,2.08019,2.0,24.3
2018-08-03,58.4,2.9,3.9,94.184,505.41,2.07931,2.0,24.3
2018-08-06,58.4,2.9,3.9,92.245,502.91,2.08256,2.0,24.3
2018-08-07,58.4,2.9,3.9,91.943,502.85,2.07113,2.0,24.3
2018-08-08,58.4,2.9,3.9,90.653,503.02,2.06344,2.0,24.3
2018-08-09,58.4,2.9,3.9,87.757,503.58,2.06731,2.0,24.3
2018-08-10,58.4,2.9,3.9,82.533,502.76,2.06675,2.0,24.3
2018-08-13,58.4,2.9,3.9,83.343,499.3,2.06269,2.0,24.3
2018-08-14,58.4,2.9,3.9,82.193,496.49,2.0635,2.0,24.3
2018-08-15,58.4,2.9,3.9,79.865,489.96,2.06,2.0,24.3
2018-08-16,58.4,2.9,3.9,81.261,489.76,2.07738,2.0,24.3
2018-08-17,58.4,2.9,3.9,82.286,490.11,2.0693799999999998,2.0,24.3
2018-08-20,58.4,2.9,3.9,78.145,491.86,2.067,2.0,24.3
2018-08-21,58.4,2.9,3.9,75.303,493.31,2.06588,2.0,24.3
2018-08-22,58.4,2.9,3.9,73.975,494.07,2.066,2.0,24.3
2018-08-23,58.4,2.9,3.9,74.45,492.98,2.06475,2.0,24.3
2018-08-24,58.4,2.9,3.9,71.065,492.86,2.07275,2.0,24.3
2018-08-27,58.4,2.9,3.9,74.175,494.73,2.07275,2.0,24.3
2018-08-28,58.4,2.9,3.9,76.02,495.39,2.07488,2.0,24.3
2018-08-29,58.4,2.9,3.9,75.883,493.31,2.07588,2.0,24.3
2018-08-30,58.4,2.9,3.9,75.553,492.95,2.10375,2.0,24.3
2018-08-31,60.8,2.7,3.8,75.885,491.21,2.11375,2.0,13.0
2018-09-03,60.8,2.7,3.8,75.885,491.21,2.1095,2.0,13.0
2018-09-04,60.8,2.7,3.8,78.436,490.46,2.12031,2.0,13.0
2018-09-05,60.8,2.7,3.8,76.678,488.33,2.1205,2.0,13.0
2018-09-06,60.8,2.7,3.8,74.289,488.21,2.13256,2.0,13.0
2018-09-07,60.8,2.7,3.8,79.873,488.25,2.1310000000000002,2.0,13.0
2018-09-10,60.8,2.7,3.8,80.178,488.27,2.13894,2.0,13.0
2018-09-11,60.8,2.7,3.8,82.458,484.38,2.14794,2.0,13.0
2018-09-12,60.8,2.7,3.8,81.955,482.72,2.13444,2.0,13.0
2018-09-13,60.8,2.7,3.8,82.704,482.06,2.15844,2.0,13.0
2018-09-14,60.8,2.7,3.8,84.303,481.54,2.1646900000000002,2.0,13.0
2018-09-17,60.8,2.7,3.8,83.14,481.84,2.16813,2.0,13.0
2018-09-18,60.8,2.7,3.8,88.629,480.72,2.16525,2.0,13.0
2018-09-19,60.8,2.7,3.8,89.389,480.21,2.18244,2.0,13.0
2018-09-20,60.8,2.7,3.8,89.15,480.07,2.21219,2.0,13.0
2018-09-21,60.8,2.7,3.8,89.201,481.74,2.21581,2.0,13.0
2018-09-24,60.8,2.7,3.8,91.826,481.25,2.21819,2.0,13.0
2018-09-25,60.8,2.7,3.8,88.142,482.66,2.23006,2.0,13.0
2018-09-26,60.8,2.7,3.8,85.111,482.38,2.24219,2.25,13.0
2018-09-27,60.8,2.7,3.8,86.269,481.58,2.2560000000000002,2.25,13.0
2018-09-28,60.8,2.7,3.8,85.714,481.32,2.26056,2.25,13.0
2018-10-01,59.5,2.3,3.7,87.457,481.63,2.26513,2.25,21.4
2018-10-02,59.5,2.3,3.7,84.816,481.99,2.27394,2.25,21.4
2018-10-03,59.5,2.3,3.7,95.878,483.55,2.27925,2.25,21.4
2018-10-04,59.5,2.3,3.7,96.464,482.56,2.28063,2.25,21.4
2018-10-05,59.5,2.3,3.7,101.603,482.42,2.27669,2.25,21.4
2018-10-08,59.5,2.3,3.7,101.603,482.86,2.28406,2.25,21.4
2018-10-09,59.5,2.3,3.7,96.666,483.88,2.28713,2.25,21.4
2018-10-10,59.5,2.3,3.7,89.426,483.45,2.28319,2.25,21.4
2018-10-11,59.5,2.3,3.7,88.64,483.45,2.2795,2.25,21.4
2018-10-12,59.5,2.3,3.7,89.32,483.8,2.27975,2.25,21.4
2018-10-15,59.5,2.3,3.7,87.238,484.37,2.2895,2.25,21.4
2018-10-16,59.5,2.3,3.7,85.606,484.0,2.28713,2.25,21.4
2018-10-17,59.5,2.3,3.7,89.534,483.35,2.282,2.25,21.4
2018-10-18,59.5,2.3,3.7,86.904,483.26,2.27963,2.25,21.4
2018-10-19,59.5,2.3,3.7,88.295,484.35,2.28188,2.25,21.4
2018-10-22,59.5,2.3,3.7,88.886,485.09,2.2865,2.25,21.4
2018-10-23,59.5,2.3,3.7,83.21,484.69,2.28138,2.25,21.4
2018-10-24,59.5,2.3,3.7,76.817,484.15,2.29406,2.25,21.4
2018-10-25,59.5,2.3,3.7,78.668,485.06,2.29494,2.25,21.4
2018-10-26,59.5,2.3,3.7,75.103,484.95,2.29669,2.25,21.4
2018-10-29,59.5,2.3,3.7,77.6,484.23,2.302,2.25,21.4
2018-10-30,59.5,2.3,3.7,79.489,482.47,2.29938,2.25,21.4
2018-10-31,57.5,2.5,3.8,81.52,481.88,2.30688,2.25,19.7
2018-11-01,57.5,2.5,3.8,80.542,482.84,2.31356,2.25,19.7
2018-11-02,57.5,2.5,3.8,88.766,482.52,2.31788,2.25,19.7
2018-11-05,57.5,2.5,3.8,88.159,485.15,2.316,2.25,19.7
2018-11-06,57.5,2.5,3.8,88.183,481.97,2.31688,2.25,19.7
2018-11-07,57.5,2.5,3.8,87.964,483.04,2.31531,2.25,19.7
2018-11-08,57.5,2.5,3.8,88.165,483.48,2.31844,2.25,19.7
2018-11-09,57.5,2.5,3.8,82.942,481.98,2.31438,2.25,19.7
2018-11-12,57.5,2.5,3.8,82.942,484.35,2.30663,2.25,19.7
2018-11-13,57.5,2.5,3.8,79.498,483.55,2.3064999999999998,2.25,19.7
2018-11-14,57.5,2.5,3.8,74.608,484.18,2.31038,2.25,19.7
2018-11-15,57.5,2.5,3.8,74.953,486.67,2.3025,2.25,19.7
2018-11-16,57.5,2.5,3.8,70.76,487.08,2.30088,2.25,19.7
2018-11-19,57.5,2.5,3.8,70.773,488.77,2.30025,2.25,19.7
2018-11-20,57.5,2.5,3.8,67.858,487.6,2.3055,2.25,19.7
2018-11-21,57.5,2.5,3.8,66.09,488.33,2.31513,2.25,19.7
2018-11-22,57.5,2.5,3.8,66.09,488.33,2.31488,2.25,19.7
2018-11-23,57.5,2.5,3.8,63.505,485.96,2.32188,2.25,19.7
2018-11-26,57.5,2.5,3.8,64.976,486.31,2.33675,2.25,19.7
2018-11-27,57.5,2.5,3.8,65.756,482.8,2.34931,2.25,19.7
2018-11-28,57.5,2.5,3.8,67.235,483.38,2.34463,2.25,19.7
2018-11-29,57.5,2.5,3.8,67.152,483.81,2.34925,2.25,19.7
2018-11-30,58.8,2.2,3.7,64.032,485.19,2.34694,2.25,11.9
2018-12-03,58.8,2.2,3.7,62.742,487.63,2.37888,2.25,11.9
2018-12-04,58.8,2.2,3.7,49.617,488.7,2.3795,2.25,11.9
2018-12-05,58.8,2.2,3.7,49.617,487.54,2.38325,2.25,11.9
2018-12-06,58.8,2.2,3.7,48.851,486.12,2.38694,2.25,11.9
2018-12-07,58.8,2.2,3.7,45.132,487.26,2.40019,2.25,11.9
2018-12-10,58.8,2.2,3.7,47.601,486.05,2.4205,2.25,11.9
2018-12-11,58.8,2.2,3.7,47.682,487.79,2.43238,2.25,11.9
2018-12-12,58.8,2.2,3.7,47.934,488.1,2.44013,2.25,11.9
2018-12-13,58.8,2.2,3.7,49.845,488.21,2.45513,2.25,11.9
2018-12-14,58.8,2.2,3.7,47.016,486.18,2.455,2.25,11.9
2018-12-17,58.8,2.2,3.7,46.861,486.18,2.46963,2.25,11.9
2018-12-18,58.8,2.2,3.7,42.811,484.61,2.47013,2.25,11.9
2018-12-19,58.8,2.2,3.7,35.54,484.79,2.47938,2.5,11.9
2018-12-20,58.8,2.2,3.7,41.931,483.82,2.50375,2.5,11.9
2018-12-21,58.8,2.2,3.7,40.42,482.37,2.50625,2.5,11.9
2018-12-24,58.8,2.2,3.7,35.335,481.67,2.50563,2.5,11.9
2018-12-25,58.8,2.2,3.7,32.839,481.67,2.50563,2.5,11.9
2018-12-26,58.8,2.2,3.7,37.764,482.4,2.50563,2.5,11.9
2018-12-27,58.8,2.2,3.7,35.706,481.11,2.52238,2.5,11.9
2018-12-28,58.8,2.2,3.7,33.475,481.58,2.51988,2.5,11.9
2018-12-31,54.3,1.9,3.9,31.469,480.43,2.50269,2.5,9.1
2019-01-01,54.3,1.9,3.9,23.586,480.43,2.50269,2.5,9.1
2019-01-02,54.3,1.9,3.9,20.044,479.26,2.50713,2.5,9.1
2019-01-03,54.3,1.9,3.9,14.647,478.93,2.51275,2.5,9.1
2019-01-04,54.3,1.9,3.9,25.606,481.25,2.52056,2.5,9.1
2019-01-07,54.3,1.9,3.9,28.197,482.05,2.51113,2.5,9.1
2019-01-08,54.3,1.9,3.9,28.733,482.16,2.5155,2.5,9.1
2019-01-09,54.3,1.9,3.9,27.212,479.55,2.51875,2.5,9.1
2019-01-10,54.3,1.9,3.9,30.945,478.62,2.51419,2.5,9.1
2019-01-11,54.3,1.9,3.9,27.883,479.01,2.50894,2.5,9.1
2019-01-14,54.3,1.9,3.9,28.323,479.4,2.51006,2.5,9.1
2019-01-15,54.3,1.9,3.9,27.748,479.46,2.5075,2.5,9.1
2019-01-16,54.3,1.9,3.9,29.674,480.88,2.51325,2.5,9.1
2019-01-17,54.3,1.9,3.9,34.341,481.81,2.503,2.5,9.1
2019-01-18,54.3,1.9,3.9,38.296,476.52,2.5060000000000002,2.5,9.1
2019-01-21,54.3,1.9,3.9,38.296,476.52,2.51225,2.5,9.1
2019-01-22,54.3,1.9,3.9,33.297,475.41,2.519,2.5,9.1
2019-01-23,54.3,1.9,3.9,33.628,476.57,2.51,2.5,9.1
2019-01-24,54.3,1.9,3.9,34.716,476.62,2.50188,2.5,9.1
2019-01-25,54.3,1.9,3.9,37.759,477.78,2.5,2.5,9.1
2019-01-28,54.3,1.9,3.9,35.558,477.78,2.50175,2.5,9.1
2019-01-29,54.3,1.9,3.9,29.993,479.49,2.4988799999999998,2.5,9.1
2019-01-30,54.3,1.9,3.9,25.752,480.21,2.50913,2.5,9.1
2019-01-31,56.6,1.6,4.0,23.253,481.09,2.51375,2.5,17.0
2019-02-01,56.6,1.6,4.0,28.796,480.98,2.5140000000000002,2.5,17.0
2019-02-04,56.6,1.6,4.0,33.771,480.98,2.51313,2.5,17.0
2019-02-05,56.6,1.6,4.0,28.846,481.81,2.51225,2.5,17.0
2019-02-06,56.6,1.6,4.0,27.467,481.15,2.51263,2.5,17.0
2019-02-07,56.6,1.6,4.0,24.767,481.15,2.51688,2.5,17.0
2019-02-08,56.6,1.6,4.0,20.949,480.56,2.50413,2.5,17.0
2019-02-11,56.6,1.6,4.0,22.165,478.61,2.49788,2.5,17.0
2019-02-12,56.6,1.6,4.0,25.734,478.04,2.49375,2.5,17.0
2019-02-13,56.6,1.6,4.0,26.933,477.85,2.48875,2.5,17.0
2019-02-14,56.6,1.6,4.0,22.356,478.42,2.48138,2.5,17.0
2019-02-15,56.6,1.6,4.0,23.575,481.6,2.48038,2.5,17.0
2019-02-18,56.6,1.6,4.0,23.575,481.6,2.48475,2.5,17.0
2019-02-19,56.6,1.6,4.0,20.979,483.43,2.48225,2.5,17.0
2019-02-20,56.6,1.6,4.0,20.162,484.79,2.48113,2.5,17.0
2019-02-21,56.6,1.6,4.0,24.338,485.66,2.48988,2.5,17.0
2019-02-22,56.6,1.6,4.0,20.176,486.42,2.48438,2.5,17.0
2019-02-25,56.6,1.6,4.0,21.271,487.02,2.47913,2.5,17.0
2019-02-26,56.6,1.6,4.0,19.248,486.11,2.493,2.5,17.0
2019-02-27,56.6,1.6,4.0,23.683,486.71,2.48925,2.5,17.0
2019-02-28,54.2,1.5,3.8,27.464,487.29,2.49038,2.5,-4.1
2019-03-01,54.2,1.5,3.8,31.765,488.16,2.48188,2.5,-4.1
2019-03-04,54.2,1.5,3.8,29.03,486.51,2.483,2.5,-4.1
2019-03-05,54.2,1.5,3.8,27.108,488.07,2.48088,2.5,-4.1
2019-03-06,54.2,1.5,3.8,23.747,487.54,2.49175,2.5,-4.1
2019-03-07,54.2,1.5,3.8,18.612,489.24,2.49275,2.5,-4.1
2019-03-08,54.2,1.5,3.8,18.095,488.01,2.4915,2.5,-4.1
2019-03-11,54.2,1.5,3.8,20.729,488.21,2.4988799999999998,2.5,-4.1
2019-03-12,54.2,1.5,3.8,15.575,491.1,2.48863,2.5,-4.1
2019-03-13,54.2,1.5,3.8,17.822,491.61,2.48375,2.5,-4.1
2019-03-14,54.2,1.5,3.8,18.738,490.26,2.48175,2.5,-4.1
2019-03-15,54.2,1.5,3.8,14.473,490.42,2.48175,2.5,-4.1
2019-03-18,54.2,1.5,3.8,16.104,491.12,2.48775,2.5,-4.1
2019-03-19,54.2,1.5,3.8,15.621,491.12,2.48675,2.5,-4.1
2019-03-20,54.2,1.5,3.8,6.011,491.67,2.49063,2.5,-4.1
2019-03-21,54.2,1.5,3.8,7.096,492.62,2.4855,2.5,-4.1
2019-03-22,54.2,1.5,3.8,-1.3639999999999999,491.11,2.4988799999999998,2.5,-4.1
2019-03-25,54.2,1.5,3.8,-4.905,491.43,2.48975,2.5,-4.1
2019-03-26,54.2,1.5,3.8,-3.819,491.58,2.4955,2.5,-4.1
2019-03-27,54.2,1.5,3.8,-6.63,492.06,2.49863,2.5,-4.1
2019-03-28,54.2,1.5,3.8,-2.775,491.5,2.5015,2.5,-4.1
2019-03-29,54.2,1.5,3.8,0.879,494.58,2.4945,2.5,-4.1
2019-04-01,55.3,1.9,3.8,11.763,494.58,2.49338,2.5,13.7
2019-04-02,55.3,1.9,3.8,5.385,493.65,2.47938,2.5,13.7
2019-04-03,55.3,1.9,3.8,9.626,494.62,2.47713,2.5,13.7
2019-04-04,55.3,1.9,3.8,8.745,494.39,2.4735,2.5,13.7
2019-04-05,55.3,1.9,3.8,6.817,491.0,2.47163,2.5,13.7
2019-04-08,55.3,1.9,3.8,10.283,491.47,2.48125,2.5,13.7
2019-04-09,55.3,1.9,3.8,8.052,491.13,2.484,2.5,13.7
2019-04-10,55.3,1.9,3.8,4.75,490.75,2.482,2.5,13.7
2019-04-11,55.3,1.9,3.8,6.95,489.81,2.47263,2.5,13.7
2019-04-12,55.3,1.9,3.8,13.557,491.66,2.47738,2.5,13.7
2019-04-15,55.3,1.9,3.8,14.541,490.48,2.47388,2.5,13.7
2019-04-16,55.3,1.9,3.8,16.513,490.56,2.47975,2.5,13.7
2019-04-17,55.3,1.9,3.8,15.863,491.4,2.48738,2.5,13.7
2019-04-18,55.3,1.9,3.8,14.286,489.27,2.48088,2.5,13.7
2019-04-19,55.3,1.9,3.8,14.286,489.27,2.48088,2.5,13.7
2019-04-22,55.3,1.9,3.8,15.653,489.1,2.48088,2.5,13.7
2019-04-23,55.3,1.9,3.8,12.435,488.67,2.47663,2.5,13.7
2019-04-24,55.3,1.9,3.8,9.56,487.59,2.48338,2.5,13.7
2019-04-25,55.3,1.9,3.8,11.013,488.1,2.4785,2.5,13.7
2019-04-26,55.3,1.9,3.8,8.148,489.76,2.48313,2.5,13.7
2019-04-29,55.3,1.9,3.8,11.116,487.48,2.48588,2.5,13.7
2019-04-30,52.8,2.0,3.6,7.651,488.06,2.4805,2.5,8.5
2019-05-01,52.8,2.0,3.6,8.254,484.17,2.48325,2.5,8.5
2019-05-02,52.8,2.0,3.6,11.385,481.62,2.46713,2.5,8.5
2019-05-03,52.8,2.0,3.6,9.802,482.81,2.46663,2.5,8.5
2019-05-06,52.8,2.0,3.6,5.2620000000000005,481.82,2.46663,2.5,8.5
2019-05-07,52.8,2.0,3.6,3.906,480.42,2.4627499999999998,2.5,8.5
2019-05-08,52.8,2.0,3.6,5.329,475.07,2.45138,2.5,8.5
2019-05-09,52.8,2.0,3.6,1.7349999999999999,473.08,2.45338,2.5,8.5
2019-05-10,52.8,2.0,3.6,4.273,467.73,2.449,2.5,8.5
2019-05-13,52.8,2.0,3.6,-0.74,464.28,2.43963,2.5,8.5
2019-05-14,52.8,2.0,3.6,1.332,465.95,2.43763,2.5,8.5
2019-05-15,52.8,2.0,3.6,-2.878,468.29,2.43238,2.5,8.5
2019-05-16,52.8,2.0,3.6,0.284,468.87,2.44063,2.5,8.5
2019-05-17,52.8,2.0,3.6,0.746,467.98,2.44188,2.5,8.5
2019-05-20,52.8,2.0,3.6,4.012,468.32,2.436,2.5,8.5
2019-05-21,52.8,2.0,3.6,4.807,468.07,2.42963,2.5,8.5
2019-05-22,52.8,2.0,3.6,1.338,466.91,2.437,2.5,8.5
2019-05-23,52.8,2.0,3.6,-3.972,466.83,2.42975,2.5,8.5
2019-05-24,52.8,2.0,3.6,-1.948,467.97,2.42813,2.5,8.5
2019-05-27,52.8,2.0,3.6,-1.948,467.97,2.42813,2.5,8.5
2019-05-28,52.8,2.0,3.6,-8.404,470.46,2.42938,2.5,8.5
2019-05-29,52.8,2.0,3.6,-9.279,467.96,2.4385,2.5,8.5
2019-05-30,52.8,2.0,3.6,-15.78,468.35,2.44,2.5,8.5
2019-05-31,52.1,1.8,3.6,-21.867,467.01,2.4305,2.5,16.6
2019-06-03,52.1,1.8,3.6,-26.097,468.09,2.42988,2.5,16.6
2019-06-04,52.1,1.8,3.6,-21.994,467.86,2.42088,2.5,16.6
2019-06-05,52.1,1.8,3.6,-20.951999999999998,467.21,2.4185,2.5,16.6
2019-06-06,52.1,1.8,3.6,-19.332,467.63,2.41163,2.5,16.6
2019-06-07,52.1,1.8,3.6,-19.595,456.9,2.41213,2.5,16.6
2019-06-10,52.1,1.8,3.6,-12.839,457.6,2.41338,2.5,16.6
2019-06-11,52.1,1.8,3.6,-11.29,457.72,2.41063,2.5,16.6
2019-06-12,52.1,1.8,3.6,-9.948,458.15,2.40113,2.5,16.6
2019-06-13,52.1,1.8,3.6,-8.95,457.86,2.39425,2.5,16.6
2019-06-14,52.1,1.8,3.6,-9.547,456.25,2.38175,2.5,16.6
2019-06-17,52.1,1.8,3.6,-9.182,455.97,2.39025,2.5,16.6
2019-06-18,52.1,1.8,3.6,-16.15,456.45,2.38288,2.5,16.6
2019-06-19,52.1,1.8,3.6,-14.621,456.2,2.38338,2.5,16.6
2019-06-20,52.1,1.8,3.6,-10.762,455.5,2.40363,2.5,16.6
2019-06-21,52.1,1.8,3.6,-6.111,454.59,2.40438,2.5,16.6
2019-06-24,52.1,1.8,3.6,-9.813,455.46,2.40175,2.5,16.6
2019-06-25,52.1,1.8,3.6,-14.1,456.78,2.40413,2.5,16.6
2019-06-26,52.1,1.8,3.6,-10.214,456.03,2.40238,2.5,16.6
2019-06-27,52.1,1.8,3.6,-12.971,454.66,2.40238,2.5,16.6
2019-06-28,52.1,1.8,3.6,-9.457,455.22,2.398,2.5,16.6
