date,Spread
2010-01-01,377.61
2010-01-04,375.762
2010-01-05,369.684
2010-01-06,376.968
2010-01-07,377.681
2010-01-08,378.706
2010-01-11,379.466
2010-01-12,366.916
2010-01-13,373.903
2010-01-14,368.437
2010-01-15,361.955
2010-01-18,361.76
2010-01-19,364.519
2010-01-20,359.867
2010-01-21,354.413
2010-01-22,356.039
2010-01-25,357.974
2010-01-26,355.483
2010-01-27,357.579
2010-01-28,356.23
2010-01-29,351.226
2010-02-01,356.283
2010-02-02,355.016
2010-02-03,361.439
2010-02-04,351.848
2010-02-05,347.71
2010-02-08,346.731
2010-02-09,354.028
2010-02-10,358.715
2010-02-11,362.186
2010-02-12,360.24
2010-02-15,360.051
2010-02-16,356.756
2010-02-17,364.029
2010-02-18,369.15
2010-02-19,367.512
2010-02-22,370.82
2010-02-23,357.066
2010-02-24,357.824
2010-02-25,351.463
2010-02-26,349.39
2010-03-01,348.201
2010-03-02,347.62
2010-03-03,347.922
2010-03-04,346.415
2010-03-05,353.345
2010-03-08,356.752
2010-03-09,354.724
2010-03-10,357.325
2010-03-11,357.899
2010-03-12,355.541
2010-03-15,354.666
2010-03-16,348.588
2010-03-17,348.582
2010-03-18,352.767
2010-03-19,354.202
2010-03-22,351.871
2010-03-23,355.243
2010-03-24,371.643
2010-03-25,374.471
2010-03-26,370.878
2010-03-29,373.54
2010-03-30,370.334
2010-03-31,367.24
2010-04-01,371.32
2010-04-02,378.426
2010-04-05,382.25
2010-04-06,378.412
2010-04-07,368.97
2010-04-08,373.178
2010-04-09,373.228
2010-04-12,370.365
2010-04-13,366.714
2010-04-14,370.602
2010-04-15,367.886
2010-04-16,360.828
2010-04-19,364.819
2010-04-20,365.016
2010-04-21,358.746
2010-04-22,361.908
2010-04-23,365.6
2010-04-26,365.216
2010-04-27,353.949
2010-04-28,360.756
2010-04-29,356.897
2010-04-30,349.588
2010-05-03,351.858
2010-05-04,342.572
2010-05-05,338.961
2010-05-06,328.613
2010-05-07,330.262
2010-05-10,339.242
2010-05-11,336.821
2010-05-12,341.774
2010-05-13,337.056
2010-05-14,330.518
2010-05-17,333.258
2010-05-18,317.759
2010-05-19,320.27
2010-05-20,305.418
2010-05-21,308.248
2010-05-24,304.587
2010-05-25,299.635
2010-05-26,302.504
2010-05-27,319.704
2010-05-28,313.382
2010-05-31,312.947
2010-06-01,310.984
2010-06-02,319.171
2010-06-03,322.582
2010-06-04,307.832
2010-06-07,303.249
2010-06-08,307.091
2010-06-09,307.94
2010-06-10,323.598
2010-06-11,316.244
2010-06-14,319.895
2010-06-15,322.319
2010-06-16,316.763
2010-06-17,309.82
2010-06-18,312.196
2010-06-21,313.07
2010-06-22,304.55
2010-06-23,299.61
2010-06-24,301.316
2010-06-25,297.774
2010-06-28,288.279
2010-06-29,280.382
2010-06-30,275.741
2010-07-01,277.843
2010-07-02,281.345
2010-07-05,280.974
2010-07-06,276.662
2010-07-07,282.491
2010-07-08,288.232
2010-07-09,290.369
2010-07-12,292.258
2010-07-13,297.051
2010-07-14,289.432
2010-07-15,284.341
2010-07-16,277.319
2010-07-19,280.332
2010-07-20,279.475
2010-07-21,272.478
2010-07-22,278.699
2010-07-23,284.605
2010-07-26,283.702
2010-07-27,289.814
2010-07-28,283.564
2010-07-29,283.111
2010-07-30,276.199
2010-08-02,281.764
2010-08-03,276.428
2010-08-04,280.148
2010-08-05,275.784
2010-08-06,267.635
2010-08-09,268.868
2010-08-10,261.101
2010-08-11,253.308
2010-08-12,259.512
2010-08-13,252.123
2010-08-16,240.921
2010-08-17,247.57
2010-08-18,247.874
2010-08-19,242.668
2010-08-20,246.233
2010-08-23,244.474
2010-08-24,233.456
2010-08-25,238.059
2010-08-26,232.72
2010-08-27,250.346
2010-08-30,239.542
2010-08-31,233.312
2010-09-01,243.99
2010-09-02,249.205
2010-09-03,256.9
2010-09-06,257.445
2010-09-07,246.635
2010-09-08,252.239
2010-09-09,262.065
2010-09-10,265.666
2010-09-13,260.78
2010-09-14,253.577
2010-09-15,257.142
2010-09-16,260.746
2010-09-17,258.687
2010-09-20,254.928
2010-09-21,241.422
2010-09-22,240.291
2010-09-23,239.775
2010-09-24,246.175
2010-09-27,239.111
2010-09-28,231.498
2010-09-29,234.425
2010-09-30,235.339
2010-10-01,235.635
2010-10-04,232.543
2010-10-05,235.632
2010-10-06,227.965
2010-10-07,226.544
2010-10-08,227.406
2010-10-11,227.4
2010-10-12,231.3
2010-10-13,229.193
2010-10-14,236.944
2010-10-15,242.151
2010-10-18,236.933
2010-10-19,233.704
2010-10-20,234.363
2010-10-21,242.02
2010-10-22,243.119
2010-10-25,244.347
2010-10-26,250.929
2010-10-27,258.671
2010-10-28,253.159
2010-10-29,248.55
2010-11-01,251.827
2010-11-02,246.568
2010-11-03,244.934
2010-11-04,237.112
2010-11-05,241.25
2010-11-08,243.644
2010-11-09,253.29
2010-11-10,250.209
2010-11-11,251.665
2010-11-12,265.914
2010-11-15,282.932
2010-11-16,270.388
2010-11-17,274.154
2010-11-18,275.894
2010-11-19,273.829
2010-11-22,267.394
2010-11-23,263.37
2010-11-24,275.666
2010-11-25,275.52
2010-11-26,271.09
2010-11-29,266.204
2010-11-30,263.326
2010-12-01,280.481
2010-12-02,284.021
2010-12-03,287.042
2010-12-06,279.217
2010-12-07,298.564
2010-12-08,313.424
2010-12-09,306.564
2010-12-10,319.925
2010-12-13,315.215
2010-12-14,333.269
2010-12-15,339.38
2010-12-16,329.45
2010-12-17,322.334
2010-12-20,323.124
2010-12-21,316.815
2010-12-22,321.284
2010-12-23,325.423
2010-12-24,325.83
2010-12-27,320.051
2010-12-28,333.844
2010-12-29,322.614
2010-12-30,325.402
2010-12-31,317.069
2011-01-03,320.955
2011-01-04,319.062
2011-01-05,332.741
2011-01-06,325.009
2011-01-07,318.566
2011-01-10,314.517
2011-01-11,319.138
2011-01-12,321.99
2011-01-13,315.412
2011-01-14,317.493
2011-01-17,318.093
2011-01-18,321.813
2011-01-19,318.068
2011-01-20,329.049
2011-01-21,325.097
2011-01-24,325.116
2011-01-25,317.512
2011-01-26,325.628
2011-01-27,324.423
2011-01-28,317.834
2011-01-31,322.227
2011-02-01,328.616
2011-02-02,332.39
2011-02-03,340.375
2011-02-04,348.754
2011-02-07,348.48
2011-02-08,358.917
2011-02-09,351.257
2011-02-10,358.385
2011-02-11,351.4
2011-02-14,350.665
2011-02-15,348.149
2011-02-16,350.967
2011-02-17,348.007
2011-02-18,348.747
2011-02-21,349.494
2011-02-22,334.87
2011-02-23,336.497
2011-02-24,332.788
2011-02-25,328.452
2011-02-28,328.909
2011-03-01,325.398
2011-03-02,334.476
2011-03-03,343.147
2011-03-04,337.62
2011-03-07,340.867
2011-03-08,344.009
2011-03-09,337.303
2011-03-10,328.824
2011-03-11,333.027
2011-03-14,327.902
2011-03-15,321.049
2011-03-16,308.26
2011-03-17,317.801
2011-03-18,320.066
2011-03-21,325.6
2011-03-22,323.684
2011-03-23,326.273
2011-03-24,332.642
2011-03-25,335.546
2011-03-28,334.899
2011-03-29,339.019
2011-03-30,334.297
2011-03-31,337.836
2011-04-01,338.32
2011-04-04,338.175
2011-04-05,341.288
2011-04-06,348.873
2011-04-07,350.899
2011-04-08,353.851
2011-04-11,354.86
2011-04-12,344.415
2011-04-13,340.717
2011-04-14,343.132
2011-04-15,334.639
2011-04-18,332.296
2011-04-19,330.921
2011-04-20,335.13
2011-04-21,334.496
2011-04-22,334.184
2011-04-25,331.637
2011-04-26,325.055
2011-04-27,330.379
2011-04-28,327.185
2011-04-29,324.756
2011-05-02,324.768
2011-05-03,322.382
2011-05-04,320.004
2011-05-05,313.902
2011-05-06,314.01
2011-05-09,315.462
2011-05-10,318.655
2011-05-11,314.197
2011-05-12,320.573
2011-05-13,314.6
2011-05-16,312.51
2011-05-17,307.871
2011-05-18,314.047
2011-05-19,312.873
2011-05-20,310.043
2011-05-23,308.136
2011-05-24,306.16
2011-05-25,308.318
2011-05-26,300.994
2011-05-27,302.883
2011-05-30,302.883
2011-05-31,301.348
2011-06-01,289.849
2011-06-02,299.245
2011-06-03,295.377
2011-06-06,297.044
2011-06-07,295.77
2011-06-08,290.397
2011-06-09,295.945
2011-06-10,292.698
2011-06-13,294.402
2011-06-14,304.979
2011-06-15,292.177
2011-06-16,289.272
2011-06-17,291.488
2011-06-20,293.608
2011-06-21,296.158
2011-06-22,296.824
2011-06-23,290.495
2011-06-24,285.435
2011-06-27,291.617
2011-06-28,300.629
2011-06-29,308.729
2011-06-30,314.564
2011-07-01,316.546
2011-07-04,316.546
2011-07-05,312.193
2011-07-06,310.133
2011-07-07,311.574
2011-07-08,300.231
2011-07-11,290.452
2011-07-12,285.507
2011-07-13,288.333
2011-07-14,294.665
2011-07-15,289.909
2011-07-18,292.091
2011-07-19,286.341
2011-07-20,291.069
2011-07-21,297.652
2011-07-22,293.006
2011-07-25,296.606
2011-07-26,288.513
2011-07-27,290.245
2011-07-28,287.263
2011-07-29,270.292
2011-08-01,266.836
2011-08-02,255.382
2011-08-03,260.834
2011-08-04,239.6
2011-08-05,255.217
2011-08-08,229.587
2011-08-09,222.166
2011-08-10,209.424
2011-08-11,232.764
2011-08-12,224.297
2011-08-15,230.318
2011-08-16,221.286
2011-08-17,215.845
2011-08-18,206.071
2011-08-19,206.109
2011-08-22,210.92
2011-08-23,214.62
2011-08-24,230.794
2011-08-25,223.245
2011-08-26,219.372
2011-08-29,225.489
2011-08-30,216.995
2011-08-31,221.16
2011-09-01,211.836
2011-09-02,197.141
2011-09-05,197.141
2011-09-06,196.451
2011-09-07,202.342
2011-09-08,196.688
2011-09-09,191.193
2011-09-12,194.072
2011-09-13,198.898
2011-09-14,198.201
2011-09-15,208.031
2011-09-16,204.62
2011-09-19,194.894
2011-09-20,193.172
2011-09-21,185.085
2011-09-22,171.635
2011-09-23,183.677
2011-09-26,189.855
2011-09-27,195.965
2011-09-28,197.294
2011-09-29,198.434
2011-09-30,189.342
2011-10-03,175.935
2011-10-04,181.903
2011-10-05,188.596
2011-10-06,198.555
2011-10-07,207.052
2011-10-10,207.052
2011-10-11,214.798
2011-10-12,219.323
2011-10-13,216.653
2011-10-14,223.34
2011-10-17,213.307
2011-10-18,215.988
2011-10-19,213.835
2011-10-20,217.193
2011-10-21,220.235
2011-10-24,222.687
2011-10-25,210.216
2011-10-26,219.229
2011-10-27,238.253
2011-10-28,231.548
2011-10-31,212.69
2011-11-01,199.744
2011-11-02,198.373
2011-11-03,207.176
2011-11-04,203.617
2011-11-07,203.591
2011-11-08,207.018
2011-11-09,195.475
2011-11-10,205.521
2011-11-11,205.521
2011-11-14,204.927
2011-11-15,203.838
2011-11-16,199.324
2011-11-17,195.853
2011-11-18,200.872
2011-11-21,194.822
2011-11-22,190.053
2011-11-23,186.697
2011-11-24,186.697
2011-11-25,194.705
2011-11-28,196.209
2011-11-29,197.943
2011-11-30,206.632
2011-12-01,209.027
2011-12-02,203.648
2011-12-05,204.697
2011-12-06,208.747
2011-12-07,202.792
2011-12-08,196.869
2011-12-09,205.946
2011-12-12,201.134
2011-12-13,195.835
2011-12-14,190.61
2011-12-15,191.127
2011-12-16,185.08
2011-12-19,181.298
2011-12-20,191.657
2011-12-21,196.508
2011-12-22,194.592
2011-12-23,202.784
2011-12-26,202.785
2011-12-27,199.84
2011-12-28,191.54
2011-12-29,189.716
2011-12-30,186.435
2012-01-02,186.435
2012-01-03,193.813
2012-01-04,196.528
2012-01-05,198.279
2012-01-06,194.854
2012-01-09,195.107
2012-01-10,195.648
2012-01-11,188.679
2012-01-12,189.576
2012-01-13,184.158
2012-01-16,184.158
2012-01-17,183.46
2012-01-18,187.63
2012-01-19,193.468
2012-01-20,198.223
2012-01-23,201.386
2012-01-24,202.274
2012-01-25,195.733
2012-01-26,188.39
2012-01-27,183.851
2012-01-30,179.652
2012-01-31,174.455
2012-02-01,176.889
2012-02-02,174.33
2012-02-03,184.952
2012-02-06,183.88
2012-02-07,189.035
2012-02-08,190.426
2012-02-09,194.833
2012-02-10,190.313
2012-02-13,187.577
2012-02-14,182.767
2012-02-15,181.905
2012-02-16,188.44
2012-02-17,192.378
2012-02-20,192.378
2012-02-21,199.646
2012-02-22,192.042
2012-02-23,190.839
2012-02-24,188.248
2012-02-27,182.217
2012-02-28,184.958
2012-02-29,189.338
2012-03-01,195.322
2012-03-02,191.12
2012-03-05,194.771
2012-03-06,186.981
2012-03-07,189.766
2012-03-08,193.42
2012-03-09,194.484
2012-03-12,195.518
2012-03-13,204.327
2012-03-14,218.563
2012-03-15,219.645
2012-03-16,221.103
2012-03-19,229.926
2012-03-20,226.597
2012-03-21,220.796
2012-03-22,220.53
2012-03-23,215.886
2012-03-26,217.25
2012-03-27,210.056
2012-03-28,212.175
2012-03-29,209.605
2012-03-30,214.195
2012-04-02,211.938
2012-04-03,222.433
2012-04-04,215.046
2012-04-05,211.024
2012-04-06,198.161
2012-04-09,196.947
2012-04-10,189.932
2012-04-11,195.206
2012-04-12,196.795
2012-04-13,189.929
2012-04-16,190.262
2012-04-17,192.019
2012-04-18,190.751
2012-04-19,189.873
2012-04-20,189.519
2012-04-23,185.95
2012-04-24,189.045
2012-04-25,189.592
2012-04-26,185.024
2012-04-27,184.756
2012-04-30,182.056
2012-05-01,185.543
2012-05-02,184.979
2012-05-03,185.328
2012-05-04,180.577
2012-05-07,179.367
2012-05-08,174.699
2012-05-09,173.464
2012-05-10,177.377
2012-05-11,174.44
2012-05-14,167.557
2012-05-15,167.477
2012-05-16,166.706
2012-05-17,160.387
2012-05-18,164.467
2012-05-21,167.364
2012-05-22,168.581
2012-05-23,165.153
2012-05-24,168.424
2012-05-25,165.493
2012-05-28,165.493
2012-05-29,166.687
2012-05-30,155.443
2012-05-31,149.018
2012-06-01,138.44
2012-06-04,145.632
2012-06-05,149.667
2012-06-06,157.641
2012-06-07,156.102
2012-06-08,155.753
2012-06-11,150.825
2012-06-12,157.631
2012-06-13,149.973
2012-06-14,154.394
2012-06-15,148.684
2012-06-18,149.609
2012-06-19,153.153
2012-06-20,157.413
2012-06-21,153.823
2012-06-22,159.625
2012-06-25,152.446
2012-06-26,153.837
2012-06-27,152.98
2012-06-28,149.396
2012-06-29,156.21
2012-07-02,151.584
2012-07-03,154.66
2012-07-04,154.66
2012-07-05,152.424
2012-07-06,147.643
2012-07-09,143.905
2012-07-10,141.362
2012-07-11,142.373
2012-07-12,137.63
2012-07-13,140.229
2012-07-16,138.447
2012-07-17,141.463
2012-07-18,140.609
2012-07-19,142.976
2012-07-20,136.858
2012-07-23,133.304
2012-07-24,128.945
2012-07-25,129.944
2012-07-26,133.472
2012-07-27,144.321
2012-07-30,140.391
2012-07-31,136.987
2012-08-01,143.1
2012-08-02,139.005
2012-08-03,148.533
2012-08-06,148.872
2012-08-07,153.033
2012-08-08,154.089
2012-08-09,157.483
2012-08-10,155.424
2012-08-13,156.614
2012-08-14,162.933
2012-08-15,173.246
2012-08-16,175.159
2012-08-17,174.27
2012-08-20,171.72
2012-08-21,169.534
2012-08-22,158.852
2012-08-23,157.99
2012-08-24,159.358
2012-08-27,155.763
2012-08-28,153.548
2012-08-29,155.257
2012-08-30,152.524
2012-08-31,147.574
2012-09-03,147.574
2012-09-04,148.427
2012-09-05,149.286
2012-09-06,157.499
2012-09-07,156.472
2012-09-10,155.099
2012-09-11,160.224
2012-09-12,165.426
2012-09-13,162.473
2012-09-14,176.773
2012-09-17,174.832
2012-09-18,171.032
2012-09-19,166.361
2012-09-20,165.625
2012-09-21,164.969
2012-09-24,161.141
2012-09-25,155.807
2012-09-26,150.64
2012-09-27,156.631
2012-09-28,154.059
2012-10-01,154.213
2012-10-02,153.19
2012-10-03,152.673
2012-10-04,157.015
2012-10-05,164.477
2012-10-08,164.477
2012-10-09,161.519
2012-10-10,157.589
2012-10-11,157.157
2012-10-12,155.774
2012-10-15,156.977
2012-10-16,163.072
2012-10-17,171.031
2012-10-18,173.637
2012-10-19,166.695
2012-10-22,171.707
2012-10-23,165.074
2012-10-24,167.73
2012-10-25,170.751
2012-10-26,162.849
2012-10-29,160.226
2012-10-31,157.855
2012-11-01,162.786
2012-11-02,161.831
2012-11-05,158.774
2012-11-06,165.405
2012-11-07,154.494
2012-11-08,152.329
2012-11-09,150.972
2012-11-12,150.972
2012-11-13,150.294
2012-11-14,148.459
2012-11-15,151.163
2012-11-16,149.974
2012-11-19,153.196
2012-11-20,158.986
2012-11-21,158.328
2012-11-22,158.328
2012-11-23,159.867
2012-11-26,156.62
2012-11-27,154.565
2012-11-28,153.204
2012-11-29,152.855
2012-11-30,153.446
2012-12-03,153.957
2012-12-04,150.137
2012-12-05,149.111
2012-12-06,148.94
2012-12-07,153.534
2012-12-10,153.528
2012-12-11,158.31
2012-12-12,163.204
2012-12-13,167.415
2012-12-14,167.106
2012-12-17,174.633
2012-12-18,176.127
2012-12-19,174.56
2012-12-20,174.041
2012-12-21,170.148
2012-12-24,171.794
2012-12-25,171.794
2012-12-26,169.027
2012-12-27,166.538
2012-12-28,169.073
2012-12-31,171.177
2013-01-01,171.177
2013-01-02,177.624
2013-01-03,184.115
2013-01-04,182.808
2013-01-07,183.145
2013-01-08,181.249
2013-01-09,179.6
2013-01-10,182.989
2013-01-11,179.67
2013-01-14,177.38
2013-01-15,174.982
2013-01-16,174.24
2013-01-17,180.339
2013-01-18,176.559
2013-01-21,176.559
2013-01-22,177.579
2013-01-23,174.804
2013-01-24,176.864
2013-01-25,187.266
2013-01-28,189.542
2013-01-29,192.813
2013-01-30,192.611
2013-01-31,190.887
2013-02-01,194.393
2013-02-04,189.393
2013-02-05,192.194
2013-02-06,188.934
2013-02-07,188.584
2013-02-08,187.892
2013-02-11,189.248
2013-02-12,189.084
2013-02-13,193.135
2013-02-14,189.599
2013-02-15,190.031
2013-02-18,190.031
2013-02-19,191.621
2013-02-20,188.695
2013-02-21,184.981
2013-02-22,183.508
2013-02-25,174.202
2013-02-26,176.42
2013-02-27,179.494
2013-02-28,176.914
2013-03-01,173.474
2013-03-04,178.422
2013-03-05,179.64
2013-03-06,183.607
2013-03-07,189.505
2013-03-08,195.144
2013-03-11,196.126
2013-03-12,191.929
2013-03-13,192.96
2013-03-14,193.327
2013-03-15,190.326
2013-03-18,187.858
2013-03-19,184.091
2013-03-20,188.71
2013-03-21,184.023
2013-03-22,185.403
2013-03-25,185.387
2013-03-26,183.33
2013-03-27,175.412
2013-03-28,177.262
2013-03-29,177.258
2013-04-01,178.069
2013-04-02,178.797
2013-04-03,174.98
2013-04-04,169.663
2013-04-05,164.688
2013-04-08,168.518
2013-04-09,168.433
2013-04-10,173.243
2013-04-11,172.282
2013-04-12,165.49
2013-04-15,161.894
2013-04-16,166.661
2013-04-17,163.92
2013-04-18,162.888
2013-04-19,165.421
2013-04-22,164.217
2013-04-23,165.577
2013-04-24,164.891
2013-04-25,165.226
2013-04-26,160.758
2013-04-29,161.432
2013-04-30,162.101
2013-05-01,157.323
2013-05-02,158.494
2013-05-03,168.752
2013-05-06,172.336
2013-05-07,174.23
2013-05-08,172.087
2013-05-09,177.033
2013-05-10,185.167
2013-05-13,188.02
2013-05-14,193.34
2013-05-15,188.91
2013-05-16,185.046
2013-05-17,191.513
2013-05-20,192.917
2013-05-21,188.571
2013-05-22,199.889
2013-05-23,197.01
2013-05-24,196.75
2013-05-27,196.75
2013-05-28,211.959
2013-05-29,207.478
2013-05-30,208.055
2013-05-31,209.776
2013-06-03,208.893
2013-06-04,210.06
2013-06-05,204.868
2013-06-06,202.617
2013-06-07,212.62
2013-06-10,216.409
2013-06-11,213.899
2013-06-12,217.73
2013-06-13,210.327
2013-06-14,208.385
2013-06-17,213.603
2013-06-18,213.467
2013-06-19,230.705
2013-06-20,236.88
2013-06-21,248.533
2013-06-24,249.113
2013-06-25,254.233
2013-06-26,247.444
2013-06-27,242.14
2013-06-28,245.018
2013-07-01,246.134
2013-07-02,244.394
2013-07-03,245.757
2013-07-04,245.757
2013-07-05,269.855
2013-07-08,260.014
2013-07-09,259.34
2013-07-10,258.828
2013-07-11,253.659
2013-07-12,254.663
2013-07-15,251.181
2013-07-16,250.13
2013-07-17,245.84
2013-07-18,249.794
2013-07-19,245.86
2013-07-22,246.518
2013-07-23,248.465
2013-07-24,256.266
2013-07-25,255.093
2013-07-26,254.21
2013-07-29,258.206
2013-07-30,256.958
2013-07-31,253.568
2013-08-01,266.543
2013-08-02,256.055
2013-08-05,258.771
2013-08-06,260.159
2013-08-07,255.106
2013-08-08,253.848
2013-08-09,252.266
2013-08-12,256.481
2013-08-13,266.323
2013-08-14,265.778
2013-08-15,271.058
2013-08-16,277.947
2013-08-19,283.478
2013-08-20,277.874
2013-08-21,285.803
2013-08-22,285.901
2013-08-23,278.416
2013-08-26,277.009
2013-08-27,264.279
2013-08-28,273.487
2013-08-29,273.634
2013-08-30,275.857
2013-09-02,275.857
2013-09-03,283.737
2013-09-04,287.635
2013-09-05,296.837
2013-09-06,291.394
2013-09-09,289.675
2013-09-10,294.403
2013-09-11,289.188
2013-09-12,288.918
2013-09-13,286.434
2013-09-16,285.414
2013-09-17,283.569
2013-09-18,267.767
2013-09-19,274.684
2013-09-20,271.852
2013-09-23,268.469
2013-09-24,262.989
2013-09-25,260.771
2013-09-26,264.478
2013-09-27,260.419
2013-09-30,259.983
2013-10-01,262.974
2013-10-02,260.207
2013-10-03,257.924
2013-10-04,261.936
2013-10-07,260.117
2013-10-08,258.131
2013-10-09,261.745
2013-10-10,263.072
2013-10-11,262.626
2013-10-14,262.626
2013-10-15,262.112
2013-10-16,257.208
2013-10-17,254.473
2013-10-18,254.726
2013-10-21,257.095
2013-10-22,248.202
2013-10-23,246.611
2013-10-24,248.419
2013-10-25,247.334
2013-10-28,250.304
2013-10-29,246.284
2013-10-30,250.235
2013-10-31,251.364
2013-11-01,258.126
2013-11-04,256.297
2013-11-05,261.895
2013-11-06,259.139
2013-11-07,253.91
2013-11-08,269.189
2013-11-11,269.189
2013-11-12,271.201
2013-11-13,262.349
2013-11-14,261.39
2013-11-15,262.726
2013-11-18,259.477
2013-11-19,262.574
2013-11-20,271.757
2013-11-21,270.818
2013-11-22,266.668
2013-11-25,266.242
2013-11-26,263.667
2013-11-27,267.139
2013-11-28,267.139
2013-11-29,268.365
2013-12-02,273.937
2013-12-03,274.19
2013-12-04,278.354
2013-12-05,281.083
2013-12-06,279.445
2013-12-09,277.804
2013-12-10,272.966
2013-12-11,278.254
2013-12-12,280.636
2013-12-13,279.868
2013-12-16,281.246
2013-12-17,276.945
2013-12-18,282.721
2013-12-19,285.808
2013-12-20,282.78
2013-12-23,286.147
2013-12-24,290.648
2013-12-25,290.648
2013-12-26,292.461
2013-12-27,293.408
2013-12-30,290.438
2013-12-31,295.718
2014-01-01,295.718
2014-01-02,292.313
2014-01-03,292.382
2014-01-06,290.693
2014-01-07,289.855
2014-01-08,295.389
2014-01-09,291.959
2014-01-10,281.736
2014-01-13,279.531
2014-01-14,283.539
2014-01-15,285.068
2014-01-16,280.594
2014-01-17,278.392
2014-01-20,278.392
2014-01-21,278.807
2014-01-22,283.007
2014-01-23,273.664
2014-01-24,266.433
2014-01-27,269.213
2014-01-28,269.812
2014-01-29,263.112
2014-01-30,267.465
2014-01-31,261.861
2014-02-03,254.479
2014-02-04,257.363
2014-02-05,260.667
2014-02-06,262.932
2014-02-07,259.673
2014-02-10,260.657
2014-02-11,267.425
2014-02-12,271.005
2014-02-13,270.666
2014-02-14,272.251
2014-02-17,272.251
2014-02-18,268.66
2014-02-19,268.341
2014-02-20,270.017
2014-02-21,269.049
2014-02-24,269.768
2014-02-25,265.665
2014-02-26,261.992
2014-02-27,259.31
2014-02-28,259.686
2014-03-03,255.048
2014-03-04,264.698
2014-03-05,264.908
2014-03-06,268.656
2014-03-07,273.721
2014-03-10,273.647
2014-03-11,272.234
2014-03-12,268.345
2014-03-13,259.385
2014-03-14,260.363
2014-03-17,264.135
2014-03-18,262.154
2014-03-19,271.674
2014-03-20,271.077
2014-03-21,269.187
2014-03-24,267.737
2014-03-25,269.73
2014-03-26,264.626
2014-03-27,264.556
2014-03-28,268.021
2014-03-31,268.255
2014-04-01,271.196
2014-04-02,278.421
2014-04-03,277.69
2014-04-04,269.028
2014-04-07,266.942
2014-04-08,265.039
2014-04-09,265.435
2014-04-10,261.187
2014-04-11,258.418
2014-04-14,261.176
2014-04-15,259.279
2014-04-16,259.782
2014-04-17,269.106
2014-04-18,269.105
2014-04-21,267.961
2014-04-22,268.012
2014-04-23,267.842
2014-04-24,267.037
2014-04-25,264.709
2014-04-28,268.524
2014-04-29,267.612
2014-04-30,261.549
2014-05-01,258.796
2014-05-02,256.403
2014-05-05,258.656
2014-05-06,256.61
2014-05-07,255.738
2014-05-08,258.567
2014-05-09,259.792
2014-05-12,263.574
2014-05-13,257.848
2014-05-14,251.229
2014-05-15,246.4
2014-05-16,250.283
2014-05-19,251.917
2014-05-20,247.516
2014-05-21,249.655
2014-05-22,251.441
2014-05-23,249.656
2014-05-26,249.656
2014-05-27,248.378
2014-05-28,240.76
2014-05-29,242.887
2014-05-30,244.039
2014-06-02,249.629
2014-06-03,256.303
2014-06-04,256.666
2014-06-05,254.686
2014-06-06,255.141
2014-06-09,256.766
2014-06-10,260.839
2014-06-11,259.882
2014-06-12,255.453
2014-06-13,256.779
2014-06-16,256.149
2014-06-17,261.678
2014-06-18,256.409
2014-06-19,260.536
2014-06-20,259.004
2014-06-23,261.598
2014-06-24,255.28
2014-06-25,253.386
2014-06-26,249.31
2014-06-27,250.865
2014-06-30,250.506
2014-07-01,253.935
2014-07-02,260.609
2014-07-03,262.819
2014-07-04,262.819
2014-07-07,259.584
2014-07-08,253.039
2014-07-09,252.498
2014-07-10,251.56
2014-07-11,249.575
2014-07-14,252.648
2014-07-15,252.649
2014-07-16,250.569
2014-07-17,243.064
2014-07-18,246.565
2014-07-21,244.708
2014-07-22,243.48
2014-07-23,243.512
2014-07-24,247.208
2014-07-25,243.508
2014-07-28,244.984
2014-07-29,243.98
2014-07-30,252.052
2014-07-31,253.249
2014-08-01,246.719
2014-08-04,246.14
2014-08-05,245.995
2014-08-06,244.548
2014-08-07,238.6
2014-08-08,239.493
2014-08-11,239.197
2014-08-12,241.867
2014-08-13,238.113
2014-08-14,237.109
2014-08-15,230.931
2014-08-18,236.224
2014-08-19,236.933
2014-08-20,240.101
2014-08-21,238.656
2014-08-22,237.707
2014-08-25,236.176
2014-08-26,237.086
2014-08-27,232.684
2014-08-28,230.565
2014-08-29,231.773
2014-09-01,231.773
2014-09-02,240.084
2014-09-03,237.087
2014-09-04,242.434
2014-09-05,242.825
2014-09-08,244.588
2014-09-09,248.836
2014-09-10,252.116
2014-09-11,252.933
2014-09-12,259.53
2014-09-15,257.353
2014-09-16,257.722
2014-09-17,259.95
2014-09-18,259.916
2014-09-19,255.929
2014-09-22,255.858
2014-09-23,251.224
2014-09-24,254.852
2014-09-25,249.208
2014-09-26,251.242
2014-09-29,246.693
2014-09-30,246.854
2014-10-01,237.035
2014-10-02,240.975
2014-10-03,242.384
2014-10-06,240.948
2014-10-07,232.9
2014-10-08,231.626
2014-10-09,230.317
2014-10-10,227.024
2014-10-13,227.024
2014-10-14,218.628
2014-10-15,211.556
2014-10-16,212.043
2014-10-17,216.82
2014-10-20,216.552
2014-10-21,220.649
2014-10-22,219.608
2014-10-23,226.11
2014-10-24,225.836
2014-10-27,224.526
2014-10-28,227.994
2014-10-29,230.135
2014-10-30,229.568
2014-10-31,232.516
2014-11-03,233.142
2014-11-04,230.813
2014-11-05,231.709
2014-11-06,236.026
2014-11-07,227.314
2014-11-10,233.503
2014-11-11,234.01
2014-11-12,235.598
2014-11-13,232.973
2014-11-14,231.028
2014-11-17,232.975
2014-11-18,229.994
2014-11-19,235.437
2014-11-20,233.222
2014-11-21,229.976
2014-11-24,229.624
2014-11-25,223.165
2014-11-26,222.947
2014-11-27,222.947
2014-11-28,214.709
2014-12-01,221.977
2014-12-02,227.202
2014-12-03,226.979
2014-12-04,221.38
2014-12-05,229.131
2014-12-08,224.684
2014-12-09,217.744
2014-12-10,212.744
2014-12-11,213.668
2014-12-12,206.144
2014-12-15,210.636
2014-12-16,202.358
2014-12-17,211.028
2014-12-18,216.698
2014-12-19,212.63
2014-12-22,213.291
2014-12-23,225.632
2014-12-24,225.81
2014-12-25,225.81
2014-12-26,224.391
2014-12-29,219.703
2014-12-30,217.189
2014-12-31,212.557
2015-01-01,212.557
2015-01-02,209.025
2015-01-05,201.675
2015-01-06,190.975
2015-01-07,193.728
2015-01-08,199.761
2015-01-09,192.553
2015-01-12,188.668
2015-01-13,186.957
2015-01-14,181.979
2015-01-15,168.36
2015-01-16,181.652
2015-01-19,181.652
2015-01-20,177.196
2015-01-21,184.64
2015-01-22,184.278
2015-01-23,177.654
2015-01-26,181.478
2015-01-27,180.282
2015-01-28,170.045
2015-01-29,174.103
2015-01-30,163.649
2015-02-02,165.404
2015-02-03,177.123
2015-02-04,174.028
2015-02-05,180.52
2015-02-06,193.727
2015-02-09,196.651
2015-02-10,198.653
2015-02-11,200.748
2015-02-12,197.093
2015-02-13,204.023
2015-02-16,204.023
2015-02-17,212.264
2015-02-18,205.977
2015-02-19,209.393
2015-02-20,209.137
2015-02-23,203.714
2015-02-24,196.482
2015-02-25,194.762
2015-02-26,200.926
2015-02-27,197.78
2015-03-02,206.68
2015-03-03,210.371
2015-03-04,210.197
2015-03-05,210.531
2015-03-06,223.124
2015-03-09,218.058
2015-03-10,211.536
2015-03-11,208.828
2015-03-12,209.029
2015-03-13,208.949
2015-03-16,203.623
2015-03-17,199.996
2015-03-18,188.445
2015-03-19,195.84
2015-03-20,192.519
2015-03-23,190.61
2015-03-24,185.281
2015-03-25,189.037
2015-03-26,195.393
2015-03-27,192.09
2015-03-30,192.723
2015-03-31,189.778
2015-04-01,183.699
2015-04-02,189.144
2015-04-03,182.373
2015-04-06,188.506
2015-04-07,186.448
2015-04-08,187.428
2015-04-09,193.424
2015-04-10,192.704
2015-04-13,191.201
2015-04-14,187.817
2015-04-15,187.278
2015-04-16,186.942
2015-04-17,184.499
2015-04-20,187.437
2015-04-21,188.338
2015-04-22,195.341
2015-04-23,193.233
2015-04-24,188.326
2015-04-27,190.562
2015-04-28,198.818
2015-04-29,203.874
2015-04-30,202.661
2015-05-01,210.845
2015-05-04,213.89
2015-05-05,217.337
2015-05-06,222.791
2015-05-07,216.987
2015-05-08,213.764
2015-05-11,226.961
2015-05-12,223.373
2015-05-13,227.236
2015-05-14,221.49
2015-05-15,212.724
2015-05-18,222.359
2015-05-19,227.844
2015-05-20,222.762
2015-05-21,217.457
2015-05-22,219.398
2015-05-25,219.398
2015-05-26,212.374
2015-05-27,211.832
2015-05-28,213.038
2015-05-29,211.638
2015-06-01,217.428
2015-06-02,225.227
2015-06-03,234.893
2015-06-04,229.174
2015-06-05,238.725
2015-06-08,236.718
2015-06-09,242.317
2015-06-10,246.351
2015-06-11,236.196
2015-06-12,237.836
2015-06-15,234.57
2015-06-16,229.915
2015-06-17,231.142
2015-06-18,232.94
2015-06-19,225.262
2015-06-22,236.739
2015-06-23,239.849
2015-06-24,236.208
2015-06-25,240.371
2015-06-26,246.754
2015-06-29,231.914
2015-06-30,234.471
2015-07-01,240.157
2015-07-02,237.72
2015-07-03,237.72
2015-07-06,227.156
2015-07-07,224.293
2015-07-08,217.696
2015-07-09,230.584
2015-07-10,238.888
2015-07-13,245.886
2015-07-14,238.579
2015-07-15,233.689
2015-07-16,233.006
2015-07-17,232.661
2015-07-20,234.697
2015-07-21,229.478
2015-07-22,228.794
2015-07-23,223.209
2015-07-24,222.68
2015-07-27,218.196
2015-07-28,219.903
2015-07-29,222.999
2015-07-30,218.774
2015-07-31,211.399
2015-08-03,207.68
2015-08-04,213.997
2015-08-05,219.367
2015-08-06,218.07
2015-08-07,209.62
2015-08-10,215.568
2015-08-11,203.44
2015-08-12,204.661
2015-08-13,208.902
2015-08-14,211.153
2015-08-17,210.185
2015-08-18,212.134
2015-08-19,207.986
2015-08-20,204.752
2015-08-21,201.107
2015-08-24,197.803
2015-08-25,201.041
2015-08-26,211.417
2015-08-27,212.991
2015-08-28,211.964
2015-08-31,221.286
2015-09-01,211.177
2015-09-02,216.907
2015-09-03,213.924
2015-09-04,209.388
2015-09-07,209.388
2015-09-08,215.23
2015-09-09,216.512
2015-09-10,220.175
2015-09-11,215.793
2015-09-14,215.264
2015-09-15,222.573
2015-09-16,223.807
2015-09-17,219.032
2015-09-18,214.378
2015-09-21,221.135
2015-09-22,213.369
2015-09-23,213.95
2015-09-24,212.156
2015-09-25,217.75
2015-09-28,209.491
2015-09-29,205.59
2015-09-30,204.692
2015-10-01,205.709
2015-10-02,199.286
2015-10-05,206.126
2015-10-06,203.153
2015-10-07,206.678
2015-10-08,209.892
2015-10-09,208.305
2015-10-12,208.305
2015-10-13,203.884
2015-10-14,197.178
2015-10-15,201.746
2015-10-16,202.828
2015-10-19,202.277
2015-10-20,205.683
2015-10-21,201.771
2015-10-22,202.124
2015-10-23,208.153
2015-10-26,203.611
2015-10-27,201.664
2015-10-28,205.517
2015-10-29,210.64
2015-10-30,206.587
2015-11-02,210.986
2015-11-03,215.475
2015-11-04,217.939
2015-11-05,218.667
2015-11-06,224.408
2015-11-09,226.245
2015-11-10,220.462
2015-11-11,219.792
2015-11-12,217.937
2015-11-13,214.376
2015-11-16,216.078
2015-11-17,216.919
2015-11-18,215.588
2015-11-19,215.162
2015-11-20,216.059
2015-11-23,212.581
2015-11-24,207.493
2015-11-25,205.615
2015-11-26,205.615
2015-11-27,204.717
2015-11-30,203.312
2015-12-01,193.966
2015-12-02,196.437
2015-12-03,210.504
2015-12-04,205.241
2015-12-07,199.482
2015-12-08,194.353
2015-12-09,196.212
2015-12-10,199.655
2015-12-11,190.325
2015-12-14,201.316
2015-12-15,201.658
2015-12-16,204.163
2015-12-17,199.962
2015-12-18,202.6
2015-12-21,202.893
2015-12-22,204.247
2015-12-23,205.507
2015-12-24,203.758
2015-12-25,203.758
2015-12-28,203.205
2015-12-29,210.663
2015-12-30,214.174
2015-12-31,210.159
2016-01-01,210.159
2016-01-04,207.494
2016-01-05,203.222
2016-01-06,196.678
2016-01-07,194.211
2016-01-08,191.549
2016-01-11,198.215
2016-01-12,188.962
2016-01-13,186.888
2016-01-14,183.814
2016-01-15,180.078
2016-01-18,180.078
2016-01-19,181.151
2016-01-20,171.79
2016-01-21,174.622
2016-01-22,175.177
2016-01-25,171.126
2016-01-26,168.385
2016-01-27,167.883
2016-01-28,164.77
2016-01-29,160.549
2016-02-01,164.333
2016-02-02,150.394
2016-02-03,155.028
2016-02-04,154.441
2016-02-05,154.067
2016-02-08,147.867
2016-02-09,141.566
2016-02-10,135.781
2016-02-11,137.418
2016-02-12,146.328
2016-02-15,146.328
2016-02-16,148.744
2016-02-17,151.381
2016-02-18,144.457
2016-02-19,144.983
2016-02-22,144.83
2016-02-23,139.522
2016-02-24,141.262
2016-02-25,139.011
2016-02-26,144.694
2016-02-29,141.425
2016-03-01,149.419
2016-03-02,154.048
2016-03-03,155.392
2016-03-04,160.447
2016-03-07,162.594
2016-03-08,152.348
2016-03-09,157.076
2016-03-10,161.693
2016-03-11,166.162
2016-03-14,163.867
2016-03-15,163.409
2016-03-16,160.796
2016-03-17,161.097
2016-03-18,157.813
2016-03-21,161.029
2016-03-22,164.02
2016-03-23,157.34
2016-03-24,161.519
2016-03-25,161.519
2016-03-28,161.465
2016-03-29,157.463
2016-03-30,162.447
2016-03-31,156.522
2016-04-01,154.163
2016-04-04,156.347
2016-04-05,150.135
2016-04-06,151.919
2016-04-07,145.488
2016-04-08,148.782
2016-04-11,150.672
2016-04-12,154.72
2016-04-13,153.499
2016-04-14,156.815
2016-04-15,152.798
2016-04-18,155.745
2016-04-19,157.151
2016-04-20,161.617
2016-04-21,162.705
2016-04-22,165.383
2016-04-25,165.844
2016-04-26,167.785
2016-04-27,161.169
2016-04-28,161.067
2016-04-29,161.967
2016-05-02,167.908
2016-05-03,159.46
2016-05-04,158.192
2016-05-05,155.207
2016-05-06,157.875
2016-05-09,153.203
2016-05-10,151.207
2016-05-11,147.731
2016-05-12,148.199
2016-05-13,143.048
2016-05-16,148.375
2016-05-17,148.237
2016-05-18,155.371
2016-05-19,154.345
2016-05-20,152.809
2016-05-23,150.939
2016-05-24,151.184
2016-05-25,153.576
2016-05-26,153.311
2016-05-27,153.562
2016-05-30,153.562
2016-05-31,155.589
2016-06-01,154.118
2016-06-02,152.165
2016-06-03,141.635
2016-06-06,147.29
2016-06-07,144.884
2016-06-08,146.38
2016-06-09,143.309
2016-06-10,139.182
2016-06-13,135.086
2016-06-14,134.166
2016-06-15,131.257
2016-06-16,131.938
2016-06-17,135.52
2016-06-20,143.428
2016-06-21,143.196
2016-06-22,141.632
2016-06-23,145.665
2016-06-24,130.625
2016-06-27,118.917
2016-06-28,120.767
2016-06-29,125.174
2016-06-30,120.59
2016-07-01,118.713
2016-07-04,118.544
2016-07-05,112.647
2016-07-06,109.43
2016-07-07,109.58
2016-07-08,107.889
2016-07-11,114.112
2016-07-12,121.498
2016-07-13,116.902
2016-07-14,122.018
2016-07-15,124.743
2016-07-18,128.17
2016-07-19,123.806
2016-07-20,125.538
2016-07-21,124.146
2016-07-22,124.665
2016-07-25,126.368
2016-07-26,125.16
2016-07-27,121.352
2016-07-28,126.094
2016-07-29,119.439
2016-08-01,126.274
2016-08-02,128.185
2016-08-03,126.807
2016-08-04,124.207
2016-08-05,132.474
2016-08-08,132.819
2016-08-09,126.218
2016-08-10,122.258
2016-08-11,127.441
2016-08-12,123.375
2016-08-15,126.764
2016-08-16,129.559
2016-08-17,124.98
2016-08-18,123.623
2016-08-19,127.372
2016-08-22,124.814
2016-08-23,124.138
2016-08-24,124.148
2016-08-25,125.006
2016-08-26,130.49
2016-08-29,124.494
2016-08-30,123.653
2016-08-31,124.513
2016-09-01,123.827
2016-09-02,127.767
2016-09-05,127.767
2016-09-06,121.946
2016-09-07,119.824
2016-09-08,125.305
2016-09-09,133.408
2016-09-12,129.656
2016-09-13,137.193
2016-09-14,137.29
2016-09-15,140.155
2016-09-16,140.851
2016-09-19,145.815
2016-09-20,139.497
2016-09-21,144.316
2016-09-22,144.76
2016-09-23,144.596
2016-09-26,139.628
2016-09-27,129.774
2016-09-28,129.292
2016-09-29,130.12
2016-09-30,131.541
2016-10-03,131.771
2016-10-04,136.079
2016-10-05,137.654
2016-10-06,141.159
2016-10-07,139.765
2016-10-10,139.765
2016-10-11,142.807
2016-10-12,142.416
2016-10-13,145.195
2016-10-14,150.346
2016-10-17,146.161
2016-10-18,139.796
2016-10-19,140.838
2016-10-20,142.077
2016-10-21,140.491
2016-10-24,144.002
2016-10-25,142.109
2016-10-26,146.336
2016-10-27,156.447
2016-10-28,156.091
2016-10-31,152.111
2016-11-01,147.12
2016-11-02,143.621
2016-11-03,144.009
2016-11-04,140.482
2016-11-07,141.902
2016-11-08,143.173
2016-11-09,162.575
2016-11-10,167.807
2016-11-11,167.807
2016-11-14,174.372
2016-11-15,173.165
2016-11-16,176.065
2016-11-17,187.127
2016-11-18,192.02
2016-11-21,187.902
2016-11-22,182.467
2016-11-23,185.236
2016-11-24,185.236
2016-11-25,185.983
2016-11-28,184.548
2016-11-29,180.878
2016-11-30,189.876
2016-12-01,197.61
2016-12-02,191.802
2016-12-05,192.717
2016-12-06,189.639
2016-12-07,183.756
2016-12-08,189.947
2016-12-09,192.94
2016-12-12,196.367
2016-12-13,193.325
2016-12-14,203.262
2016-12-15,209.424
2016-12-16,209.423
2016-12-19,204.587
2016-12-20,204.593
2016-12-21,202.717
2016-12-22,204.392
2016-12-23,202.463
2016-12-26,202.463
2016-12-27,204.187
2016-12-28,199.535
2016-12-29,202.336
2016-12-30,194.002
2017-01-02,194.185
2017-01-03,195.214
2017-01-04,190.605
2017-01-05,182.657
2017-01-06,190.161
2017-01-09,186.22
2017-01-10,186.301
2017-01-11,185.947
2017-01-12,184.537
2017-01-13,186.665
2017-01-16,186.848
2017-01-17,179.747
2017-01-18,190.165
2017-01-19,196.628
2017-01-20,196.436
2017-01-23,190.476
2017-01-24,195.763
2017-01-25,201.419
2017-01-26,200.182
2017-01-27,197.168
2017-01-30,198.059
2017-01-31,193.536
2017-02-01,196.229
2017-02-02,197.12
2017-02-03,196.232
2017-02-06,188.488
2017-02-07,187.206
2017-02-08,179.821
2017-02-09,185.168
2017-02-10,186.925
2017-02-13,189.78
2017-02-14,192.667
2017-02-15,195.515
2017-02-16,192.205
2017-02-17,189.694
2017-02-20,189.694
2017-02-21,191.128
2017-02-22,189.519
2017-02-23,185.931
2017-02-24,180.415
2017-02-27,185.741
2017-02-28,178.067
2017-03-01,182.812
2017-03-02,181.087
2017-03-03,177.218
2017-03-06,177.355
2017-03-07,177.126
2017-03-08,183.851
2017-03-09,187.073
2017-03-10,182.8
2017-03-13,187.927
2017-03-14,183.328
2017-03-15,176.677
2017-03-16,181.401
2017-03-17,176.922
2017-03-20,172.949
2017-03-21,165.566
2017-03-22,163.296
2017-03-23,164.74
2017-03-24,164.545
2017-03-27,159.939
2017-03-28,164.067
2017-03-29,159.937
2017-03-30,165.785
2017-03-31,163.069
2017-04-03,155.752
2017-04-04,158.337
2017-04-05,153.286
2017-04-06,153.318
2017-04-07,156.445
2017-04-10,155.848
2017-04-11,148.341
2017-04-12,143.152
2017-04-13,142.979
2017-04-14,142.979
2017-04-17,144.226
2017-04-18,136.055
2017-04-19,140.992
2017-04-20,143.965
2017-04-21,147.099
2017-04-24,148.074
2017-04-25,151.438
2017-04-26,148.567
2017-04-27,149.2
2017-04-28,148.283
2017-05-01,151.038
2017-05-02,143.185
2017-05-03,144.744
2017-05-04,147.516
2017-05-05,145.97
2017-05-08,149.269
2017-05-09,149.839
2017-05-10,151.991
2017-05-11,150.845
2017-05-12,145.195
2017-05-15,146.445
2017-05-16,141.617
2017-05-17,133.005
2017-05-18,131.489
2017-05-19,132.516
2017-05-22,135.452
2017-05-23,137.041
2017-05-24,132.029
2017-05-25,133.062
2017-05-26,131.675
2017-05-29,131.675
2017-05-30,128.008
2017-05-31,122.708
2017-06-01,123.578
2017-06-02,118.351
2017-06-05,120.608
2017-06-06,116.939
2017-06-07,118.187
2017-06-08,119.242
2017-06-09,119.948
2017-06-12,121.344
2017-06-13,120.974
2017-06-14,111.928
2017-06-15,115.748
2017-06-16,114.522
2017-06-19,118.181
2017-06-20,114.0
2017-06-21,117.751
2017-06-22,119.236
2017-06-23,118.194
2017-06-26,117.668
2017-06-27,119.879
2017-06-28,122.16
2017-06-29,123.997
2017-06-30,128.733
2017-07-03,131.829
2017-07-04,130.28
2017-07-05,127.612
2017-07-06,132.909
2017-07-07,134.884
2017-07-10,133.635
2017-07-11,131.856
2017-07-12,127.068
2017-07-13,130.762
2017-07-14,129.519
2017-07-17,127.228
2017-07-18,120.171
2017-07-19,116.138
2017-07-20,111.506
2017-07-21,107.342
2017-07-24,108.095
2017-07-25,117.107
2017-07-26,116.879
2017-07-27,120.906
2017-07-28,120.629
2017-07-31,121.675
2017-08-01,118.067
2017-08-02,119.847
2017-08-03,113.725
2017-08-04,118.193
2017-08-07,119.596
2017-08-08,120.083
2017-08-09,119.423
2017-08-10,115.817
2017-08-11,115.082
2017-08-14,118.943
2017-08-15,124.487
2017-08-16,120.55
2017-08-17,117.903
2017-08-18,118.396
2017-08-21,119.595
2017-08-22,120.427
2017-08-23,116.349
2017-08-24,117.359
2017-08-25,114.822
2017-08-28,112.55
2017-08-29,110.129
2017-08-30,110.685
2017-08-31,111.968
2017-09-01,115.064
2017-09-04,115.064
2017-09-05,104.329
2017-09-06,103.975
2017-09-07,99.046
2017-09-08,100.377
2017-09-11,108.75
2017-09-12,112.273
2017-09-13,114.379
2017-09-14,113.519
2017-09-15,116.682
2017-09-18,120.728
2017-09-19,120.007
2017-09-20,122.566
2017-09-21,123.456
2017-09-22,122.08
2017-09-25,120.094
2017-09-26,117.081
2017-09-27,124.927
2017-09-28,125.135
2017-09-29,127.522
2017-10-02,130.663
2017-10-03,126.182
2017-10-04,125.371
2017-10-05,128.062
2017-10-06,129.033
2017-10-09,129.033
2017-10-10,127.818
2017-10-11,125.524
2017-10-12,123.882
2017-10-13,120.062
2017-10-16,122.595
2017-10-17,119.925
2017-10-18,125.36
2017-10-19,122.491
2017-10-20,127.896
2017-10-23,127.116
2017-10-24,130.307
2017-10-25,132.35
2017-10-26,135.27
2017-10-27,130.348
2017-10-30,126.552
2017-10-31,124.562
2017-11-01,120.785
2017-11-02,117.826
2017-11-03,115.816
2017-11-06,113.179
2017-11-07,110.3
2017-11-08,110.377
2017-11-09,110.853
2017-11-10,117.309
2017-11-13,118.791
2017-11-14,112.837
2017-11-15,107.63
2017-11-16,110.911
2017-11-17,107.737
2017-11-20,109.795
2017-11-21,107.175
2017-11-22,102.955
2017-11-23,102.955
2017-11-24,107.063
2017-11-27,107.69
2017-11-28,104.605
2017-11-29,109.384
2017-11-30,114.597
2017-12-01,109.544
2017-12-04,109.601
2017-12-05,104.632
2017-12-06,104.923
2017-12-07,107.424
2017-12-08,109.715
2017-12-11,109.699
2017-12-12,107.102
2017-12-13,104.018
2017-12-14,103.972
2017-12-15,103.075
2017-12-18,104.904
2017-12-19,109.602
2017-12-20,111.85
2017-12-21,113.218
2017-12-22,115.12
2017-12-25,115.12
2017-12-26,113.566
2017-12-27,97.085
2017-12-28,104.693
2017-12-29,101.695
2018-01-01,101.695
2018-01-02,106.468
2018-01-03,104.81
2018-01-04,104.853
2018-01-05,107.244
2018-01-08,106.597
2018-01-09,112.085
2018-01-10,113.23
2018-01-11,110.463
2018-01-12,110.337
2018-01-15,110.154
2018-01-16,111.292
2018-01-17,114.367
2018-01-18,119.35
2018-01-19,122.476
2018-01-22,122.584
2018-01-23,117.324
2018-01-24,121.184
2018-01-25,119.255
2018-01-26,123.568
2018-01-29,128.214
2018-01-30,126.98
2018-01-31,124.224
2018-02-01,130.138
2018-02-02,135.559
2018-02-05,121.758
2018-02-06,128.073
2018-02-07,128.881
2018-02-08,127.444
2018-02-09,128.652
2018-02-12,127.598
2018-02-13,123.375
2018-02-14,132.189
2018-02-15,131.142
2018-02-16,127.714
2018-02-19,127.714
2018-02-20,128.417
2018-02-21,130.076
2018-02-22,128.175
2018-02-23,122.212
2018-02-26,121.857
2018-02-27,122.802
2018-02-28,120.108
2018-03-01,118.675
2018-03-02,121.534
2018-03-05,121.656
2018-03-06,120.884
2018-03-07,120.017
2018-03-08,119.768
2018-03-09,122.437
2018-03-12,118.605
2018-03-13,111.655
2018-03-14,106.043
2018-03-15,105.868
2018-03-16,106.776
2018-03-19,109.418
2018-03-20,110.081
2018-03-21,113.154
2018-03-22,110.371
2018-03-23,108.792
2018-03-26,110.344
2018-03-27,100.833
2018-03-28,105.479
2018-03-29,102.606
2018-03-30,102.606
2018-04-02,100.684
2018-04-03,102.625
2018-04-04,110.23
2018-04-05,112.147
2018-04-06,105.808
2018-04-09,106.109
2018-04-10,107.489
2018-04-11,105.486
2018-04-12,108.693
2018-04-13,107.037
2018-04-16,108.325
2018-04-17,103.858
2018-04-18,105.735
2018-04-19,109.193
2018-04-20,115.021
2018-04-23,115.25
2018-04-24,114.307
2018-04-25,117.461
2018-04-26,116.303
2018-04-27,114.427
2018-04-30,114.835
2018-05-01,111.814
2018-05-02,113.806
2018-05-03,111.509
2018-05-04,111.413
2018-05-07,111.683
2018-05-08,111.184
2018-05-09,111.969
2018-05-10,107.012
2018-05-11,106.493
2018-05-14,110.051
2018-05-15,115.957
2018-05-16,118.884
2018-05-17,120.636
2018-05-18,115.644
2018-05-21,115.26
2018-05-22,112.644
2018-05-23,107.898
2018-05-24,107.467
2018-05-25,103.708
2018-05-28,103.708
2018-05-29,89.191
2018-05-30,93.206
2018-05-31,95.369
2018-06-01,99.249
2018-06-04,103.277
2018-06-05,98.427
2018-06-06,103.092
2018-06-07,98.486
2018-06-08,102.361
2018-06-11,104.201
2018-06-12,103.781
2018-06-13,103.576
2018-06-14,100.467
2018-06-15,99.035
2018-06-18,98.935
2018-06-19,96.35
2018-06-20,100.391
2018-06-21,96.371
2018-06-22,97.754
2018-06-25,98.346
2018-06-26,95.106
2018-06-27,90.01
2018-06-28,91.623
2018-06-29,93.766
2018-07-02,93.593
2018-07-03,85.94
2018-07-04,85.94
2018-07-05,87.558
2018-07-06,87.112
2018-07-09,89.568
2018-07-10,87.492
2018-07-11,88.782
2018-07-12,87.658
2018-07-13,85.091
2018-07-16,87.188
2018-07-17,85.002
2018-07-18,86.698
2018-07-19,84.871
2018-07-20,91.435
2018-07-23,99.079
2018-07-24,95.645
2018-07-25,97.744
2018-07-26,98.71
2018-07-27,96.52
2018-07-30,98.391
2018-07-31,93.442
2018-08-01,98.368
2018-08-02,97.866
2018-08-03,94.184
2018-08-06,92.245
2018-08-07,91.943
2018-08-08,90.653
2018-08-09,87.757
2018-08-10,82.533
2018-08-13,83.343
2018-08-14,82.193
2018-08-15,79.865
2018-08-16,81.261
2018-08-17,82.286
2018-08-20,78.145
2018-08-21,75.303
2018-08-22,73.975
2018-08-23,74.45
2018-08-24,71.065
2018-08-27,74.175
2018-08-28,76.02
2018-08-29,75.883
2018-08-30,75.553
2018-08-31,75.885
2018-09-03,75.885
2018-09-04,78.436
2018-09-05,76.678
2018-09-06,74.289
2018-09-07,79.873
2018-09-10,80.178
2018-09-11,82.458
2018-09-12,81.955
2018-09-13,82.704
2018-09-14,84.303
2018-09-17,83.14
2018-09-18,88.629
2018-09-19,89.389
2018-09-20,89.15
2018-09-21,89.201
2018-09-24,91.826
2018-09-25,88.142
2018-09-26,85.111
2018-09-27,86.269
2018-09-28,85.714
2018-10-01,87.457
2018-10-02,84.816
2018-10-03,95.878
2018-10-04,96.464
2018-10-05,101.603
2018-10-08,101.603
2018-10-09,96.666
2018-10-10,89.426
2018-10-11,88.64
2018-10-12,89.32
2018-10-15,87.238
2018-10-16,85.606
2018-10-17,89.534
2018-10-18,86.904
2018-10-19,88.295
2018-10-22,88.886
2018-10-23,83.21
2018-10-24,76.817
2018-10-25,78.668
2018-10-26,75.103
2018-10-29,77.6
2018-10-30,79.489
2018-10-31,81.52
2018-11-01,80.542
2018-11-02,88.766
2018-11-05,88.159
2018-11-06,88.183
2018-11-07,87.964
2018-11-08,88.165
2018-11-09,82.942
2018-11-12,82.942
2018-11-13,79.498
2018-11-14,74.608
2018-11-15,74.953
2018-11-16,70.76
2018-11-19,70.773
2018-11-20,67.858
2018-11-21,66.09
2018-11-22,66.09
2018-11-23,63.505
2018-11-26,64.976
2018-11-27,65.756
2018-11-28,67.235
2018-11-29,67.152
2018-11-30,64.032
2018-12-03,62.742
2018-12-04,49.617
2018-12-05,49.617
2018-12-06,48.851
2018-12-07,45.132
2018-12-10,47.601
2018-12-11,47.682
2018-12-12,47.934
2018-12-13,49.845
2018-12-14,47.016
2018-12-17,46.861
2018-12-18,42.811
2018-12-19,35.54
2018-12-20,41.931
2018-12-21,40.42
2018-12-24,35.335
2018-12-25,32.839
2018-12-26,37.764
2018-12-27,35.706
2018-12-28,33.475
2018-12-31,31.469
2019-01-01,23.586
2019-01-02,20.044
2019-01-03,14.647
2019-01-04,25.606
2019-01-07,28.197
2019-01-08,28.733
2019-01-09,27.212
2019-01-10,30.945
2019-01-11,27.883
2019-01-14,28.323
2019-01-15,27.748
2019-01-16,29.674
2019-01-17,34.341
2019-01-18,38.296
2019-01-21,38.296
2019-01-22,33.297
2019-01-23,33.628
2019-01-24,34.716
2019-01-25,37.759
2019-01-28,35.558
2019-01-29,29.993
2019-01-30,25.752
2019-01-31,23.253
2019-02-01,28.796
2019-02-04,33.771
2019-02-05,28.846
2019-02-06,27.467
2019-02-07,24.767
2019-02-08,20.949
2019-02-11,22.165
2019-02-12,25.734
2019-02-13,26.933
2019-02-14,22.356
2019-02-15,23.575
2019-02-18,23.575
2019-02-19,20.979
2019-02-20,20.162
2019-02-21,24.338
2019-02-22,20.176
2019-02-25,21.271
2019-02-26,19.248
2019-02-27,23.683
2019-02-28,27.464
2019-03-01,31.765
2019-03-04,29.03
2019-03-05,27.108
2019-03-06,23.747
2019-03-07,18.612
2019-03-08,18.095
2019-03-11,20.729
2019-03-12,15.575
2019-03-13,17.822
2019-03-14,18.738
2019-03-15,14.473
2019-03-18,16.104
2019-03-19,15.621
2019-03-20,6.011
2019-03-21,7.096
2019-03-22,-1.3639999999999999
2019-03-25,-4.905
2019-03-26,-3.819
2019-03-27,-6.63
2019-03-28,-2.775
2019-03-29,0.879
2019-04-01,11.763
2019-04-02,5.385
2019-04-03,9.626
2019-04-04,8.745
2019-04-05,6.817
2019-04-08,10.283
2019-04-09,8.052
2019-04-10,4.75
2019-04-11,6.95
2019-04-12,13.557
2019-04-15,14.541
2019-04-16,16.513
2019-04-17,15.863
2019-04-18,14.286
2019-04-19,14.286
2019-04-22,15.653
2019-04-23,12.435
2019-04-24,9.56
2019-04-25,11.013
2019-04-26,8.148
2019-04-29,11.116
2019-04-30,7.651
2019-05-01,8.254
2019-05-02,11.385
2019-05-03,9.802
2019-05-06,5.2620000000000005
2019-05-07,3.906
2019-05-08,5.329
2019-05-09,1.7349999999999999
2019-05-10,4.273
2019-05-13,-0.74
2019-05-14,1.332
2019-05-15,-2.878
2019-05-16,0.284
2019-05-17,0.746
2019-05-20,4.012
2019-05-21,4.807
2019-05-22,1.338
2019-05-23,-3.972
2019-05-24,-1.948
2019-05-27,-1.948
2019-05-28,-8.404
2019-05-29,-9.279
2019-05-30,-15.78
2019-05-31,-21.867
2019-06-03,-26.097
2019-06-04,-21.994
2019-06-05,-20.951999999999998
2019-06-06,-19.332
2019-06-07,-19.595
2019-06-10,-12.839
2019-06-11,-11.29
2019-06-12,-9.948
2019-06-13,-8.95
2019-06-14,-9.547
2019-06-17,-9.182
2019-06-18,-16.15
2019-06-19,-14.621
2019-06-20,-10.762
2019-06-21,-6.111
2019-06-24,-9.813
2019-06-25,-14.1
2019-06-26,-10.214
2019-06-27,-12.971
2019-06-28,-9.457
2019-07-01,-9.356
2019-07-02,-22.135
2019-07-03,-25.814
2019-07-04,-25.814
2019-07-05,-18.912
2019-07-08,-18.807
2019-07-09,-18.604
2019-07-10,-11.769
2019-07-11,-0.514
2019-07-12,-1.556
2019-07-15,-4.864
2019-07-16,-4.908
2019-07-17,-7.818
2019-07-18,-0.907
2019-07-19,-1.625
2019-07-22,-3.003
2019-07-23,2.967
2019-07-24,-5.481
2019-07-25,-2.417
2019-07-26,-4.99
2019-07-29,-4.225
2019-07-30,-1.663
