date,BB_COMPOSITE,RTG_COMPOSITE_CHANGE,RTG_SP,RTG_SP_CHANGE,RTG_FITCH,RTG_FITCH_CHANGE,RTG_MOODY,RTG_MOODY_CHANGE,TOT_DEBT_TO_TOT_EQY,CUR_RATIO,IS_EPS,RETURN_ON_ASSET,RETURN_COM_EQY,EBITDA_TO_REVENUE,ISSUE_DT,MATURITY,CALLABLE,NORMALIZED_PAYMENT_RANK,CPN_TYP,CPN_FREQ,PX_LAST
2018-03-27,,0.0,,0.0,,0.0,,0.0,489.51572484651047,1.1799389631911863,33.908,1.887180994170599,14.623837700760777,1.1905817812106227,2018-03-19,2023-03-19,N,Sr Unsecured,FIXED,1,100.242
2018-03-28,,0.0,,0.0,,0.0,,0.0,489.51572484651047,1.1799389631911863,33.908,1.887180994170599,14.623837700760777,1.1905817812106227,2018-03-19,2023-03-19,N,Sr Unsecured,FIXED,1,99.944
2018-03-29,,0.0,,0.0,,0.0,,0.0,489.51572484651047,1.1799389631911863,33.908,1.887180994170599,14.623837700760777,1.1905817812106227,2018-03-19,2023-03-19,N,Sr Unsecured,FIXED,1,100.016
2018-04-02,,0.0,,0.0,,0.0,,0.0,489.51572484651047,1.1799389631911863,33.908,1.887180994170599,14.623837700760777,1.1905817812106227,2018-03-19,2023-03-19,N,Sr Unsecured,FIXED,1,100.197
2018-04-03,,0.0,,0.0,,0.0,,0.0,489.51572484651047,1.1799389631911863,33.908,1.887180994170599,14.623837700760777,1.1905817812106227,2018-03-19,2023-03-19,N,Sr Unsecured,FIXED,1,100.012
2018-04-04,,0.0,,0.0,,0.0,,0.0,489.51572484651047,1.1799389631911863,33.908,1.887180994170599,14.623837700760777,1.1905817812106227,2018-03-19,2023-03-19,N,Sr Unsecured,FIXED,1,99.874
2018-04-05,,0.0,,0.0,,0.0,,0.0,489.51572484651047,1.1799389631911863,33.908,1.887180994170599,14.623837700760777,1.1905817812106227,2018-03-19,2023-03-19,N,Sr Unsecured,FIXED,1,99.821
2018-04-06,,0.0,,0.0,,0.0,,0.0,489.51572484651047,1.1799389631911863,33.908,1.887180994170599,14.623837700760777,1.1905817812106227,2018-03-19,2023-03-19,N,Sr Unsecured,FIXED,1,100.02
2018-04-09,,0.0,,0.0,,0.0,,0.0,489.51572484651047,1.1799389631911863,33.908,1.887180994170599,14.623837700760777,1.1905817812106227,2018-03-19,2023-03-19,N,Sr Unsecured,FIXED,1,100.042
2018-04-10,,0.0,,0.0,,0.0,,0.0,489.51572484651047,1.1799389631911863,33.908,1.887180994170599,14.623837700760777,1.1905817812106227,2018-03-19,2023-03-19,N,Sr Unsecured,FIXED,1,99.929
2018-04-11,,0.0,,0.0,,0.0,,0.0,489.51572484651047,1.1799389631911863,33.908,1.887180994170599,14.623837700760777,1.1905817812106227,2018-03-19,2023-03-19,N,Sr Unsecured,FIXED,1,100.336
2018-04-12,,0.0,,0.0,,0.0,,0.0,489.51572484651047,1.1799389631911863,33.908,1.887180994170599,14.623837700760777,1.1905817812106227,2018-03-19,2023-03-19,N,Sr Unsecured,FIXED,1,100.089
2018-04-13,,0.0,,0.0,,0.0,,0.0,489.51572484651047,1.1799389631911863,33.908,1.887180994170599,14.623837700760777,1.1905817812106227,2018-03-19,2023-03-19,N,Sr Unsecured,FIXED,1,100.079
2018-04-16,,0.0,,0.0,,0.0,,0.0,489.51572484651047,1.1799389631911863,33.908,1.887180994170599,14.623837700760777,1.1905817812106227,2018-03-19,2023-03-19,N,Sr Unsecured,FIXED,1,100.056
2018-04-17,,0.0,,0.0,,0.0,,0.0,489.51572484651047,1.1799389631911863,33.908,1.887180994170599,14.623837700760777,1.1905817812106227,2018-03-19,2023-03-19,N,Sr Unsecured,FIXED,1,100.045
2018-04-18,,0.0,,0.0,,0.0,,0.0,489.51572484651047,1.1799389631911863,33.908,1.887180994170599,14.623837700760777,1.1905817812106227,2018-03-19,2023-03-19,N,Sr Unsecured,FIXED,1,99.893
2018-04-19,,0.0,,0.0,,0.0,,0.0,489.51572484651047,1.1799389631911863,33.908,1.887180994170599,14.623837700760777,1.1905817812106227,2018-03-19,2023-03-19,N,Sr Unsecured,FIXED,1,99.836
2018-04-20,,0.0,,0.0,,0.0,,0.0,489.51572484651047,1.1799389631911863,33.908,1.887180994170599,14.623837700760777,1.1905817812106227,2018-03-19,2023-03-19,N,Sr Unsecured,FIXED,1,99.669
2018-04-23,,0.0,,0.0,,0.0,,0.0,489.51572484651047,1.1799389631911863,33.908,1.887180994170599,14.623837700760777,1.1905817812106227,2018-03-19,2023-03-19,N,Sr Unsecured,FIXED,1,99.645
2018-04-24,,0.0,,0.0,,0.0,,0.0,489.51572484651047,1.1799389631911863,33.908,1.887180994170599,14.623837700760777,1.1905817812106227,2018-03-19,2023-03-19,N,Sr Unsecured,FIXED,1,99.615
2018-04-25,,0.0,,0.0,,0.0,,0.0,489.51572484651047,1.1799389631911863,33.908,1.887180994170599,14.623837700760777,1.1905817812106227,2018-03-19,2023-03-19,N,Sr Unsecured,FIXED,1,100.059
2018-04-26,,0.0,,0.0,,0.0,,0.0,489.51572484651047,1.1799389631911863,33.908,1.887180994170599,14.623837700760777,1.1905817812106227,2018-03-19,2023-03-19,N,Sr Unsecured,FIXED,1,100.16
2018-04-27,,0.0,,0.0,,0.0,,0.0,489.51572484651047,1.1799389631911863,33.908,1.887180994170599,14.623837700760777,1.1905817812106227,2018-03-19,2023-03-19,N,Sr Unsecured,FIXED,1,100.187
2018-04-30,,0.0,,0.0,,0.0,,0.0,489.51572484651047,1.1799389631911863,33.908,1.887180994170599,14.623837700760777,1.1905817812106227,2018-03-19,2023-03-19,N,Sr Unsecured,FIXED,1,100.176
2018-05-01,,0.0,,0.0,,0.0,,0.0,489.51572484651047,1.1799389631911863,33.908,1.887180994170599,14.623837700760777,1.1905817812106227,2018-03-19,2023-03-19,N,Sr Unsecured,FIXED,1,100.11
2018-05-02,,0.0,,0.0,,0.0,,0.0,489.51572484651047,1.1799389631911863,33.908,1.887180994170599,14.623837700760777,1.1905817812106227,2018-03-19,2023-03-19,N,Sr Unsecured,FIXED,1,100.124
2018-05-03,,0.0,,0.0,,0.0,,0.0,489.51572484651047,1.1799389631911863,33.908,1.887180994170599,14.623837700760777,1.1905817812106227,2018-03-19,2023-03-19,N,Sr Unsecured,FIXED,1,100.178
2018-05-04,,0.0,,0.0,,0.0,,0.0,489.51572484651047,1.1799389631911863,33.908,1.887180994170599,14.623837700760777,1.1905817812106227,2018-03-19,2023-03-19,N,Sr Unsecured,FIXED,1,100.157
2018-05-07,,0.0,,0.0,,0.0,,0.0,489.51572484651047,1.1799389631911863,33.908,1.887180994170599,14.623837700760777,1.1905817812106227,2018-03-19,2023-03-19,N,Sr Unsecured,FIXED,1,100.097
2018-05-08,,0.0,,0.0,,0.0,,0.0,489.51572484651047,1.1799389631911863,33.908,1.887180994170599,14.623837700760777,1.1905817812106227,2018-03-19,2023-03-19,N,Sr Unsecured,FIXED,1,99.612
2018-05-09,,0.0,,0.0,,0.0,,0.0,489.51572484651047,1.1799389631911863,33.908,1.887180994170599,14.623837700760777,1.1905817812106227,2018-03-19,2023-03-19,N,Sr Unsecured,FIXED,1,99.417
2018-05-10,,0.0,,0.0,,0.0,,0.0,489.51572484651047,1.1799389631911863,33.908,1.887180994170599,14.623837700760777,1.1905817812106227,2018-03-19,2023-03-19,N,Sr Unsecured,FIXED,1,99.418
2018-05-11,,0.0,,0.0,,0.0,,0.0,489.51572484651047,1.1799389631911863,33.908,1.887180994170599,14.623837700760777,1.1905817812106227,2018-03-19,2023-03-19,N,Sr Unsecured,FIXED,1,99.465
2018-05-14,,0.0,,0.0,,0.0,,0.0,489.51572484651047,1.1799389631911863,33.908,1.887180994170599,14.623837700760777,1.1905817812106227,2018-03-19,2023-03-19,N,Sr Unsecured,FIXED,1,99.342
2018-05-15,,0.0,,0.0,,0.0,,0.0,489.51572484651047,1.1799389631911863,33.908,1.887180994170599,14.623837700760777,1.1905817812106227,2018-03-19,2023-03-19,N,Sr Unsecured,FIXED,1,99.21
2018-05-16,,0.0,,0.0,,0.0,,0.0,489.51572484651047,1.1799389631911863,33.908,1.887180994170599,14.623837700760777,1.1905817812106227,2018-03-19,2023-03-19,N,Sr Unsecured,FIXED,1,99.225
2018-05-17,,0.0,,0.0,,0.0,,0.0,489.51572484651047,1.1799389631911863,33.908,1.887180994170599,14.623837700760777,1.1905817812106227,2018-03-19,2023-03-19,N,Sr Unsecured,FIXED,1,99.247
2018-05-18,,0.0,,0.0,,0.0,,0.0,489.51572484651047,1.1799389631911863,33.908,1.887180994170599,14.623837700760777,1.1905817812106227,2018-03-19,2023-03-19,N,Sr Unsecured,FIXED,1,99.126
2018-05-21,,0.0,,0.0,,0.0,,0.0,489.51572484651047,1.1799389631911863,33.908,1.887180994170599,14.623837700760777,1.1905817812106227,2018-03-19,2023-03-19,N,Sr Unsecured,FIXED,1,99.268
2018-05-22,,0.0,,0.0,,0.0,,0.0,489.51572484651047,1.1799389631911863,33.908,1.887180994170599,14.623837700760777,1.1905817812106227,2018-03-19,2023-03-19,N,Sr Unsecured,FIXED,1,99.097
2018-05-23,,0.0,,0.0,,0.0,,0.0,489.51572484651047,1.1799389631911863,33.908,1.887180994170599,14.623837700760777,1.1905817812106227,2018-03-19,2023-03-19,N,Sr Unsecured,FIXED,1,99.111
2018-05-24,,0.0,,0.0,,0.0,,0.0,489.51572484651047,1.1799389631911863,33.908,1.887180994170599,14.623837700760777,1.1905817812106227,2018-03-19,2023-03-19,N,Sr Unsecured,FIXED,1,99.137
2018-05-25,,0.0,,0.0,,0.0,,0.0,489.51572484651047,1.1799389631911863,33.908,1.887180994170599,14.623837700760777,1.1905817812106227,2018-03-19,2023-03-19,N,Sr Unsecured,FIXED,1,99.275
2018-05-29,,0.0,,0.0,,0.0,,0.0,489.51572484651047,1.1799389631911863,33.908,1.887180994170599,14.623837700760777,1.1905817812106227,2018-03-19,2023-03-19,N,Sr Unsecured,FIXED,1,99.221
2018-05-30,,0.0,,0.0,,0.0,,0.0,489.51572484651047,1.1799389631911863,33.908,1.887180994170599,14.623837700760777,1.1905817812106227,2018-03-19,2023-03-19,N,Sr Unsecured,FIXED,1,98.791
2018-05-31,,0.0,,0.0,,0.0,,0.0,489.51572484651047,1.1799389631911863,33.908,1.887180994170599,14.623837700760777,1.1905817812106227,2018-03-19,2023-03-19,N,Sr Unsecured,FIXED,1,98.921
2018-06-01,,0.0,,0.0,,0.0,,0.0,489.51572484651047,1.1799389631911863,33.908,1.887180994170599,14.623837700760777,1.1905817812106227,2018-03-19,2023-03-19,N,Sr Unsecured,FIXED,1,99.007
2018-06-04,,0.0,,0.0,,0.0,,0.0,489.51572484651047,1.1799389631911863,33.908,1.887180994170599,14.623837700760777,1.1905817812106227,2018-03-19,2023-03-19,N,Sr Unsecured,FIXED,1,98.817
2018-06-05,,0.0,,0.0,,0.0,,0.0,489.51572484651047,1.1799389631911863,33.908,1.887180994170599,14.623837700760777,1.1905817812106227,2018-03-19,2023-03-19,N,Sr Unsecured,FIXED,1,98.882
2018-06-06,,0.0,,0.0,,0.0,,0.0,489.51572484651047,1.1799389631911863,33.908,1.887180994170599,14.623837700760777,1.1905817812106227,2018-03-19,2023-03-19,N,Sr Unsecured,FIXED,1,98.933
2018-06-07,,0.0,,0.0,,0.0,,0.0,489.51572484651047,1.1799389631911863,33.908,1.887180994170599,14.623837700760777,1.1905817812106227,2018-03-19,2023-03-19,N,Sr Unsecured,FIXED,1,99.101
2018-06-08,,0.0,,0.0,,0.0,,0.0,489.51572484651047,1.1799389631911863,33.908,1.887180994170599,14.623837700760777,1.1905817812106227,2018-03-19,2023-03-19,N,Sr Unsecured,FIXED,1,98.71
2018-06-11,,0.0,,0.0,,0.0,,0.0,489.51572484651047,1.1799389631911863,33.908,1.887180994170599,14.623837700760777,1.1905817812106227,2018-03-19,2023-03-19,N,Sr Unsecured,FIXED,1,98.875
2018-06-12,,0.0,,0.0,,0.0,,0.0,489.51572484651047,1.1799389631911863,33.908,1.887180994170599,14.623837700760777,1.1905817812106227,2018-03-19,2023-03-19,N,Sr Unsecured,FIXED,1,98.639
2018-06-13,,0.0,,0.0,,0.0,,0.0,489.51572484651047,1.1799389631911863,33.908,1.887180994170599,14.623837700760777,1.1905817812106227,2018-03-19,2023-03-19,N,Sr Unsecured,FIXED,1,98.379
2018-06-14,,0.0,,0.0,,0.0,,0.0,489.51572484651047,1.1799389631911863,33.908,1.887180994170599,14.623837700760777,1.1905817812106227,2018-03-19,2023-03-19,N,Sr Unsecured,FIXED,1,98.322
2018-06-15,,0.0,,0.0,,0.0,,0.0,489.51572484651047,1.1799389631911863,33.908,1.887180994170599,14.623837700760777,1.1905817812106227,2018-03-19,2023-03-19,N,Sr Unsecured,FIXED,1,97.944
2018-06-18,,0.0,,0.0,,0.0,,0.0,489.51572484651047,1.1799389631911863,33.908,1.887180994170599,14.623837700760777,1.1905817812106227,2018-03-19,2023-03-19,N,Sr Unsecured,FIXED,1,97.86
2018-06-19,,0.0,,0.0,,0.0,,0.0,489.51572484651047,1.1799389631911863,33.908,1.887180994170599,14.623837700760777,1.1905817812106227,2018-03-19,2023-03-19,N,Sr Unsecured,FIXED,1,97.017
2018-06-20,,0.0,,0.0,,0.0,,0.0,489.51572484651047,1.1799389631911863,33.908,1.887180994170599,14.623837700760777,1.1905817812106227,2018-03-19,2023-03-19,N,Sr Unsecured,FIXED,1,96.652
2018-06-21,,0.0,,0.0,,0.0,,0.0,489.51572484651047,1.1799389631911863,33.908,1.887180994170599,14.623837700760777,1.1905817812106227,2018-03-19,2023-03-19,N,Sr Unsecured,FIXED,1,96.256
2018-06-22,,0.0,,0.0,,0.0,,0.0,489.51572484651047,1.1799389631911863,33.908,1.887180994170599,14.623837700760777,1.1905817812106227,2018-03-19,2023-03-19,N,Sr Unsecured,FIXED,1,96.113
2018-06-25,,0.0,,0.0,,0.0,,0.0,489.51572484651047,1.1799389631911863,33.908,1.887180994170599,14.623837700760777,1.1905817812106227,2018-03-19,2023-03-19,N,Sr Unsecured,FIXED,1,96.032
2018-06-26,,0.0,,0.0,,0.0,,0.0,489.51572484651047,1.1799389631911863,33.908,1.887180994170599,14.623837700760777,1.1905817812106227,2018-03-19,2023-03-19,N,Sr Unsecured,FIXED,1,95.73
2018-06-27,,0.0,,0.0,,0.0,,0.0,489.51572484651047,1.1799389631911863,33.908,1.887180994170599,14.623837700760777,1.1905817812106227,2018-03-19,2023-03-19,N,Sr Unsecured,FIXED,1,95.713
2018-06-28,,0.0,,0.0,,0.0,,0.0,489.51572484651047,1.1799389631911863,33.908,1.887180994170599,14.623837700760777,1.1905817812106227,2018-03-19,2023-03-19,N,Sr Unsecured,FIXED,1,95.498
2018-06-29,,0.0,,0.0,,0.0,,0.0,489.51572484651047,1.1799389631911863,33.908,1.887180994170599,14.623837700760777,1.1905817812106227,2018-03-19,2023-03-19,N,Sr Unsecured,FIXED,1,95.238
2018-07-02,,0.0,,0.0,,0.0,,0.0,489.51572484651047,1.1799389631911863,33.908,1.887180994170599,14.623837700760777,1.1905817812106227,2018-03-19,2023-03-19,N,Sr Unsecured,FIXED,1,94.806
2018-07-03,,0.0,,0.0,,0.0,,0.0,489.51572484651047,1.1799389631911863,33.908,1.887180994170599,14.623837700760777,1.1905817812106227,2018-03-19,2023-03-19,N,Sr Unsecured,FIXED,1,94.877
2018-07-05,,0.0,,0.0,,0.0,,0.0,489.51572484651047,1.1799389631911863,33.908,1.887180994170599,14.623837700760777,1.1905817812106227,2018-03-19,2023-03-19,N,Sr Unsecured,FIXED,1,94.469
2018-07-06,,0.0,,0.0,,0.0,,0.0,489.51572484651047,1.1799389631911863,33.908,1.887180994170599,14.623837700760777,1.1905817812106227,2018-03-19,2023-03-19,N,Sr Unsecured,FIXED,1,94.528
2018-07-09,,0.0,,0.0,,0.0,,0.0,489.51572484651047,1.1799389631911863,33.908,1.887180994170599,14.623837700760777,1.1905817812106227,2018-03-19,2023-03-19,N,Sr Unsecured,FIXED,1,94.536
2018-07-10,,0.0,,0.0,,0.0,,0.0,489.51572484651047,1.1799389631911863,33.908,1.887180994170599,14.623837700760777,1.1905817812106227,2018-03-19,2023-03-19,N,Sr Unsecured,FIXED,1,94.684
2018-07-11,,0.0,,0.0,,0.0,,0.0,489.51572484651047,1.1799389631911863,33.908,1.887180994170599,14.623837700760777,1.1905817812106227,2018-03-19,2023-03-19,N,Sr Unsecured,FIXED,1,94.593
2018-07-12,,0.0,,0.0,,0.0,,0.0,489.51572484651047,1.1799389631911863,33.908,1.887180994170599,14.623837700760777,1.1905817812106227,2018-03-19,2023-03-19,N,Sr Unsecured,FIXED,1,94.608
2018-07-13,,0.0,,0.0,,0.0,,0.0,489.51572484651047,1.1799389631911863,33.908,1.887180994170599,14.623837700760777,1.1905817812106227,2018-03-19,2023-03-19,N,Sr Unsecured,FIXED,1,94.543
2018-07-16,,0.0,,0.0,,0.0,,0.0,489.51572484651047,1.1799389631911863,33.908,1.887180994170599,14.623837700760777,1.1905817812106227,2018-03-19,2023-03-19,N,Sr Unsecured,FIXED,1,94.561
2018-07-17,,0.0,,0.0,,0.0,,0.0,489.51572484651047,1.1799389631911863,33.908,1.887180994170599,14.623837700760777,1.1905817812106227,2018-03-19,2023-03-19,N,Sr Unsecured,FIXED,1,94.571
2018-07-18,,0.0,,0.0,,0.0,,0.0,489.51572484651047,1.1799389631911863,33.908,1.887180994170599,14.623837700760777,1.1905817812106227,2018-03-19,2023-03-19,N,Sr Unsecured,FIXED,1,94.728
2018-07-19,,0.0,,0.0,,0.0,,0.0,489.51572484651047,1.1799389631911863,33.908,1.887180994170599,14.623837700760777,1.1905817812106227,2018-03-19,2023-03-19,N,Sr Unsecured,FIXED,1,94.751
2018-07-20,,0.0,,0.0,,0.0,,0.0,489.51572484651047,1.1799389631911863,33.908,1.887180994170599,14.623837700760777,1.1905817812106227,2018-03-19,2023-03-19,N,Sr Unsecured,FIXED,1,94.801
2018-07-23,,0.0,,0.0,,0.0,,0.0,489.51572484651047,1.1799389631911863,33.908,1.887180994170599,14.623837700760777,1.1905817812106227,2018-03-19,2023-03-19,N,Sr Unsecured,FIXED,1,94.795
2018-07-24,,0.0,,0.0,,0.0,,0.0,489.51572484651047,1.1799389631911863,33.908,1.887180994170599,14.623837700760777,1.1905817812106227,2018-03-19,2023-03-19,N,Sr Unsecured,FIXED,1,94.884
2018-07-25,,0.0,,0.0,,0.0,,0.0,489.51572484651047,1.1799389631911863,33.908,1.887180994170599,14.623837700760777,1.1905817812106227,2018-03-19,2023-03-19,N,Sr Unsecured,FIXED,1,94.848
2018-07-26,,0.0,,0.0,,0.0,,0.0,489.51572484651047,1.1799389631911863,33.908,1.887180994170599,14.623837700760777,1.1905817812106227,2018-03-19,2023-03-19,N,Sr Unsecured,FIXED,1,95.027
2018-07-27,,0.0,,0.0,,0.0,,0.0,489.51572484651047,1.1799389631911863,33.908,1.887180994170599,14.623837700760777,1.1905817812106227,2018-03-19,2023-03-19,N,Sr Unsecured,FIXED,1,95.302
2018-07-30,,0.0,,0.0,,0.0,,0.0,489.51572484651047,1.1799389631911863,33.908,1.887180994170599,14.623837700760777,1.1905817812106227,2018-03-19,2023-03-19,N,Sr Unsecured,FIXED,1,95.326
2018-07-31,,0.0,,0.0,,0.0,,0.0,489.51572484651047,1.1799389631911863,33.908,1.887180994170599,14.623837700760777,1.1905817812106227,2018-03-19,2023-03-19,N,Sr Unsecured,FIXED,1,95.371
2018-08-01,,0.0,,0.0,,0.0,,0.0,489.51572484651047,1.1799389631911863,33.908,1.887180994170599,14.623837700760777,1.1905817812106227,2018-03-19,2023-03-19,N,Sr Unsecured,FIXED,1,95.443
2018-08-02,,0.0,,0.0,,0.0,,0.0,489.51572484651047,1.1799389631911863,33.908,1.887180994170599,14.623837700760777,1.1905817812106227,2018-03-19,2023-03-19,N,Sr Unsecured,FIXED,1,95.427
2018-08-03,,0.0,,0.0,,0.0,,0.0,489.51572484651047,1.1799389631911863,33.908,1.887180994170599,14.623837700760777,1.1905817812106227,2018-03-19,2023-03-19,N,Sr Unsecured,FIXED,1,95.566
2018-08-06,,0.0,,0.0,,0.0,,0.0,489.51572484651047,1.1799389631911863,33.908,1.887180994170599,14.623837700760777,1.1905817812106227,2018-03-19,2023-03-19,N,Sr Unsecured,FIXED,1,95.429
2018-08-07,,0.0,,0.0,,0.0,,0.0,489.51572484651047,1.1799389631911863,33.908,1.887180994170599,14.623837700760777,1.1905817812106227,2018-03-19,2023-03-19,N,Sr Unsecured,FIXED,1,95.565
2018-08-08,,0.0,,0.0,,0.0,,0.0,489.51572484651047,1.1799389631911863,33.908,1.887180994170599,14.623837700760777,1.1905817812106227,2018-03-19,2023-03-19,N,Sr Unsecured,FIXED,1,95.761
2018-08-09,,0.0,,0.0,,0.0,,0.0,489.51572484651047,1.1799389631911863,33.908,1.887180994170599,14.623837700760777,1.1905817812106227,2018-03-19,2023-03-19,N,Sr Unsecured,FIXED,1,95.855
2018-08-10,,0.0,,0.0,,0.0,,0.0,489.51572484651047,1.1799389631911863,33.908,1.887180994170599,14.623837700760777,1.1905817812106227,2018-03-19,2023-03-19,N,Sr Unsecured,FIXED,1,95.913
2018-08-13,,0.0,,0.0,,0.0,,0.0,489.51572484651047,1.1799389631911863,33.908,1.887180994170599,14.623837700760777,1.1905817812106227,2018-03-19,2023-03-19,N,Sr Unsecured,FIXED,1,95.756
2018-08-14,,0.0,,0.0,,0.0,,0.0,489.51572484651047,1.1799389631911863,33.908,1.887180994170599,14.623837700760777,1.1905817812106227,2018-03-19,2023-03-19,N,Sr Unsecured,FIXED,1,95.775
2018-08-15,,0.0,,0.0,,0.0,,0.0,489.51572484651047,1.1799389631911863,33.908,1.887180994170599,14.623837700760777,1.1905817812106227,2018-03-19,2023-03-19,N,Sr Unsecured,FIXED,1,95.879
2018-08-16,,0.0,,0.0,,0.0,,0.0,489.51572484651047,1.1799389631911863,33.908,1.887180994170599,14.623837700760777,1.1905817812106227,2018-03-19,2023-03-19,N,Sr Unsecured,FIXED,1,95.853
2018-08-17,,0.0,,0.0,,0.0,,0.0,489.51572484651047,1.1799389631911863,33.908,1.887180994170599,14.623837700760777,1.1905817812106227,2018-03-19,2023-03-19,N,Sr Unsecured,FIXED,1,95.84
2018-08-20,,0.0,,0.0,,0.0,,0.0,489.51572484651047,1.1799389631911863,33.908,1.887180994170599,14.623837700760777,1.1905817812106227,2018-03-19,2023-03-19,N,Sr Unsecured,FIXED,1,95.997
2018-08-21,,0.0,,0.0,,0.0,,0.0,489.51572484651047,1.1799389631911863,33.908,1.887180994170599,14.623837700760777,1.1905817812106227,2018-03-19,2023-03-19,N,Sr Unsecured,FIXED,1,95.82
2018-08-22,,0.0,,0.0,,0.0,,0.0,489.51572484651047,1.1799389631911863,33.908,1.887180994170599,14.623837700760777,1.1905817812106227,2018-03-19,2023-03-19,N,Sr Unsecured,FIXED,1,95.791
2018-08-23,,0.0,,0.0,,0.0,,0.0,489.51572484651047,1.1799389631911863,33.908,1.887180994170599,14.623837700760777,1.1905817812106227,2018-03-19,2023-03-19,N,Sr Unsecured,FIXED,1,95.763
2018-08-24,,0.0,,0.0,,0.0,,0.0,489.51572484651047,1.1799389631911863,33.908,1.887180994170599,14.623837700760777,1.1905817812106227,2018-03-19,2023-03-19,N,Sr Unsecured,FIXED,1,95.899
2018-08-27,,0.0,,0.0,,0.0,,0.0,489.51572484651047,1.1799389631911863,33.908,1.887180994170599,14.623837700760777,1.1905817812106227,2018-03-19,2023-03-19,N,Sr Unsecured,FIXED,1,95.789
2018-08-28,,0.0,,0.0,,0.0,,0.0,489.51572484651047,1.1799389631911863,33.908,1.887180994170599,14.623837700760777,1.1905817812106227,2018-03-19,2023-03-19,N,Sr Unsecured,FIXED,1,95.813
2018-08-29,,0.0,,0.0,,0.0,,0.0,489.51572484651047,1.1799389631911863,33.908,1.887180994170599,14.623837700760777,1.1905817812106227,2018-03-19,2023-03-19,N,Sr Unsecured,FIXED,1,95.874
2018-08-30,,0.0,,0.0,,0.0,,0.0,489.51572484651047,1.1799389631911863,33.908,1.887180994170599,14.623837700760777,1.1905817812106227,2018-03-19,2023-03-19,N,Sr Unsecured,FIXED,1,95.977
2018-08-31,,0.0,,0.0,,0.0,,0.0,489.51572484651047,1.1799389631911863,33.908,1.887180994170599,14.623837700760777,1.1905817812106227,2018-03-19,2023-03-19,N,Sr Unsecured,FIXED,1,95.868
2018-09-04,,0.0,,0.0,,0.0,,0.0,489.51572484651047,1.1799389631911863,33.908,1.887180994170599,14.623837700760777,1.1905817812106227,2018-03-19,2023-03-19,N,Sr Unsecured,FIXED,1,96.201
2018-09-05,,0.0,,0.0,,0.0,,0.0,489.51572484651047,1.1799389631911863,33.908,1.887180994170599,14.623837700760777,1.1905817812106227,2018-03-19,2023-03-19,N,Sr Unsecured,FIXED,1,95.375
2018-09-06,,0.0,,0.0,,0.0,,0.0,489.51572484651047,1.1799389631911863,33.908,1.887180994170599,14.623837700760777,1.1905817812106227,2018-03-19,2023-03-19,N,Sr Unsecured,FIXED,1,95.3
2018-09-07,,0.0,,0.0,,0.0,,0.0,489.51572484651047,1.1799389631911863,33.908,1.887180994170599,14.623837700760777,1.1905817812106227,2018-03-19,2023-03-19,N,Sr Unsecured,FIXED,1,95.365
2018-09-10,,0.0,,0.0,,0.0,,0.0,489.51572484651047,1.1799389631911863,33.908,1.887180994170599,14.623837700760777,1.1905817812106227,2018-03-19,2023-03-19,N,Sr Unsecured,FIXED,1,95.112
2018-09-11,,0.0,,0.0,,0.0,,0.0,489.51572484651047,1.1799389631911863,33.908,1.887180994170599,14.623837700760777,1.1905817812106227,2018-03-19,2023-03-19,N,Sr Unsecured,FIXED,1,95.085
2018-09-12,,0.0,,0.0,,0.0,,0.0,489.51572484651047,1.1799389631911863,33.908,1.887180994170599,14.623837700760777,1.1905817812106227,2018-03-19,2023-03-19,N,Sr Unsecured,FIXED,1,94.888
2018-09-13,,0.0,,0.0,,0.0,,0.0,489.51572484651047,1.1799389631911863,33.908,1.887180994170599,14.623837700760777,1.1905817812106227,2018-03-19,2023-03-19,N,Sr Unsecured,FIXED,1,94.845
2018-09-14,,0.0,,0.0,,0.0,,0.0,489.51572484651047,1.1799389631911863,33.908,1.887180994170599,14.623837700760777,1.1905817812106227,2018-03-19,2023-03-19,N,Sr Unsecured,FIXED,1,94.994
2018-09-17,,0.0,,0.0,,0.0,,0.0,489.51572484651047,1.1799389631911863,33.908,1.887180994170599,14.623837700760777,1.1905817812106227,2018-03-19,2023-03-19,N,Sr Unsecured,FIXED,1,95.294
2018-09-18,,0.0,,0.0,,0.0,,0.0,489.51572484651047,1.1799389631911863,33.908,1.887180994170599,14.623837700760777,1.1905817812106227,2018-03-19,2023-03-19,N,Sr Unsecured,FIXED,1,95.116
2018-09-19,,0.0,,0.0,,0.0,,0.0,489.51572484651047,1.1799389631911863,33.908,1.887180994170599,14.623837700760777,1.1905817812106227,2018-03-19,2023-03-19,N,Sr Unsecured,FIXED,1,95.33
2018-09-20,,0.0,,0.0,,0.0,,0.0,489.51572484651047,1.1799389631911863,33.908,1.887180994170599,14.623837700760777,1.1905817812106227,2018-03-19,2023-03-19,N,Sr Unsecured,FIXED,1,95.216
2018-09-21,,0.0,,0.0,,0.0,,0.0,489.51572484651047,1.1799389631911863,33.908,1.887180994170599,14.623837700760777,1.1905817812106227,2018-03-19,2023-03-19,N,Sr Unsecured,FIXED,1,95.234
2018-09-24,,0.0,,0.0,,0.0,,0.0,489.51572484651047,1.1799389631911863,33.908,1.887180994170599,14.623837700760777,1.1905817812106227,2018-03-19,2023-03-19,N,Sr Unsecured,FIXED,1,95.178
2018-09-25,,0.0,,0.0,,0.0,,0.0,489.51572484651047,1.1799389631911863,33.908,1.887180994170599,14.623837700760777,1.1905817812106227,2018-03-19,2023-03-19,N,Sr Unsecured,FIXED,1,95.107
2018-09-26,,0.0,,0.0,,0.0,,0.0,489.51572484651047,1.1799389631911863,33.908,1.887180994170599,14.623837700760777,1.1905817812106227,2018-03-19,2023-03-19,N,Sr Unsecured,FIXED,1,95.04
2018-09-27,,0.0,,0.0,,0.0,,0.0,489.51572484651047,1.1799389631911863,33.908,1.887180994170599,14.623837700760777,1.1905817812106227,2018-03-19,2023-03-19,N,Sr Unsecured,FIXED,1,94.946
2018-09-28,,0.0,,0.0,,0.0,,0.0,489.51572484651047,1.1799389631911863,33.908,1.887180994170599,14.623837700760777,1.1905817812106227,2018-03-19,2023-03-19,N,Sr Unsecured,FIXED,1,94.641
2018-10-01,,0.0,,0.0,,0.0,,0.0,489.51572484651047,1.1799389631911863,33.908,1.887180994170599,14.623837700760777,1.1905817812106227,2018-03-19,2023-03-19,N,Sr Unsecured,FIXED,1,94.552
2018-10-02,,0.0,,0.0,,0.0,,0.0,489.51572484651047,1.1799389631911863,33.908,1.887180994170599,14.623837700760777,1.1905817812106227,2018-03-19,2023-03-19,N,Sr Unsecured,FIXED,1,94.292
2018-10-03,,0.0,,0.0,,0.0,,0.0,489.51572484651047,1.1799389631911863,33.908,1.887180994170599,14.623837700760777,1.1905817812106227,2018-03-19,2023-03-19,N,Sr Unsecured,FIXED,1,93.899
2018-10-04,,0.0,,0.0,,0.0,,0.0,489.51572484651047,1.1799389631911863,33.908,1.887180994170599,14.623837700760777,1.1905817812106227,2018-03-19,2023-03-19,N,Sr Unsecured,FIXED,1,93.904
2018-10-05,,0.0,,0.0,,0.0,,0.0,489.51572484651047,1.1799389631911863,33.908,1.887180994170599,14.623837700760777,1.1905817812106227,2018-03-19,2023-03-19,N,Sr Unsecured,FIXED,1,93.904
2018-10-09,,0.0,,0.0,,0.0,,0.0,489.51572484651047,1.1799389631911863,33.908,1.887180994170599,14.623837700760777,1.1905817812106227,2018-03-19,2023-03-19,N,Sr Unsecured,FIXED,1,93.817
2018-10-10,,0.0,,0.0,,0.0,,0.0,489.51572484651047,1.1799389631911863,33.908,1.887180994170599,14.623837700760777,1.1905817812106227,2018-03-19,2023-03-19,N,Sr Unsecured,FIXED,1,94.008
2018-10-11,,0.0,,0.0,,0.0,,0.0,489.51572484651047,1.1799389631911863,33.908,1.887180994170599,14.623837700760777,1.1905817812106227,2018-03-19,2023-03-19,N,Sr Unsecured,FIXED,1,93.576
2018-10-12,,0.0,,0.0,,0.0,,0.0,489.51572484651047,1.1799389631911863,33.908,1.887180994170599,14.623837700760777,1.1905817812106227,2018-03-19,2023-03-19,N,Sr Unsecured,FIXED,1,93.585
2018-10-15,,0.0,,0.0,,0.0,,0.0,489.51572484651047,1.1799389631911863,33.908,1.887180994170599,14.623837700760777,1.1905817812106227,2018-03-19,2023-03-19,N,Sr Unsecured,FIXED,1,93.583
2018-10-16,,0.0,,0.0,,0.0,,0.0,489.51572484651047,1.1799389631911863,33.908,1.887180994170599,14.623837700760777,1.1905817812106227,2018-03-19,2023-03-19,N,Sr Unsecured,FIXED,1,93.621
2018-10-17,,0.0,,0.0,,0.0,,0.0,489.51572484651047,1.1799389631911863,33.908,1.887180994170599,14.623837700760777,1.1905817812106227,2018-03-19,2023-03-19,N,Sr Unsecured,FIXED,1,93.411
2018-10-18,,0.0,,0.0,,0.0,,0.0,489.51572484651047,1.1799389631911863,33.908,1.887180994170599,14.623837700760777,1.1905817812106227,2018-03-19,2023-03-19,N,Sr Unsecured,FIXED,1,93.618
2018-10-19,,0.0,,0.0,,0.0,,0.0,489.51572484651047,1.1799389631911863,33.908,1.887180994170599,14.623837700760777,1.1905817812106227,2018-03-19,2023-03-19,N,Sr Unsecured,FIXED,1,93.403
2018-10-22,,0.0,,0.0,,0.0,,0.0,489.51572484651047,1.1799389631911863,33.908,1.887180994170599,14.623837700760777,1.1905817812106227,2018-03-19,2023-03-19,N,Sr Unsecured,FIXED,1,93.417
2018-10-23,,0.0,,0.0,,0.0,,0.0,489.51572484651047,1.1799389631911863,33.908,1.887180994170599,14.623837700760777,1.1905817812106227,2018-03-19,2023-03-19,N,Sr Unsecured,FIXED,1,92.783
2018-10-24,,0.0,,0.0,,0.0,,0.0,489.51572484651047,1.1799389631911863,33.908,1.887180994170599,14.623837700760777,1.1905817812106227,2018-03-19,2023-03-19,N,Sr Unsecured,FIXED,1,92.822
2018-10-25,,0.0,,0.0,,0.0,,0.0,489.51572484651047,1.1799389631911863,33.908,1.887180994170599,14.623837700760777,1.1905817812106227,2018-03-19,2023-03-19,N,Sr Unsecured,FIXED,1,91.968
2018-10-26,,0.0,,0.0,,0.0,,0.0,489.51572484651047,1.1799389631911863,33.908,1.887180994170599,14.623837700760777,1.1905817812106227,2018-03-19,2023-03-19,N,Sr Unsecured,FIXED,1,91.252
2018-10-29,,0.0,,0.0,,0.0,,0.0,489.51572484651047,1.1799389631911863,33.908,1.887180994170599,14.623837700760777,1.1905817812106227,2018-03-19,2023-03-19,N,Sr Unsecured,FIXED,1,91.405
2018-10-30,,0.0,,0.0,,0.0,,0.0,489.51572484651047,1.1799389631911863,33.908,1.887180994170599,14.623837700760777,1.1905817812106227,2018-03-19,2023-03-19,N,Sr Unsecured,FIXED,1,90.991
2018-10-31,,0.0,,0.0,,0.0,,0.0,489.51572484651047,1.1799389631911863,33.908,1.887180994170599,14.623837700760777,1.1905817812106227,2018-03-19,2023-03-19,N,Sr Unsecured,FIXED,1,91.137
2018-11-01,,0.0,,0.0,,0.0,,0.0,489.51572484651047,1.1799389631911863,33.908,1.887180994170599,14.623837700760777,1.1905817812106227,2018-03-19,2023-03-19,N,Sr Unsecured,FIXED,1,91.255
2018-11-02,,0.0,,0.0,,0.0,,0.0,489.51572484651047,1.1799389631911863,33.908,1.887180994170599,14.623837700760777,1.1905817812106227,2018-03-19,2023-03-19,N,Sr Unsecured,FIXED,1,91.316
2018-11-05,,0.0,,0.0,,0.0,,0.0,489.51572484651047,1.1799389631911863,33.908,1.887180994170599,14.623837700760777,1.1905817812106227,2018-03-19,2023-03-19,N,Sr Unsecured,FIXED,1,91.264
2018-11-06,,0.0,,0.0,,0.0,,0.0,489.51572484651047,1.1799389631911863,33.908,1.887180994170599,14.623837700760777,1.1905817812106227,2018-03-19,2023-03-19,N,Sr Unsecured,FIXED,1,91.069
2018-11-07,,0.0,,0.0,,0.0,,0.0,489.51572484651047,1.1799389631911863,33.908,1.887180994170599,14.623837700760777,1.1905817812106227,2018-03-19,2023-03-19,N,Sr Unsecured,FIXED,1,91.079
2018-11-08,,0.0,,0.0,,0.0,,0.0,489.51572484651047,1.1799389631911863,33.908,1.887180994170599,14.623837700760777,1.1905817812106227,2018-03-19,2023-03-19,N,Sr Unsecured,FIXED,1,91.187
2018-11-09,,0.0,,0.0,,0.0,,0.0,489.51572484651047,1.1799389631911863,33.908,1.887180994170599,14.623837700760777,1.1905817812106227,2018-03-19,2023-03-19,N,Sr Unsecured,FIXED,1,91.6
2018-11-13,,0.0,,0.0,,0.0,,0.0,489.51572484651047,1.1799389631911863,33.908,1.887180994170599,14.623837700760777,1.1905817812106227,2018-03-19,2023-03-19,N,Sr Unsecured,FIXED,1,91.663
2018-11-14,,0.0,,0.0,,0.0,,0.0,489.51572484651047,1.1799389631911863,33.908,1.887180994170599,14.623837700760777,1.1905817812106227,2018-03-19,2023-03-19,N,Sr Unsecured,FIXED,1,90.949
2018-11-15,,0.0,,0.0,,0.0,,0.0,489.51572484651047,1.1799389631911863,33.908,1.887180994170599,14.623837700760777,1.1905817812106227,2018-03-19,2023-03-19,N,Sr Unsecured,FIXED,1,90.53
2018-11-16,,0.0,,0.0,,0.0,,0.0,489.51572484651047,1.1799389631911863,33.908,1.887180994170599,14.623837700760777,1.1905817812106227,2018-03-19,2023-03-19,N,Sr Unsecured,FIXED,1,90.87
2018-11-19,,0.0,,0.0,,0.0,,0.0,489.51572484651047,1.1799389631911863,33.908,1.887180994170599,14.623837700760777,1.1905817812106227,2018-03-19,2023-03-19,N,Sr Unsecured,FIXED,1,89.975
2018-11-20,,0.0,,0.0,,0.0,,0.0,489.51572484651047,1.1799389631911863,33.908,1.887180994170599,14.623837700760777,1.1905817812106227,2018-03-19,2023-03-19,N,Sr Unsecured,FIXED,1,89.254
2018-11-21,,0.0,,0.0,,0.0,,0.0,489.51572484651047,1.1799389631911863,33.908,1.887180994170599,14.623837700760777,1.1905817812106227,2018-03-19,2023-03-19,N,Sr Unsecured,FIXED,1,89.284
2018-11-23,,0.0,,0.0,,0.0,,0.0,489.51572484651047,1.1799389631911863,33.908,1.887180994170599,14.623837700760777,1.1905817812106227,2018-03-19,2023-03-19,N,Sr Unsecured,FIXED,1,89.365
2018-11-26,,0.0,,0.0,,0.0,,0.0,489.51572484651047,1.1799389631911863,33.908,1.887180994170599,14.623837700760777,1.1905817812106227,2018-03-19,2023-03-19,N,Sr Unsecured,FIXED,1,89.581
2018-11-27,,0.0,,0.0,,0.0,,0.0,489.51572484651047,1.1799389631911863,33.908,1.887180994170599,14.623837700760777,1.1905817812106227,2018-03-19,2023-03-19,N,Sr Unsecured,FIXED,1,89.592
2018-11-28,,0.0,,0.0,,0.0,,0.0,489.51572484651047,1.1799389631911863,33.908,1.887180994170599,14.623837700760777,1.1905817812106227,2018-03-19,2023-03-19,N,Sr Unsecured,FIXED,1,89.725
2018-11-29,,0.0,,0.0,,0.0,,0.0,489.51572484651047,1.1799389631911863,33.908,1.887180994170599,14.623837700760777,1.1905817812106227,2018-03-19,2023-03-19,N,Sr Unsecured,FIXED,1,89.297
2018-11-30,,0.0,,0.0,,0.0,,0.0,489.51572484651047,1.1799389631911863,33.908,1.887180994170599,14.623837700760777,1.1905817812106227,2018-03-19,2023-03-19,N,Sr Unsecured,FIXED,1,89.371
2018-12-03,,0.0,,0.0,,0.0,,0.0,489.51572484651047,1.1799389631911863,33.908,1.887180994170599,14.623837700760777,1.1905817812106227,2018-03-19,2023-03-19,N,Sr Unsecured,FIXED,1,89.749
2018-12-04,,0.0,,0.0,,0.0,,0.0,489.51572484651047,1.1799389631911863,33.908,1.887180994170599,14.623837700760777,1.1905817812106227,2018-03-19,2023-03-19,N,Sr Unsecured,FIXED,1,89.798
2018-12-06,,0.0,,0.0,,0.0,,0.0,489.51572484651047,1.1799389631911863,33.908,1.887180994170599,14.623837700760777,1.1905817812106227,2018-03-19,2023-03-19,N,Sr Unsecured,FIXED,1,89.303
2018-12-07,,0.0,,0.0,,0.0,,0.0,489.51572484651047,1.1799389631911863,33.908,1.887180994170599,14.623837700760777,1.1905817812106227,2018-03-19,2023-03-19,N,Sr Unsecured,FIXED,1,89.627
2018-12-10,,0.0,,0.0,,0.0,,0.0,515.2509559847043,1.163864391665241,33.968,1.658454465738229,14.192599525353481,0.9566010730087455,2018-03-19,2023-03-19,N,Sr Unsecured,FIXED,1,89.817
2018-12-11,,0.0,,0.0,,0.0,,0.0,515.2509559847043,1.163864391665241,33.968,1.658454465738229,14.192599525353481,0.9566010730087455,2018-03-19,2023-03-19,N,Sr Unsecured,FIXED,1,92.169
2018-12-12,,0.0,,0.0,,0.0,,0.0,515.2509559847043,1.163864391665241,33.968,1.658454465738229,14.192599525353481,0.9566010730087455,2018-03-19,2023-03-19,N,Sr Unsecured,FIXED,1,93.073
2018-12-13,,0.0,,0.0,,0.0,,0.0,515.2509559847043,1.163864391665241,33.968,1.658454465738229,14.192599525353481,0.9566010730087455,2018-03-19,2023-03-19,N,Sr Unsecured,FIXED,1,93.44
2018-12-14,,0.0,,0.0,,0.0,,0.0,515.2509559847043,1.163864391665241,33.968,1.658454465738229,14.192599525353481,0.9566010730087455,2018-03-19,2023-03-19,N,Sr Unsecured,FIXED,1,93.912
2018-12-17,,0.0,,0.0,,0.0,,0.0,515.2509559847043,1.163864391665241,33.968,1.658454465738229,14.192599525353481,0.9566010730087455,2018-03-19,2023-03-19,N,Sr Unsecured,FIXED,1,93.85
2018-12-18,,0.0,,0.0,,0.0,,0.0,515.2509559847043,1.163864391665241,33.968,1.658454465738229,14.192599525353481,0.9566010730087455,2018-03-19,2023-03-19,N,Sr Unsecured,FIXED,1,93.888
2018-12-19,,0.0,,0.0,,0.0,,0.0,515.2509559847043,1.163864391665241,33.968,1.658454465738229,14.192599525353481,0.9566010730087455,2018-03-19,2023-03-19,N,Sr Unsecured,FIXED,1,93.87
2018-12-20,,0.0,,0.0,,0.0,,0.0,515.2509559847043,1.163864391665241,33.968,1.658454465738229,14.192599525353481,0.9566010730087455,2018-03-19,2023-03-19,N,Sr Unsecured,FIXED,1,93.337
2018-12-21,,0.0,,0.0,,0.0,,0.0,515.2509559847043,1.163864391665241,33.968,1.658454465738229,14.192599525353481,0.9566010730087455,2018-03-19,2023-03-19,N,Sr Unsecured,FIXED,1,93.498
2018-12-24,,0.0,,0.0,,0.0,,0.0,515.2509559847043,1.163864391665241,33.968,1.658454465738229,14.192599525353481,0.9566010730087455,2018-03-19,2023-03-19,N,Sr Unsecured,FIXED,1,93.522
2018-12-26,,0.0,,0.0,,0.0,,0.0,515.2509559847043,1.163864391665241,33.968,1.658454465738229,14.192599525353481,0.9566010730087455,2018-03-19,2023-03-19,N,Sr Unsecured,FIXED,1,93.206
2018-12-27,,0.0,,0.0,,0.0,,0.0,515.2509559847043,1.163864391665241,33.968,1.658454465738229,14.192599525353481,0.9566010730087455,2018-03-19,2023-03-19,N,Sr Unsecured,FIXED,1,93.396
2018-12-28,,0.0,,0.0,,0.0,,0.0,515.2509559847043,1.163864391665241,33.968,1.658454465738229,14.192599525353481,0.9566010730087455,2018-03-19,2023-03-19,N,Sr Unsecured,FIXED,1,93.49
2018-12-31,,0.0,,0.0,,0.0,,0.0,515.2509559847043,1.163864391665241,33.968,1.658454465738229,14.192599525353481,0.9566010730087455,2018-03-19,2023-03-19,N,Sr Unsecured,FIXED,1,93.225
2019-01-02,,0.0,,0.0,,0.0,,0.0,515.2509559847043,1.163864391665241,33.968,1.658454465738229,14.192599525353481,0.9566010730087455,2018-03-19,2023-03-19,N,Sr Unsecured,FIXED,1,92.856
2019-01-03,,0.0,,0.0,,0.0,,0.0,515.2509559847043,1.163864391665241,33.968,1.658454465738229,14.192599525353481,0.9566010730087455,2018-03-19,2023-03-19,N,Sr Unsecured,FIXED,1,92.717
2019-01-04,,0.0,,0.0,,0.0,,0.0,515.2509559847043,1.163864391665241,33.968,1.658454465738229,14.192599525353481,0.9566010730087455,2018-03-19,2023-03-19,N,Sr Unsecured,FIXED,1,92.425
2019-01-07,,0.0,,0.0,,0.0,,0.0,515.2509559847043,1.163864391665241,33.968,1.658454465738229,14.192599525353481,0.9566010730087455,2018-03-19,2023-03-19,N,Sr Unsecured,FIXED,1,92.446
2019-01-08,,0.0,,0.0,,0.0,,0.0,515.2509559847043,1.163864391665241,33.968,1.658454465738229,14.192599525353481,0.9566010730087455,2018-03-19,2023-03-19,N,Sr Unsecured,FIXED,1,93.138
2019-01-09,,0.0,,0.0,,0.0,,0.0,515.2509559847043,1.163864391665241,33.968,1.658454465738229,14.192599525353481,0.9566010730087455,2018-03-19,2023-03-19,N,Sr Unsecured,FIXED,1,93.329
2019-01-10,,0.0,,0.0,,0.0,,0.0,515.2509559847043,1.163864391665241,33.968,1.658454465738229,14.192599525353481,0.9566010730087455,2018-03-19,2023-03-19,N,Sr Unsecured,FIXED,1,93.459
2019-01-11,,0.0,,0.0,,0.0,,0.0,515.2509559847043,1.163864391665241,33.968,1.658454465738229,14.192599525353481,0.9566010730087455,2018-03-19,2023-03-19,N,Sr Unsecured,FIXED,1,93.844
2019-01-14,,0.0,,0.0,,0.0,,0.0,515.2509559847043,1.163864391665241,33.968,1.658454465738229,14.192599525353481,0.9566010730087455,2018-03-19,2023-03-19,N,Sr Unsecured,FIXED,1,93.877
2019-01-15,,0.0,,0.0,,0.0,,0.0,515.2509559847043,1.163864391665241,33.968,1.658454465738229,14.192599525353481,0.9566010730087455,2018-03-19,2023-03-19,N,Sr Unsecured,FIXED,1,93.986
2019-01-16,,0.0,,0.0,,0.0,,0.0,515.2509559847043,1.163864391665241,33.968,1.658454465738229,14.192599525353481,0.9566010730087455,2018-03-19,2023-03-19,N,Sr Unsecured,FIXED,1,94.465
2019-01-17,,0.0,,0.0,,0.0,,0.0,515.2509559847043,1.163864391665241,33.968,1.658454465738229,14.192599525353481,0.9566010730087455,2018-03-19,2023-03-19,N,Sr Unsecured,FIXED,1,94.304
2019-01-18,,0.0,,0.0,,0.0,,0.0,515.2509559847043,1.163864391665241,33.968,1.658454465738229,14.192599525353481,0.9566010730087455,2018-03-19,2023-03-19,N,Sr Unsecured,FIXED,1,94.63
2019-01-22,,0.0,,0.0,,0.0,,0.0,515.2509559847043,1.163864391665241,33.968,1.658454465738229,14.192599525353481,0.9566010730087455,2018-03-19,2023-03-19,N,Sr Unsecured,FIXED,1,94.597
2019-01-23,,0.0,,0.0,,0.0,,0.0,515.2509559847043,1.163864391665241,33.968,1.658454465738229,14.192599525353481,0.9566010730087455,2018-03-19,2023-03-19,N,Sr Unsecured,FIXED,1,94.584
2019-01-24,,0.0,,0.0,,0.0,,0.0,515.2509559847043,1.163864391665241,33.968,1.658454465738229,14.192599525353481,0.9566010730087455,2018-03-19,2023-03-19,N,Sr Unsecured,FIXED,1,94.423
2019-01-25,,0.0,,0.0,,0.0,,0.0,515.2509559847043,1.163864391665241,33.968,1.658454465738229,14.192599525353481,0.9566010730087455,2018-03-19,2023-03-19,N,Sr Unsecured,FIXED,1,94.359
2019-01-28,,0.0,,0.0,,0.0,,0.0,515.2509559847043,1.163864391665241,33.968,1.658454465738229,14.192599525353481,0.9566010730087455,2018-03-19,2023-03-19,N,Sr Unsecured,FIXED,1,94.308
2019-01-29,,0.0,,0.0,,0.0,,0.0,515.2509559847043,1.163864391665241,33.968,1.658454465738229,14.192599525353481,0.9566010730087455,2018-03-19,2023-03-19,N,Sr Unsecured,FIXED,1,94.077
2019-01-30,,0.0,,0.0,,0.0,,0.0,515.2509559847043,1.163864391665241,33.968,1.658454465738229,14.192599525353481,0.9566010730087455,2018-03-19,2023-03-19,N,Sr Unsecured,FIXED,1,94.297
2019-01-31,,0.0,,0.0,,0.0,,0.0,515.2509559847043,1.163864391665241,33.968,1.658454465738229,14.192599525353481,0.9566010730087455,2018-03-19,2023-03-19,N,Sr Unsecured,FIXED,1,94.361
2019-02-01,,0.0,,0.0,,0.0,,0.0,515.2509559847043,1.163864391665241,33.968,1.658454465738229,14.192599525353481,0.9566010730087455,2018-03-19,2023-03-19,N,Sr Unsecured,FIXED,1,94.181
2019-02-04,,0.0,,0.0,,0.0,,0.0,515.2509559847043,1.163864391665241,33.968,1.658454465738229,14.192599525353481,0.9566010730087455,2018-03-19,2023-03-19,N,Sr Unsecured,FIXED,1,94.187
2019-02-05,,0.0,,0.0,,0.0,,0.0,515.2509559847043,1.163864391665241,33.968,1.658454465738229,14.192599525353481,0.9566010730087455,2018-03-19,2023-03-19,N,Sr Unsecured,FIXED,1,94.318
2019-02-06,,0.0,,0.0,,0.0,,0.0,515.2509559847043,1.163864391665241,33.968,1.658454465738229,14.192599525353481,0.9566010730087455,2018-03-19,2023-03-19,N,Sr Unsecured,FIXED,1,94.235
2019-02-07,,0.0,,0.0,,0.0,,0.0,515.2509559847043,1.163864391665241,33.968,1.658454465738229,14.192599525353481,0.9566010730087455,2018-03-19,2023-03-19,N,Sr Unsecured,FIXED,1,94.236
2019-02-08,,0.0,,0.0,,0.0,,0.0,515.2509559847043,1.163864391665241,33.968,1.658454465738229,14.192599525353481,0.9566010730087455,2018-03-19,2023-03-19,N,Sr Unsecured,FIXED,1,94.388
2019-02-11,,0.0,,0.0,,0.0,,0.0,515.2509559847043,1.163864391665241,33.968,1.658454465738229,14.192599525353481,0.9566010730087455,2018-03-19,2023-03-19,N,Sr Unsecured,FIXED,1,94.315
2019-02-12,,0.0,,0.0,,0.0,,0.0,515.2509559847043,1.163864391665241,33.968,1.658454465738229,14.192599525353481,0.9566010730087455,2018-03-19,2023-03-19,N,Sr Unsecured,FIXED,1,94.309
2019-02-13,,0.0,,0.0,,0.0,,0.0,515.2509559847043,1.163864391665241,33.968,1.658454465738229,14.192599525353481,0.9566010730087455,2018-03-19,2023-03-19,N,Sr Unsecured,FIXED,1,94.302
2019-02-14,,0.0,,0.0,,0.0,,0.0,515.2509559847043,1.163864391665241,33.968,1.658454465738229,14.192599525353481,0.9566010730087455,2018-03-19,2023-03-19,N,Sr Unsecured,FIXED,1,94.458
2019-02-15,,0.0,,0.0,,0.0,,0.0,515.2509559847043,1.163864391665241,33.968,1.658454465738229,14.192599525353481,0.9566010730087455,2018-03-19,2023-03-19,N,Sr Unsecured,FIXED,1,94.519
2019-02-19,,0.0,,0.0,,0.0,,0.0,515.2509559847043,1.163864391665241,33.968,1.658454465738229,14.192599525353481,0.9566010730087455,2018-03-19,2023-03-19,N,Sr Unsecured,FIXED,1,94.661
2019-02-20,,0.0,,0.0,,0.0,,0.0,515.2509559847043,1.163864391665241,33.968,1.658454465738229,14.192599525353481,0.9566010730087455,2018-03-19,2023-03-19,N,Sr Unsecured,FIXED,1,94.656
2019-02-21,,0.0,,0.0,,0.0,,0.0,515.2509559847043,1.163864391665241,33.968,1.658454465738229,14.192599525353481,0.9566010730087455,2018-03-19,2023-03-19,N,Sr Unsecured,FIXED,1,94.646
2019-02-22,,0.0,,0.0,,0.0,,0.0,515.2509559847043,1.163864391665241,33.968,1.658454465738229,14.192599525353481,0.9566010730087455,2018-03-19,2023-03-19,N,Sr Unsecured,FIXED,1,94.804
2019-02-25,,0.0,,0.0,,0.0,,0.0,515.2509559847043,1.163864391665241,33.968,1.658454465738229,14.192599525353481,0.9566010730087455,2018-03-19,2023-03-19,N,Sr Unsecured,FIXED,1,94.596
2019-02-26,,0.0,,0.0,,0.0,,0.0,515.2509559847043,1.163864391665241,33.968,1.658454465738229,14.192599525353481,0.9566010730087455,2018-03-19,2023-03-19,N,Sr Unsecured,FIXED,1,94.312
2019-02-27,,0.0,,0.0,,0.0,,0.0,515.2509559847043,1.163864391665241,33.968,1.658454465738229,14.192599525353481,0.9566010730087455,2018-03-19,2023-03-19,N,Sr Unsecured,FIXED,1,94.233
2019-02-28,,0.0,,0.0,,0.0,,0.0,515.2509559847043,1.163864391665241,33.968,1.658454465738229,14.192599525353481,0.9566010730087455,2018-03-19,2023-03-19,N,Sr Unsecured,FIXED,1,93.835
2019-03-01,,0.0,,0.0,,0.0,,0.0,515.2509559847043,1.163864391665241,33.968,1.658454465738229,14.192599525353481,0.9566010730087455,2018-03-19,2023-03-19,N,Sr Unsecured,FIXED,1,94.184
2019-03-04,,0.0,,0.0,,0.0,,0.0,515.2509559847043,1.163864391665241,33.968,1.658454465738229,14.192599525353481,0.9566010730087455,2018-03-19,2023-03-19,N,Sr Unsecured,FIXED,1,94.193
2019-03-05,,0.0,,0.0,,0.0,,0.0,515.2509559847043,1.163864391665241,33.968,1.658454465738229,14.192599525353481,0.9566010730087455,2018-03-19,2023-03-19,N,Sr Unsecured,FIXED,1,94.048
2019-03-06,,0.0,,0.0,,0.0,,0.0,515.2509559847043,1.163864391665241,33.968,1.658454465738229,14.192599525353481,0.9566010730087455,2018-03-19,2023-03-19,N,Sr Unsecured,FIXED,1,93.945
2019-03-07,,0.0,,0.0,,0.0,,0.0,515.2509559847043,1.163864391665241,33.968,1.658454465738229,14.192599525353481,0.9566010730087455,2018-03-19,2023-03-19,N,Sr Unsecured,FIXED,1,93.663
2019-03-08,,0.0,,0.0,,0.0,,0.0,515.2509559847043,1.163864391665241,33.968,1.658454465738229,14.192599525353481,0.9566010730087455,2018-03-19,2023-03-19,N,Sr Unsecured,FIXED,1,91.605
2019-03-11,,0.0,,0.0,,0.0,,0.0,515.2509559847043,1.163864391665241,33.968,1.658454465738229,14.192599525353481,0.9566010730087455,2018-03-19,2023-03-19,N,Sr Unsecured,FIXED,1,91.031
2019-03-12,,0.0,,0.0,,0.0,,0.0,515.2509559847043,1.163864391665241,33.968,1.658454465738229,14.192599525353481,0.9566010730087455,2018-03-19,2023-03-19,N,Sr Unsecured,FIXED,1,91.48
2019-03-13,,0.0,,0.0,,0.0,,0.0,515.2509559847043,1.163864391665241,33.968,1.658454465738229,14.192599525353481,0.9566010730087455,2018-03-19,2023-03-19,N,Sr Unsecured,FIXED,1,91.294
2019-03-14,,0.0,,0.0,,0.0,,0.0,515.2509559847043,1.163864391665241,33.968,1.658454465738229,14.192599525353481,0.9566010730087455,2018-03-19,2023-03-19,N,Sr Unsecured,FIXED,1,92.05
2019-03-15,,0.0,,0.0,,0.0,,0.0,515.2509559847043,1.163864391665241,33.968,1.658454465738229,14.192599525353481,0.9566010730087455,2018-03-19,2023-03-19,N,Sr Unsecured,FIXED,1,93.109
2019-03-18,,0.0,,0.0,,0.0,,0.0,515.2509559847043,1.163864391665241,33.968,1.658454465738229,14.192599525353481,0.9566010730087455,2018-03-19,2023-03-19,N,Sr Unsecured,FIXED,1,93.532
2019-03-19,,0.0,,0.0,,0.0,,0.0,515.2509559847043,1.163864391665241,33.968,1.658454465738229,14.192599525353481,0.9566010730087455,2018-03-19,2023-03-19,N,Sr Unsecured,FIXED,1,94.059
2019-03-20,,0.0,,0.0,,0.0,,0.0,515.2509559847043,1.163864391665241,33.968,1.658454465738229,14.192599525353481,0.9566010730087455,2018-03-19,2023-03-19,N,Sr Unsecured,FIXED,1,94.743
2019-03-21,,0.0,,0.0,,0.0,,0.0,515.2509559847043,1.163864391665241,33.968,1.658454465738229,14.192599525353481,0.9566010730087455,2018-03-19,2023-03-19,N,Sr Unsecured,FIXED,1,94.237
2019-03-22,,0.0,,0.0,,0.0,,0.0,515.2509559847043,1.163864391665241,33.968,1.658454465738229,14.192599525353481,0.9566010730087455,2018-03-19,2023-03-19,N,Sr Unsecured,FIXED,1,93.726
2019-03-25,,0.0,,0.0,,0.0,,0.0,515.2509559847043,1.163864391665241,33.968,1.658454465738229,14.192599525353481,0.9566010730087455,2018-03-19,2023-03-19,N,Sr Unsecured,FIXED,1,93.381
2019-03-26,,0.0,,0.0,,0.0,,0.0,515.2509559847043,1.163864391665241,33.968,1.658454465738229,14.192599525353481,0.9566010730087455,2018-03-19,2023-03-19,N,Sr Unsecured,FIXED,1,93.574
2019-03-27,,0.0,,0.0,,0.0,,0.0,515.2509559847043,1.163864391665241,33.968,1.658454465738229,14.192599525353481,0.9566010730087455,2018-03-19,2023-03-19,N,Sr Unsecured,FIXED,1,93.432
2019-03-28,,0.0,,0.0,,0.0,,0.0,515.2509559847043,1.163864391665241,33.968,1.658454465738229,14.192599525353481,0.9566010730087455,2018-03-19,2023-03-19,N,Sr Unsecured,FIXED,1,92.948
2019-03-29,,0.0,,0.0,,0.0,,0.0,515.2509559847043,1.163864391665241,33.968,1.658454465738229,14.192599525353481,0.9566010730087455,2018-03-19,2023-03-19,N,Sr Unsecured,FIXED,1,93.22
2019-04-01,,0.0,,0.0,,0.0,,0.0,515.2509559847043,1.163864391665241,33.968,1.658454465738229,14.192599525353481,0.9566010730087455,2018-03-19,2023-03-19,N,Sr Unsecured,FIXED,1,93.081
2019-04-02,,0.0,,0.0,,0.0,,0.0,515.2509559847043,1.163864391665241,33.968,1.658454465738229,14.192599525353481,0.9566010730087455,2018-03-19,2023-03-19,N,Sr Unsecured,FIXED,1,93.335
2019-04-03,,0.0,,0.0,,0.0,,0.0,515.2509559847043,1.163864391665241,33.968,1.658454465738229,14.192599525353481,0.9566010730087455,2018-03-19,2023-03-19,N,Sr Unsecured,FIXED,1,93.445
2019-04-04,,0.0,,0.0,,0.0,,0.0,515.2509559847043,1.163864391665241,33.968,1.658454465738229,14.192599525353481,0.9566010730087455,2018-03-19,2023-03-19,N,Sr Unsecured,FIXED,1,93.334
2019-04-05,,0.0,,0.0,,0.0,,0.0,515.2509559847043,1.163864391665241,33.968,1.658454465738229,14.192599525353481,0.9566010730087455,2018-03-19,2023-03-19,N,Sr Unsecured,FIXED,1,92.203
2019-04-08,,0.0,,0.0,,0.0,,0.0,515.2509559847043,1.163864391665241,33.968,1.658454465738229,14.192599525353481,0.9566010730087455,2018-03-19,2023-03-19,N,Sr Unsecured,FIXED,1,93.106
2019-04-09,,0.0,,0.0,,0.0,,0.0,515.2509559847043,1.163864391665241,33.968,1.658454465738229,14.192599525353481,0.9566010730087455,2018-03-19,2023-03-19,N,Sr Unsecured,FIXED,1,93.35
2019-04-10,,0.0,,0.0,,0.0,,0.0,515.2509559847043,1.163864391665241,33.968,1.658454465738229,14.192599525353481,0.9566010730087455,2018-03-19,2023-03-19,N,Sr Unsecured,FIXED,1,93.257
2019-04-11,,0.0,,0.0,,0.0,,0.0,515.2509559847043,1.163864391665241,33.968,1.658454465738229,14.192599525353481,0.9566010730087455,2018-03-19,2023-03-19,N,Sr Unsecured,FIXED,1,92.948
2019-04-12,,0.0,,0.0,,0.0,,0.0,515.2509559847043,1.163864391665241,33.968,1.658454465738229,14.192599525353481,0.9566010730087455,2018-03-19,2023-03-19,N,Sr Unsecured,FIXED,1,93.267
2019-04-15,,0.0,,0.0,,0.0,,0.0,515.2509559847043,1.163864391665241,33.968,1.658454465738229,14.192599525353481,0.9566010730087455,2018-03-19,2023-03-19,N,Sr Unsecured,FIXED,1,93.145
2019-04-16,,0.0,,0.0,,0.0,,0.0,515.2509559847043,1.163864391665241,33.968,1.658454465738229,14.192599525353481,0.9566010730087455,2018-03-19,2023-03-19,N,Sr Unsecured,FIXED,1,93.018
2019-04-17,,0.0,,0.0,,0.0,,0.0,515.2509559847043,1.163864391665241,33.968,1.658454465738229,14.192599525353481,0.9566010730087455,2018-03-19,2023-03-19,N,Sr Unsecured,FIXED,1,93.117
2019-04-18,,0.0,,0.0,,0.0,,0.0,515.2509559847043,1.163864391665241,33.968,1.658454465738229,14.192599525353481,0.9566010730087455,2018-03-19,2023-03-19,N,Sr Unsecured,FIXED,1,93.178
2019-04-22,,0.0,,0.0,,0.0,,0.0,515.2509559847043,1.163864391665241,33.968,1.658454465738229,14.192599525353481,0.9566010730087455,2018-03-19,2023-03-19,N,Sr Unsecured,FIXED,1,93.414
2019-04-23,,0.0,,0.0,,0.0,,0.0,515.2509559847043,1.163864391665241,33.968,1.658454465738229,14.192599525353481,0.9566010730087455,2018-03-19,2023-03-19,N,Sr Unsecured,FIXED,1,93.254
2019-04-24,,0.0,,0.0,,0.0,,0.0,515.2509559847043,1.163864391665241,33.968,1.658454465738229,14.192599525353481,0.9566010730087455,2018-03-19,2023-03-19,N,Sr Unsecured,FIXED,1,93.125
2019-04-25,,0.0,,0.0,,0.0,,0.0,515.2509559847043,1.163864391665241,33.968,1.658454465738229,14.192599525353481,0.9566010730087455,2018-03-19,2023-03-19,N,Sr Unsecured,FIXED,1,92.995
2019-04-26,,0.0,,0.0,,0.0,,0.0,515.2509559847043,1.163864391665241,33.968,1.658454465738229,14.192599525353481,0.9566010730087455,2018-03-19,2023-03-19,N,Sr Unsecured,FIXED,1,93.664
2019-04-29,,0.0,,0.0,,0.0,,0.0,515.2509559847043,1.163864391665241,33.968,1.658454465738229,14.192599525353481,0.9566010730087455,2018-03-19,2023-03-19,N,Sr Unsecured,FIXED,1,92.999
2019-04-30,,0.0,,0.0,,0.0,,0.0,515.2509559847043,1.163864391665241,33.968,1.658454465738229,14.192599525353481,0.9566010730087455,2018-03-19,2023-03-19,N,Sr Unsecured,FIXED,1,93.411
2019-05-01,,0.0,,0.0,,0.0,,0.0,515.2509559847043,1.163864391665241,33.968,1.658454465738229,14.192599525353481,0.9566010730087455,2018-03-19,2023-03-19,N,Sr Unsecured,FIXED,1,92.886
2019-05-02,,0.0,,0.0,,0.0,,0.0,515.2509559847043,1.163864391665241,33.968,1.658454465738229,14.192599525353481,0.9566010730087455,2018-03-19,2023-03-19,N,Sr Unsecured,FIXED,1,93.341
2019-05-03,,0.0,,0.0,,0.0,,0.0,515.2509559847043,1.163864391665241,33.968,1.658454465738229,14.192599525353481,0.9566010730087455,2018-03-19,2023-03-19,N,Sr Unsecured,FIXED,1,93.734
2019-05-06,,0.0,,0.0,,0.0,,0.0,515.2509559847043,1.163864391665241,33.968,1.658454465738229,14.192599525353481,0.9566010730087455,2018-03-19,2023-03-19,N,Sr Unsecured,FIXED,1,93.728
2019-05-07,,0.0,,0.0,,0.0,,0.0,515.2509559847043,1.163864391665241,33.968,1.658454465738229,14.192599525353481,0.9566010730087455,2018-03-19,2023-03-19,N,Sr Unsecured,FIXED,1,94.841
2019-05-08,,0.0,,0.0,,0.0,,0.0,515.2509559847043,1.163864391665241,33.968,1.658454465738229,14.192599525353481,0.9566010730087455,2018-03-19,2023-03-19,N,Sr Unsecured,FIXED,1,93.729
2019-05-09,,0.0,,0.0,,0.0,,0.0,515.2509559847043,1.163864391665241,33.968,1.658454465738229,14.192599525353481,0.9566010730087455,2018-03-19,2023-03-19,N,Sr Unsecured,FIXED,1,93.906
2019-05-10,,0.0,,0.0,,0.0,,0.0,515.2509559847043,1.163864391665241,33.968,1.658454465738229,14.192599525353481,0.9566010730087455,2018-03-19,2023-03-19,N,Sr Unsecured,FIXED,1,93.638
2019-05-13,,0.0,,0.0,,0.0,,0.0,515.2509559847043,1.163864391665241,33.968,1.658454465738229,14.192599525353481,0.9566010730087455,2018-03-19,2023-03-19,N,Sr Unsecured,FIXED,1,94.029
2019-05-14,,0.0,,0.0,,0.0,,0.0,515.2509559847043,1.163864391665241,33.968,1.658454465738229,14.192599525353481,0.9566010730087455,2018-03-19,2023-03-19,N,Sr Unsecured,FIXED,1,94.02
2019-05-15,,0.0,,0.0,,0.0,,0.0,515.2509559847043,1.163864391665241,33.968,1.658454465738229,14.192599525353481,0.9566010730087455,2018-03-19,2023-03-19,N,Sr Unsecured,FIXED,1,94.051
2019-05-16,,0.0,,0.0,,0.0,,0.0,515.2509559847043,1.163864391665241,33.968,1.658454465738229,14.192599525353481,0.9566010730087455,2018-03-19,2023-03-19,N,Sr Unsecured,FIXED,1,94.755
2019-05-17,,0.0,,0.0,,0.0,,0.0,515.2509559847043,1.163864391665241,33.968,1.658454465738229,14.192599525353481,0.9566010730087455,2018-03-19,2023-03-19,N,Sr Unsecured,FIXED,1,94.026
2019-05-20,,0.0,,0.0,,0.0,,0.0,515.2509559847043,1.163864391665241,33.968,1.658454465738229,14.192599525353481,0.9566010730087455,2018-03-19,2023-03-19,N,Sr Unsecured,FIXED,1,93.932
2019-05-21,,0.0,,0.0,,0.0,,0.0,515.2509559847043,1.163864391665241,33.968,1.658454465738229,14.192599525353481,0.9566010730087455,2018-03-19,2023-03-19,N,Sr Unsecured,FIXED,1,94.192
2019-05-22,,0.0,,0.0,,0.0,,0.0,515.2509559847043,1.163864391665241,33.968,1.658454465738229,14.192599525353481,0.9566010730087455,2018-03-19,2023-03-19,N,Sr Unsecured,FIXED,1,94.335
2019-05-23,,0.0,,0.0,,0.0,,0.0,515.2509559847043,1.163864391665241,33.968,1.658454465738229,14.192599525353481,0.9566010730087455,2018-03-19,2023-03-19,N,Sr Unsecured,FIXED,1,94.176
2019-05-24,,0.0,,0.0,,0.0,,0.0,515.2509559847043,1.163864391665241,33.968,1.658454465738229,14.192599525353481,0.9566010730087455,2018-03-19,2023-03-19,N,Sr Unsecured,FIXED,1,94.103
2019-05-28,,0.0,,0.0,,0.0,,0.0,515.2509559847043,1.163864391665241,33.968,1.658454465738229,14.192599525353481,0.9566010730087455,2018-03-19,2023-03-19,N,Sr Unsecured,FIXED,1,94.522
2019-05-29,,0.0,,0.0,,0.0,,0.0,515.2509559847043,1.163864391665241,33.968,1.658454465738229,14.192599525353481,0.9566010730087455,2018-03-19,2023-03-19,N,Sr Unsecured,FIXED,1,94.369
2019-05-30,,0.0,,0.0,,0.0,,0.0,515.2509559847043,1.163864391665241,33.968,1.658454465738229,14.192599525353481,0.9566010730087455,2018-03-19,2023-03-19,N,Sr Unsecured,FIXED,1,94.627
2019-05-31,,0.0,,0.0,,0.0,,0.0,515.2509559847043,1.163864391665241,33.968,1.658454465738229,14.192599525353481,0.9566010730087455,2018-03-19,2023-03-19,N,Sr Unsecured,FIXED,1,94.739
2019-06-03,,0.0,,0.0,,0.0,,0.0,515.2509559847043,1.163864391665241,33.968,1.658454465738229,14.192599525353481,0.9566010730087455,2018-03-19,2023-03-19,N,Sr Unsecured,FIXED,1,94.601
2019-06-04,,0.0,,0.0,,0.0,,0.0,515.2509559847043,1.163864391665241,33.968,1.658454465738229,14.192599525353481,0.9566010730087455,2018-03-19,2023-03-19,N,Sr Unsecured,FIXED,1,94.299
2019-06-05,,0.0,,0.0,,0.0,,0.0,515.2509559847043,1.163864391665241,33.968,1.658454465738229,14.192599525353481,0.9566010730087455,2018-03-19,2023-03-19,N,Sr Unsecured,FIXED,1,94.68
2019-06-06,,0.0,,0.0,,0.0,,0.0,515.2509559847043,1.163864391665241,33.968,1.658454465738229,14.192599525353481,0.9566010730087455,2018-03-19,2023-03-19,N,Sr Unsecured,FIXED,1,94.613
2019-06-07,,0.0,,0.0,,0.0,,0.0,515.2509559847043,1.163864391665241,33.968,1.658454465738229,14.192599525353481,0.9566010730087455,2018-03-19,2023-03-19,N,Sr Unsecured,FIXED,1,94.858
2019-06-10,,0.0,,0.0,,0.0,,0.0,515.2509559847043,1.163864391665241,33.968,1.658454465738229,14.192599525353481,0.9566010730087455,2018-03-19,2023-03-19,N,Sr Unsecured,FIXED,1,95.043
2019-06-11,,0.0,,0.0,,0.0,,0.0,515.2509559847043,1.163864391665241,33.968,1.658454465738229,14.192599525353481,0.9566010730087455,2018-03-19,2023-03-19,N,Sr Unsecured,FIXED,1,95.404
2019-06-12,,0.0,,0.0,,0.0,,0.0,515.2509559847043,1.163864391665241,33.968,1.658454465738229,14.192599525353481,0.9566010730087455,2018-03-19,2023-03-19,N,Sr Unsecured,FIXED,1,95.611
2019-06-13,,0.0,,0.0,,0.0,,0.0,515.2509559847043,1.163864391665241,33.968,1.658454465738229,14.192599525353481,0.9566010730087455,2018-03-19,2023-03-19,N,Sr Unsecured,FIXED,1,95.814
2019-06-14,,0.0,,0.0,,0.0,,0.0,515.2509559847043,1.163864391665241,33.968,1.658454465738229,14.192599525353481,0.9566010730087455,2018-03-19,2023-03-19,N,Sr Unsecured,FIXED,1,95.737
2019-06-17,,0.0,,0.0,,0.0,,0.0,515.2509559847043,1.163864391665241,33.968,1.658454465738229,14.192599525353481,0.9566010730087455,2018-03-19,2023-03-19,N,Sr Unsecured,FIXED,1,96.547
2019-06-18,,0.0,,0.0,,0.0,,0.0,515.2509559847043,1.163864391665241,33.968,1.658454465738229,14.192599525353481,0.9566010730087455,2018-03-19,2023-03-19,N,Sr Unsecured,FIXED,1,96.594
2019-06-19,,0.0,,0.0,,0.0,,0.0,515.2509559847043,1.163864391665241,33.968,1.658454465738229,14.192599525353481,0.9566010730087455,2018-03-19,2023-03-19,N,Sr Unsecured,FIXED,1,93.232
2019-06-20,,0.0,,0.0,,0.0,,0.0,515.2509559847043,1.163864391665241,33.968,1.658454465738229,14.192599525353481,0.9566010730087455,2018-03-19,2023-03-19,N,Sr Unsecured,FIXED,1,90.933
2019-06-21,,0.0,,0.0,,0.0,,0.0,515.2509559847043,1.163864391665241,33.968,1.658454465738229,14.192599525353481,0.9566010730087455,2018-03-19,2023-03-19,N,Sr Unsecured,FIXED,1,92.331
2019-06-24,,0.0,,0.0,,0.0,,0.0,515.2509559847043,1.163864391665241,33.968,1.658454465738229,14.192599525353481,0.9566010730087455,2018-03-19,2023-03-19,N,Sr Unsecured,FIXED,1,93.743
2019-06-25,,0.0,,0.0,,0.0,,0.0,515.2509559847043,1.163864391665241,33.968,1.658454465738229,14.192599525353481,0.9566010730087455,2018-03-19,2023-03-19,N,Sr Unsecured,FIXED,1,93.278
2019-06-26,,0.0,,0.0,,0.0,,0.0,515.2509559847043,1.163864391665241,33.968,1.658454465738229,14.192599525353481,0.9566010730087455,2018-03-19,2023-03-19,N,Sr Unsecured,FIXED,1,92.654
2019-06-27,,0.0,,0.0,,0.0,,0.0,515.2509559847043,1.163864391665241,33.968,1.658454465738229,14.192599525353481,0.9566010730087455,2018-03-19,2023-03-19,N,Sr Unsecured,FIXED,1,92.683
2019-06-28,,0.0,,0.0,,0.0,,0.0,515.2509559847043,1.163864391665241,33.968,1.658454465738229,14.192599525353481,0.9566010730087455,2018-03-19,2023-03-19,N,Sr Unsecured,FIXED,1,92.553
2019-07-01,,0.0,,0.0,,0.0,,0.0,515.2509559847043,1.163864391665241,33.968,1.658454465738229,14.192599525353481,0.9566010730087455,2018-03-19,2023-03-19,N,Sr Unsecured,FIXED,1,92.586
2019-07-02,,0.0,,0.0,,0.0,,0.0,515.2509559847043,1.163864391665241,33.968,1.658454465738229,14.192599525353481,0.9566010730087455,2018-03-19,2023-03-19,N,Sr Unsecured,FIXED,1,92.723
2019-07-03,,0.0,,0.0,,0.0,,0.0,515.2509559847043,1.163864391665241,33.968,1.658454465738229,14.192599525353481,0.9566010730087455,2018-03-19,2023-03-19,N,Sr Unsecured,FIXED,1,92.836
2019-07-05,,0.0,,0.0,,0.0,,0.0,515.2509559847043,1.163864391665241,33.968,1.658454465738229,14.192599525353481,0.9566010730087455,2018-03-19,2023-03-19,N,Sr Unsecured,FIXED,1,93.202
2019-07-08,,0.0,,0.0,,0.0,,0.0,515.2509559847043,1.163864391665241,33.968,1.658454465738229,14.192599525353481,0.9566010730087455,2018-03-19,2023-03-19,N,Sr Unsecured,FIXED,1,94.413
2019-07-09,,0.0,,0.0,,0.0,,0.0,515.2509559847043,1.163864391665241,33.968,1.658454465738229,14.192599525353481,0.9566010730087455,2018-03-19,2023-03-19,N,Sr Unsecured,FIXED,1,94.554
2019-07-10,,0.0,,0.0,,0.0,,0.0,515.2509559847043,1.163864391665241,33.968,1.658454465738229,14.192599525353481,0.9566010730087455,2018-03-19,2023-03-19,N,Sr Unsecured,FIXED,1,95.187
2019-07-11,,0.0,,0.0,,0.0,,0.0,515.2509559847043,1.163864391665241,33.968,1.658454465738229,14.192599525353481,0.9566010730087455,2018-03-19,2023-03-19,N,Sr Unsecured,FIXED,1,95.126
2019-07-12,,0.0,,0.0,,0.0,,0.0,515.2509559847043,1.163864391665241,33.968,1.658454465738229,14.192599525353481,0.9566010730087455,2018-03-19,2023-03-19,N,Sr Unsecured,FIXED,1,96.215
2019-07-15,,0.0,,0.0,,0.0,,0.0,515.2509559847043,1.163864391665241,33.968,1.658454465738229,14.192599525353481,0.9566010730087455,2018-03-19,2023-03-19,N,Sr Unsecured,FIXED,1,95.072
2019-07-16,,0.0,,0.0,,0.0,,0.0,515.2509559847043,1.163864391665241,33.968,1.658454465738229,14.192599525353481,0.9566010730087455,2018-03-19,2023-03-19,N,Sr Unsecured,FIXED,1,94.978
2019-07-17,,0.0,,0.0,,0.0,,0.0,515.2509559847043,1.163864391665241,33.968,1.658454465738229,14.192599525353481,0.9566010730087455,2018-03-19,2023-03-19,N,Sr Unsecured,FIXED,1,94.981
2019-07-18,,0.0,,0.0,,0.0,,0.0,515.2509559847043,1.163864391665241,33.968,1.658454465738229,14.192599525353481,0.9566010730087455,2018-03-19,2023-03-19,N,Sr Unsecured,FIXED,1,94.571
2019-07-19,,0.0,,0.0,,0.0,,0.0,515.2509559847043,1.163864391665241,33.968,1.658454465738229,14.192599525353481,0.9566010730087455,2018-03-19,2023-03-19,N,Sr Unsecured,FIXED,1,94.266
2019-07-22,,0.0,,0.0,,0.0,,0.0,515.2509559847043,1.163864391665241,33.968,1.658454465738229,14.192599525353481,0.9566010730087455,2018-03-19,2023-03-19,N,Sr Unsecured,FIXED,1,94.543
2019-07-23,,0.0,,0.0,,0.0,,0.0,515.2509559847043,1.163864391665241,33.968,1.658454465738229,14.192599525353481,0.9566010730087455,2018-03-19,2023-03-19,N,Sr Unsecured,FIXED,1,94.571
2019-07-24,,0.0,,0.0,,0.0,,0.0,515.2509559847043,1.163864391665241,33.968,1.658454465738229,14.192599525353481,0.9566010730087455,2018-03-19,2023-03-19,N,Sr Unsecured,FIXED,1,95.665
2019-07-25,,0.0,,0.0,,0.0,,0.0,515.2509559847043,1.163864391665241,33.968,1.658454465738229,14.192599525353481,0.9566010730087455,2018-03-19,2023-03-19,N,Sr Unsecured,FIXED,1,95.542
2019-07-26,,0.0,,0.0,,0.0,,0.0,515.2509559847043,1.163864391665241,33.968,1.658454465738229,14.192599525353481,0.9566010730087455,2018-03-19,2023-03-19,N,Sr Unsecured,FIXED,1,96.56
2019-07-29,,0.0,,0.0,,0.0,,0.0,515.2509559847043,1.163864391665241,33.968,1.658454465738229,14.192599525353481,0.9566010730087455,2018-03-19,2023-03-19,N,Sr Unsecured,FIXED,1,95.743
2019-07-30,,0.0,,0.0,,0.0,,0.0,515.2509559847043,1.163864391665241,33.968,1.658454465738229,14.192599525353481,0.9566010730087455,2018-03-19,2023-03-19,N,Sr Unsecured,FIXED,1,95.745
