date,Commodity_Index
2010-01-01,483.49
2010-01-04,494.19
2010-01-05,493.66
2010-01-06,494.1
2010-01-07,495.44
2010-01-08,498.36
2010-01-11,498.92
2010-01-12,497.39
2010-01-13,496.69
2010-01-14,496.97
2010-01-15,495.51
2010-01-18,495.51
2010-01-19,494.87
2010-01-20,494.87
2010-01-21,494.9
2010-01-22,492.16
2010-01-25,492.47
2010-01-26,490.35
2010-01-27,488.92
2010-01-28,479.15
2010-01-29,474.96
2010-02-01,471.27
2010-02-02,469.26
2010-02-03,469.44
2010-02-04,468.11
2010-02-05,465.89
2010-02-08,463.23
2010-02-09,469.26
2010-02-10,471.49
2010-02-11,474.98
2010-02-12,474.65
2010-02-15,474.65
2010-02-16,477.52
2010-02-17,480.48
2010-02-18,481.92
2010-02-19,484.04
2010-02-22,485.58
2010-02-23,484.47
2010-02-24,484.04
2010-02-25,483.57
2010-02-26,486.26
2010-03-01,488.52
2010-03-02,487.35
2010-03-03,490.53
2010-03-04,490.31
2010-03-05,497.45
2010-03-08,499.04
2010-03-09,499.15
2010-03-10,499.65
2010-03-11,500.06
2010-03-12,500.42
2010-03-15,500.08
2010-03-16,500.92
2010-03-17,501.89
2010-03-18,503.52
2010-03-19,504.54
2010-03-22,504.44
2010-03-23,502.77
2010-03-24,501.12
2010-03-25,501.12
2010-03-26,501.51
2010-03-29,504.09
2010-03-30,502.43
2010-03-31,503.61
2010-04-01,505.56
2010-04-02,505.56
2010-04-05,507.07
2010-04-06,508.52
2010-04-07,508.19
2010-04-08,507.27
2010-04-09,506.57
2010-04-12,506.87
2010-04-13,509.22
2010-04-14,510.36
2010-04-15,512.9
2010-04-16,513.29
2010-04-19,509.94
2010-04-20,513.43
2010-04-21,513.52
2010-04-22,513.22
2010-04-23,514.37
2010-04-26,515.5
2010-04-27,511.67
2010-04-28,508.83
2010-04-29,509.61
2010-04-30,510.4
2010-05-03,508.32
2010-05-04,504.03
2010-05-05,500.46
2010-05-06,497.33
2010-05-07,492.8
2010-05-10,494.79
2010-05-11,490.68
2010-05-12,491.6
2010-05-13,492.12
2010-05-14,490.45
2010-05-17,485.41
2010-05-18,484.81
2010-05-19,482.45
2010-05-20,481.64
2010-05-21,483.15
2010-05-24,485.5
2010-05-25,482.76
2010-05-26,480.35
2010-05-27,481.08
2010-05-28,481.4
2010-05-31,481.4
2010-06-01,476.76
2010-06-02,475.9
2010-06-03,473.25
2010-06-04,469.41
2010-06-07,465.05
2010-06-08,466.53
2010-06-09,472.21
2010-06-10,472.61
2010-06-11,475.78
2010-06-14,478.01
2010-06-15,479.25
2010-06-16,480.36
2010-06-17,477.13
2010-06-18,476.44
2010-06-21,479.95
2010-06-22,479.17
2010-06-23,479.04
2010-06-24,481.0
2010-06-25,482.8
2010-06-28,483.37
2010-06-29,477.21
2010-06-30,475.45
2010-07-01,474.13
2010-07-02,473.48
2010-07-05,473.48
2010-07-06,475.11
2010-07-07,471.98
2010-07-08,472.21
2010-07-09,473.19
2010-07-12,472.27
2010-07-13,472.33
2010-07-14,472.58
2010-07-15,471.29
2010-07-16,469.93
2010-07-19,469.69
2010-07-20,469.86
2010-07-21,473.13
2010-07-22,475.02
2010-07-23,476.01
2010-07-26,477.75
2010-07-27,479.06
2010-07-28,484.25
2010-07-29,485.8
2010-07-30,486.96
2010-08-02,489.07
2010-08-03,490.03
2010-08-04,492.21
2010-08-05,496.85
2010-08-06,497.74
2010-08-09,499.84
2010-08-10,497.77
2010-08-11,496.54
2010-08-12,496.63
2010-08-13,497.92
2010-08-16,499.01
2010-08-17,502.04
2010-08-18,502.67
2010-08-19,502.02
2010-08-20,500.16
2010-08-23,499.03
2010-08-24,500.51
2010-08-25,499.59
2010-08-26,500.87
2010-08-27,503.34
2010-08-30,504.28
2010-08-31,503.74
2010-09-01,506.79
2010-09-02,510.48
2010-09-03,509.85
2010-09-06,509.85
2010-09-07,511.28
2010-09-08,512.52
2010-09-09,511.9
2010-09-10,511.1
2010-09-13,513.06
2010-09-14,514.52
2010-09-15,514.92
2010-09-16,517.27
2010-09-17,520.49
2010-09-20,519.87
2010-09-21,521.35
2010-09-22,521.71
2010-09-23,523.93
2010-09-24,526.06
2010-09-27,526.95
2010-09-28,527.22
2010-09-29,528.05
2010-09-30,528.31
2010-10-01,529.3
2010-10-04,528.98
2010-10-05,532.98
2010-10-06,531.77
2010-10-07,531.97
2010-10-08,533.85
2010-10-11,533.85
2010-10-12,537.62
2010-10-13,540.91
2010-10-14,543.18
2010-10-15,539.94
2010-10-18,540.57
2010-10-19,538.64
2010-10-20,540.49
2010-10-21,544.41
2010-10-22,545.82
2010-10-25,550.73
2010-10-26,550.06
2010-10-27,545.92
2010-10-28,544.71
2010-10-29,543.0
2010-11-01,546.44
2010-11-02,548.11
2010-11-03,552.7
2010-11-04,558.34
2010-11-05,558.52
2010-11-08,559.12
2010-11-09,565.84
2010-11-10,562.77
2010-11-11,568.45
2010-11-12,563.2
2010-11-15,558.71
2010-11-16,552.64
2010-11-17,545.93
2010-11-18,552.55
2010-11-19,557.01
2010-11-22,544.06
2010-11-23,548.06
2010-11-24,550.71
2010-11-25,551.0
2010-11-26,548.64
2010-11-29,551.99
2010-11-30,551.06
2010-12-01,556.4
2010-12-02,560.22
2010-12-03,567.46
2010-12-06,567.56
2010-12-07,571.18
2010-12-08,571.07
2010-12-09,574.35
2010-12-10,575.57
2010-12-13,576.69
2010-12-14,570.87
2010-12-15,573.94
2010-12-16,574.11
2010-12-17,574.67
2010-12-20,576.93
2010-12-21,579.78
2010-12-22,580.42
2010-12-23,577.95
2010-12-24,577.95
2010-12-27,580.22
2010-12-28,580.33
2010-12-29,579.71
2010-12-30,581.68
2010-12-31,583.81
2011-01-03,584.07
2011-01-04,583.21
2011-01-05,583.21
2011-01-06,582.51
2011-01-07,581.98
2011-01-10,588.51
2011-01-11,590.99
2011-01-12,592.67
2011-01-13,591.45
2011-01-14,590.69
2011-01-17,590.69
2011-01-18,593.84
2011-01-19,594.76
2011-01-20,595.31
2011-01-21,596.44
2011-01-24,602.87
2011-01-25,601.72
2011-01-26,603.57
2011-01-27,603.57
2011-01-28,606.22
2011-01-31,609.02
2011-02-01,609.99
2011-02-02,612.8
2011-02-03,612.72
2011-02-04,612.54
2011-02-07,613.58
2011-02-08,614.52
2011-02-09,615.03
2011-02-10,616.58
2011-02-11,616.64
2011-02-14,618.3
2011-02-15,620.1
2011-02-16,621.43
2011-02-17,621.38
2011-02-18,615.1
2011-02-21,615.1
2011-02-22,617.61
2011-02-23,614.99
2011-02-24,612.19
2011-02-25,616.69
2011-02-28,620.34
2011-03-01,620.34
2011-03-02,622.24
2011-03-03,622.38
2011-03-04,625.2
2011-03-07,623.71
2011-03-08,619.06
2011-03-09,616.46
2011-03-10,613.71
2011-03-11,612.6
2011-03-14,611.36
2011-03-15,606.08
2011-03-16,606.08
2011-03-17,606.08
2011-03-18,618.02
2011-03-21,617.27
2011-03-22,620.61
2011-03-23,622.43
2011-03-24,626.56
2011-03-25,626.76
2011-03-28,628.83
2011-03-29,626.04
2011-03-30,624.69
2011-03-31,627.38
2011-04-01,624.97
2011-04-04,623.96
2011-04-05,628.3
2011-04-06,632.32
2011-04-07,634.25
2011-04-08,635.89
2011-04-11,638.06
2011-04-12,638.06
2011-04-13,635.37
2011-04-14,633.85
2011-04-15,630.42
2011-04-18,629.93
2011-04-19,627.69
2011-04-20,627.03
2011-04-21,627.9
2011-04-22,627.9
2011-04-25,625.87
2011-04-26,624.56
2011-04-27,619.53
2011-04-28,618.87
2011-04-29,619.54
2011-05-02,618.36
2011-05-03,618.36
2011-05-04,615.54
2011-05-05,606.07
2011-05-06,603.27
2011-05-09,602.94
2011-05-10,602.69
2011-05-11,602.69
2011-05-12,600.76
2011-05-13,601.35
2011-05-16,601.68
2011-05-17,602.94
2011-05-18,605.07
2011-05-19,604.48
2011-05-20,606.74
2011-05-23,602.67
2011-05-24,601.8
2011-05-25,606.44
2011-05-26,606.37
2011-05-27,606.74
2011-05-30,606.74
2011-05-31,611.97
2011-06-01,611.88
2011-06-02,611.33
2011-06-03,608.83
2011-06-06,606.41
2011-06-07,604.49
2011-06-08,604.67
2011-06-09,606.52
2011-06-10,606.48
2011-06-13,603.92
2011-06-14,606.77
2011-06-15,605.95
2011-06-16,602.8
2011-06-17,601.87
2011-06-20,598.64
2011-06-21,599.42
2011-06-22,597.34
2011-06-23,595.56
2011-06-24,596.98
2011-06-27,597.46
2011-06-28,597.65
2011-06-29,598.95
2011-06-30,600.62
2011-07-01,600.57
2011-07-04,600.57
2011-07-05,600.57
2011-07-06,601.33
2011-07-07,603.5
2011-07-08,602.73
2011-07-11,598.11
2011-07-12,593.53
2011-07-13,596.03
2011-07-14,596.26
2011-07-15,593.92
2011-07-18,591.15
2011-07-19,594.84
2011-07-20,594.89
2011-07-21,593.97
2011-07-22,594.35
2011-07-25,593.59
2011-07-26,595.98
2011-07-27,596.78
2011-07-28,596.57
2011-07-29,595.35
2011-08-01,596.78
2011-08-02,596.28
2011-08-03,590.42
2011-08-04,586.81
2011-08-05,581.52
2011-08-08,575.58
2011-08-09,571.18
2011-08-10,571.36
2011-08-11,564.93
2011-08-12,568.06
2011-08-15,570.96
2011-08-16,568.7
2011-08-17,570.12
2011-08-18,567.72
2011-08-19,566.34
2011-08-22,566.06
2011-08-23,566.51
2011-08-24,565.52
2011-08-25,565.85
2011-08-26,567.82
2011-08-29,568.61
2011-08-30,569.68
2011-08-31,571.63
2011-09-01,571.74
2011-09-02,571.11
2011-09-05,571.11
2011-09-06,571.19
2011-09-07,573.28
2011-09-08,575.48
2011-09-09,573.43
2011-09-12,571.12
2011-09-13,569.48
2011-09-14,569.37
2011-09-15,568.53
2011-09-16,568.19
2011-09-19,563.24
2011-09-20,560.22
2011-09-21,558.5
2011-09-22,547.9
2011-09-23,543.69
2011-09-26,545.59
2011-09-27,546.6
2011-09-28,543.11
2011-09-29,538.47
2011-09-30,535.96
2011-10-03,533.39
2011-10-04,533.44
2011-10-05,535.0
2011-10-06,537.53
2011-10-07,537.95
2011-10-10,539.76
2011-10-11,539.18
2011-10-12,538.95
2011-10-13,539.35
2011-10-14,539.35
2011-10-17,538.42
2011-10-18,536.27
2011-10-19,535.61
2011-10-20,530.09
2011-10-21,531.63
2011-10-24,535.65
2011-10-25,537.5
2011-10-26,536.85
2011-10-27,538.93
2011-10-28,540.03
2011-10-31,537.91
2011-11-01,533.61
2011-11-02,533.05
2011-11-03,536.05
2011-11-04,529.5
2011-11-07,535.19
2011-11-08,532.53
2011-11-09,531.06
2011-11-10,530.4
2011-11-11,531.03
2011-11-14,530.53
2011-11-15,530.95
2011-11-16,530.0
2011-11-17,527.38
2011-11-18,527.48
2011-11-21,523.83
2011-11-22,523.32
2011-11-23,523.25
2011-11-24,523.25
2011-11-25,521.36
2011-11-28,523.68
2011-11-29,525.0
2011-11-30,528.0
2011-12-01,527.0
2011-12-02,527.16
2011-12-05,528.0
2011-12-06,527.38
2011-12-07,527.18
2011-12-08,526.68
2011-12-09,525.89
2011-12-12,522.2
2011-12-13,519.84
2011-12-14,514.63
2011-12-15,513.76
2011-12-16,514.61
2011-12-19,514.55
2011-12-20,513.96
2011-12-21,514.84
2011-12-22,514.43
2011-12-23,515.46
2011-12-26,515.46
2011-12-27,515.65
2011-12-28,516.03
2011-12-29,515.62
2011-12-30,516.84
2012-01-02,516.84
2012-01-03,519.45
2012-01-04,520.95
2012-01-05,520.38
2012-01-06,520.57
2012-01-09,520.97
2012-01-10,522.47
2012-01-11,524.8
2012-01-12,526.88
2012-01-13,527.46
2012-01-16,527.46
2012-01-17,531.39
2012-01-18,531.7
2012-01-19,532.11
2012-01-20,533.71
2012-01-23,534.53
2012-01-24,535.39
2012-01-25,535.24
2012-01-26,541.41
2012-01-27,548.29
2012-01-30,547.38
2012-01-31,546.4
2012-02-01,547.52
2012-02-02,547.99
2012-02-03,550.3
2012-02-06,548.01
2012-02-07,546.84
2012-02-08,548.39
2012-02-09,549.43
2012-02-10,548.41
2012-02-13,548.44
2012-02-14,547.18
2012-02-15,545.66
2012-02-16,546.43
2012-02-17,544.02
2012-02-20,544.02
2012-02-21,545.12
2012-02-22,544.28
2012-02-23,544.02
2012-02-24,546.98
2012-02-27,546.96
2012-02-28,548.08
2012-02-29,549.52
2012-03-01,549.12
2012-03-02,546.86
2012-03-05,548.65
2012-03-06,543.6
2012-03-07,542.17
2012-03-08,544.27
2012-03-09,545.7
2012-03-12,545.8
2012-03-13,547.02
2012-03-14,547.69
2012-03-15,547.61
2012-03-16,547.9
2012-03-19,548.79
2012-03-20,546.44
2012-03-21,545.83
2012-03-22,541.95
2012-03-23,542.08
2012-03-26,543.48
2012-03-27,542.74
2012-03-28,539.54
2012-03-29,539.22
2012-03-30,540.37
2012-04-02,540.93
2012-04-03,540.75
2012-04-04,538.07
2012-04-05,537.52
2012-04-06,537.52
2012-04-09,537.86
2012-04-10,537.6
2012-04-11,538.22
2012-04-12,539.99
2012-04-13,540.45
2012-04-16,535.69
2012-04-17,535.3
2012-04-18,535.69
2012-04-19,535.35
2012-04-20,536.06
2012-04-23,535.42
2012-04-24,538.35
2012-04-25,538.66
2012-04-26,542.38
2012-04-27,542.97
2012-04-30,542.84
2012-05-01,543.38
2012-05-02,542.03
2012-05-03,540.79
2012-05-04,532.17
2012-05-07,538.85
2012-05-08,536.96
2012-05-09,535.56
2012-05-10,529.97
2012-05-11,529.62
2012-05-14,528.16
2012-05-15,526.95
2012-05-16,523.98
2012-05-17,521.76
2012-05-18,521.72
2012-05-21,522.79
2012-05-22,520.51
2012-05-23,516.15
2012-05-24,515.11
2012-05-25,515.34
2012-05-28,515.34
2012-05-29,516.06
2012-05-30,513.64
2012-05-31,513.17
2012-06-01,510.05
2012-06-04,509.09
2012-06-05,507.43
2012-06-06,511.38
2012-06-07,513.94
2012-06-08,512.74
2012-06-11,514.83
2012-06-12,514.8
2012-06-13,514.17
2012-06-14,515.97
2012-06-15,516.88
2012-06-18,515.28
2012-06-19,516.38
2012-06-20,514.24
2012-06-21,510.07
2012-06-22,508.91
2012-06-25,509.02
2012-06-26,506.2
2012-06-27,499.74
2012-06-28,499.45
2012-06-29,502.17
2012-07-02,503.36
2012-07-03,505.31
2012-07-04,505.31
2012-07-05,506.59
2012-07-06,504.8
2012-07-09,503.69
2012-07-10,497.99
2012-07-11,499.83
2012-07-12,497.95
2012-07-13,500.75
2012-07-16,501.58
2012-07-17,500.04
2012-07-18,501.01
2012-07-19,502.61
2012-07-20,502.36
2012-07-23,499.64
2012-07-24,496.34
2012-07-25,495.95
2012-07-26,497.01
2012-07-27,498.53
2012-07-30,498.54
2012-07-31,498.7
2012-08-01,496.18
2012-08-02,494.8
2012-08-03,497.3
2012-08-06,498.61
2012-08-07,510.2
2012-08-08,510.61
2012-08-09,510.9
2012-08-10,508.48
2012-08-13,506.5
2012-08-14,507.28
2012-08-15,508.13
2012-08-16,507.69
2012-08-17,509.4
2012-08-20,509.74
2012-08-21,512.92
2012-08-22,513.91
2012-08-23,517.38
2012-08-24,517.87
2012-08-27,518.49
2012-08-28,518.76
2012-08-29,519.67
2012-08-30,516.92
2012-08-31,519.03
2012-09-03,519.03
2012-09-04,518.62
2012-09-05,519.89
2012-09-06,519.94
2012-09-07,522.95
2012-09-10,521.81
2012-09-11,522.08
2012-09-12,523.0
2012-09-13,521.99
2012-09-14,526.59
2012-09-17,526.95
2012-09-18,525.67
2012-09-19,527.18
2012-09-20,528.21
2012-09-21,523.54
2012-09-24,526.5
2012-09-25,529.17
2012-09-26,530.32
2012-09-27,530.57
2012-09-28,530.57
2012-10-01,531.98
2012-10-02,528.88
2012-10-03,528.93
2012-10-04,527.98
2012-10-05,527.47
2012-10-08,525.68
2012-10-09,519.82
2012-10-10,519.21
2012-10-11,517.98
2012-10-12,518.11
2012-10-15,516.6
2012-10-16,516.77
2012-10-17,517.83
2012-10-18,518.21
2012-10-19,516.37
2012-10-22,513.74
2012-10-23,509.35
2012-10-24,505.75
2012-10-25,504.56
2012-10-26,502.42
2012-10-29,501.17
2012-10-30,500.35
2012-10-31,499.47
2012-11-01,500.54
2012-11-02,498.45
2012-11-05,499.22
2012-11-06,499.35
2012-11-07,498.9
2012-11-08,505.22
2012-11-09,505.23
2012-11-12,505.3
2012-11-13,506.5
2012-11-14,507.17
2012-11-15,508.61
2012-11-16,507.42
2012-11-19,507.75
2012-11-20,507.99
2012-11-21,507.6
2012-11-22,507.6
2012-11-23,507.17
2012-11-26,508.44
2012-11-27,510.43
2012-11-28,510.51
2012-11-29,512.43
2012-11-30,514.92
2012-12-03,515.56
2012-12-04,516.5
2012-12-05,520.28
2012-12-06,520.21
2012-12-07,518.56
2012-12-10,521.05
2012-12-11,523.72
2012-12-12,525.53
2012-12-13,524.27
2012-12-14,524.2
2012-12-17,525.72
2012-12-18,525.99
2012-12-19,528.01
2012-12-20,529.28
2012-12-21,529.56
2012-12-24,529.04
2012-12-25,529.04
2012-12-26,530.08
2012-12-27,530.11
2012-12-28,529.7
2012-12-31,530.4
2013-01-01,530.4
2013-01-02,528.52
2013-01-03,529.06
2013-01-04,530.32
2013-01-07,530.0
2013-01-08,529.3
2013-01-09,529.58
2013-01-10,532.5
2013-01-11,532.04
2013-01-14,532.04
2013-01-15,532.2
2013-01-16,532.68
2013-01-17,533.82
2013-01-18,534.84
2013-01-21,534.84
2013-01-22,536.81
2013-01-23,536.5
2013-01-24,544.88
2013-01-25,541.19
2013-01-28,541.45
2013-01-29,542.37
2013-01-30,544.14
2013-01-31,545.05
2013-02-01,545.37
2013-02-04,542.44
2013-02-05,542.59
2013-02-06,540.21
2013-02-07,539.9
2013-02-08,538.11
2013-02-11,542.36
2013-02-12,542.89
2013-02-13,541.93
2013-02-14,542.57
2013-02-15,544.37
2013-02-18,544.37
2013-02-19,544.95
2013-02-20,541.05
2013-02-21,538.7
2013-02-22,533.74
2013-02-25,533.22
2013-02-26,533.15
2013-02-27,536.51
2013-02-28,536.9
2013-03-01,535.27
2013-03-04,534.85
2013-03-05,534.68
2013-03-06,534.34
2013-03-07,534.75
2013-03-08,540.3
2013-03-11,540.43
2013-03-12,540.75
2013-03-13,542.4
2013-03-14,543.9
2013-03-15,544.13
2013-03-18,540.66
2013-03-19,540.13
2013-03-20,539.67
2013-03-21,539.93
2013-03-22,540.12
2013-03-25,540.54
2013-03-26,540.92
2013-03-27,539.84
2013-03-28,539.22
2013-03-29,539.22
2013-04-01,538.78
2013-04-02,538.62
2013-04-03,537.28
2013-04-04,536.88
2013-04-05,533.83
2013-04-08,534.22
2013-04-09,534.73
2013-04-10,529.92
2013-04-11,534.64
2013-04-12,533.44
2013-04-15,528.73
2013-04-16,527.76
2013-04-17,527.97
2013-04-18,528.5
2013-04-19,529.23
2013-04-22,529.14
2013-04-23,526.02
2013-04-24,525.33
2013-04-25,527.09
2013-04-26,527.13
2013-04-29,528.45
2013-04-30,528.68
2013-05-01,523.29
2013-05-02,523.87
2013-05-03,527.43
2013-05-06,524.84
2013-05-07,526.24
2013-05-08,527.9
2013-05-09,527.62
2013-05-10,526.96
2013-05-13,526.79
2013-05-14,525.19
2013-05-15,524.42
2013-05-16,524.37
2013-05-17,524.24
2013-05-20,525.23
2013-05-21,524.4
2013-05-22,525.55
2013-05-23,523.03
2013-05-24,522.84
2013-05-27,522.84
2013-05-28,523.13
2013-05-29,522.23
2013-05-30,522.36
2013-05-31,524.1
2013-06-03,526.72
2013-06-04,527.87
2013-06-05,528.19
2013-06-06,528.25
2013-06-07,527.34
2013-06-10,528.73
2013-06-11,526.39
2013-06-12,527.04
2013-06-13,526.98
2013-06-14,526.65
2013-06-17,525.53
2013-06-18,521.44
2013-06-19,520.46
2013-06-20,518.96
2013-06-21,518.64
2013-06-24,524.21
2013-06-25,518.32
2013-06-26,517.87
2013-06-27,518.41
2013-06-28,518.63
2013-07-01,520.91
2013-07-02,521.42
2013-07-03,522.42
2013-07-04,522.42
2013-07-05,520.24
2013-07-08,521.01
2013-07-09,520.33
2013-07-10,521.08
2013-07-11,522.3
2013-07-12,520.81
2013-07-15,520.04
2013-07-16,520.28
2013-07-17,519.15
2013-07-18,519.43
2013-07-19,520.29
2013-07-22,521.01
2013-07-23,521.25
2013-07-24,521.05
2013-07-25,522.53
2013-07-26,520.93
2013-07-29,520.43
2013-07-30,519.58
2013-07-31,520.8
2013-08-01,520.74
2013-08-02,520.56
2013-08-05,521.43
2013-08-06,521.25
2013-08-07,521.73
2013-08-08,523.52
2013-08-09,525.49
2013-08-12,527.13
2013-08-13,527.35
2013-08-14,527.38
2013-08-15,527.43
2013-08-16,529.39
2013-08-19,529.6
2013-08-20,526.59
2013-08-21,526.42
2013-08-22,526.27
2013-08-23,527.13
2013-08-26,527.8
2013-08-27,525.37
2013-08-28,524.89
2013-08-29,522.63
2013-08-30,521.86
2013-09-02,521.86
2013-09-03,521.49
2013-09-04,521.87
2013-09-05,522.34
2013-09-06,523.7
2013-09-09,523.63
2013-09-10,524.25
2013-09-11,523.65
2013-09-12,523.67
2013-09-13,519.55
2013-09-16,520.42
2013-09-17,520.12
2013-09-18,521.29
2013-09-19,521.55
2013-09-20,521.92
2013-09-23,520.71
2013-09-24,519.9
2013-09-25,518.49
2013-09-26,519.63
2013-09-27,519.48
2013-09-30,518.87
2013-10-01,518.46
2013-10-02,516.09
2013-10-03,516.07
2013-10-04,517.08
2013-10-07,513.42
2013-10-08,513.27
2013-10-09,513.62
2013-10-10,513.72
2013-10-11,514.06
2013-10-14,515.07
2013-10-15,513.59
2013-10-16,513.09
2013-10-17,515.41
2013-10-18,514.48
2013-10-21,513.99
2013-10-22,515.12
2013-10-23,513.94
2013-10-24,513.84
2013-10-25,514.44
2013-10-28,515.16
2013-10-29,515.54
2013-10-30,516.87
2013-10-31,515.78
2013-11-01,514.98
2013-11-04,515.87
2013-11-05,515.26
2013-11-06,515.57
2013-11-07,517.39
2013-11-08,522.02
2013-11-11,520.8
2013-11-12,519.84
2013-11-13,519.62
2013-11-14,518.89
2013-11-15,519.99
2013-11-18,519.6
2013-11-19,519.45
2013-11-20,519.57
2013-11-21,520.38
2013-11-22,519.9
2013-11-25,524.09
2013-11-26,524.88
2013-11-27,524.15
2013-11-28,524.15
2013-11-29,524.69
2013-12-02,523.77
2013-12-03,524.02
2013-12-04,525.5
2013-12-05,525.27
2013-12-06,524.59
2013-12-09,527.59
2013-12-10,529.37
2013-12-11,529.88
2013-12-12,529.61
2013-12-13,530.22
2013-12-16,530.77
2013-12-17,530.92
2013-12-18,530.49
2013-12-19,530.13
2013-12-20,529.55
2013-12-23,529.87
2013-12-24,532.24
2013-12-25,532.24
2013-12-26,532.24
2013-12-27,533.31
2013-12-30,532.04
2013-12-31,532.74
2014-01-01,532.74
2014-01-02,531.3
2014-01-03,528.8
2014-01-06,528.33
2014-01-07,528.97
2014-01-08,529.05
2014-01-09,526.78
2014-01-10,526.37
2014-01-13,527.35
2014-01-14,528.13
2014-01-15,531.62
2014-01-16,531.17
2014-01-17,531.87
2014-01-20,531.87
2014-01-21,532.78
2014-01-22,532.65
2014-01-23,529.16
2014-01-24,528.16
2014-01-27,525.32
2014-01-28,525.22
2014-01-29,525.56
2014-01-30,525.52
2014-01-31,524.03
2014-02-03,523.82
2014-02-04,523.85
2014-02-05,523.73
2014-02-06,524.65
2014-02-07,525.7
2014-02-10,524.46
2014-02-11,524.62
2014-02-12,524.88
2014-02-13,524.94
2014-02-14,527.06
2014-02-17,527.06
2014-02-18,530.09
2014-02-19,529.94
2014-02-20,529.44
2014-02-21,529.39
2014-02-24,533.05
2014-02-25,533.07
2014-02-26,532.74
2014-02-27,533.34
2014-02-28,532.95
2014-03-03,534.33
2014-03-04,535.66
2014-03-05,535.86
2014-03-06,539.29
2014-03-07,536.7
2014-03-10,535.93
2014-03-11,534.58
2014-03-12,534.72
2014-03-13,532.67
2014-03-14,533.73
2014-03-17,533.1
2014-03-18,532.76
2014-03-19,532.92
2014-03-20,532.97
2014-03-21,533.38
2014-03-24,534.73
2014-03-25,538.87
2014-03-26,538.73
2014-03-27,539.42
2014-03-28,539.23
2014-03-31,539.29
2014-04-01,538.52
2014-04-02,538.44
2014-04-03,538.36
2014-04-04,538.68
2014-04-07,539.68
2014-04-08,540.94
2014-04-09,539.9
2014-04-10,539.81
2014-04-11,540.36
2014-04-14,541.01
2014-04-15,540.27
2014-04-16,541.45
2014-04-17,541.9
2014-04-18,541.9
2014-04-21,542.3
2014-04-22,543.38
2014-04-23,543.47
2014-04-24,544.63
2014-04-25,543.82
2014-04-28,543.81
2014-04-29,544.78
2014-04-30,543.45
2014-05-01,543.31
2014-05-02,543.31
2014-05-05,543.07
2014-05-06,543.25
2014-05-07,542.98
2014-05-08,542.04
2014-05-09,541.35
2014-05-12,541.91
2014-05-13,543.5
2014-05-14,544.3
2014-05-15,544.12
2014-05-16,543.73
2014-05-19,543.66
2014-05-20,543.36
2014-05-21,542.77
2014-05-22,541.93
2014-05-23,542.1
2014-05-26,542.1
2014-05-27,541.78
2014-05-28,541.71
2014-05-29,542.0
2014-05-30,541.09
2014-06-02,541.96
2014-06-03,540.97
2014-06-04,539.57
2014-06-05,539.08
2014-06-06,537.9
2014-06-09,536.41
2014-06-10,538.34
2014-06-11,536.9
2014-06-12,535.55
2014-06-13,533.24
2014-06-16,531.8
2014-06-17,529.44
2014-06-18,530.52
2014-06-19,530.96
2014-06-20,532.0
2014-06-23,533.47
2014-06-24,532.17
2014-06-25,531.54
2014-06-26,530.61
2014-06-27,530.54
2014-06-30,529.69
2014-07-01,532.45
2014-07-02,533.2
2014-07-03,533.14
2014-07-04,533.14
2014-07-07,532.17
2014-07-08,532.16
2014-07-09,532.15
2014-07-10,532.08
2014-07-11,530.82
2014-07-14,531.39
2014-07-15,532.09
2014-07-16,531.38
2014-07-17,531.52
2014-07-18,530.93
2014-07-21,531.1
2014-07-22,530.4
2014-07-23,532.09
2014-07-24,531.43
2014-07-25,531.09
2014-07-28,531.94
2014-07-29,533.11
2014-07-30,532.42
2014-07-31,531.5
2014-08-01,531.29
2014-08-04,531.75
2014-08-05,530.59
2014-08-06,530.69
2014-08-07,529.28
2014-08-08,528.85
2014-08-11,529.87
2014-08-12,528.21
2014-08-13,528.45
2014-08-14,527.42
2014-08-15,527.34
2014-08-18,526.71
2014-08-19,526.57
2014-08-20,529.5
2014-08-21,530.33
2014-08-22,531.67
2014-08-25,532.89
2014-08-26,533.1
2014-08-27,532.6
2014-08-28,530.91
2014-08-29,529.92
2014-09-01,529.92
2014-09-02,527.36
2014-09-03,527.26
2014-09-04,527.69
2014-09-05,529.0
2014-09-08,529.08
2014-09-09,527.42
2014-09-10,527.98
2014-09-11,527.14
2014-09-12,524.69
2014-09-15,522.85
2014-09-16,519.35
2014-09-17,517.9
2014-09-18,517.36
2014-09-19,516.95
2014-09-22,515.21
2014-09-23,514.76
2014-09-24,514.36
2014-09-25,512.49
2014-09-26,512.42
2014-09-29,512.83
2014-09-30,511.39
2014-10-01,511.08
2014-10-02,508.61
2014-10-03,508.83
2014-10-06,509.39
2014-10-07,510.2
2014-10-08,507.91
2014-10-09,507.89
2014-10-10,507.43
2014-10-13,507.22
2014-10-14,507.74
2014-10-15,505.45
2014-10-16,504.31
2014-10-17,504.14
2014-10-20,502.21
2014-10-21,503.42
2014-10-22,501.87
2014-10-23,503.34
2014-10-24,503.17
2014-10-27,504.29
2014-10-28,505.57
2014-10-29,505.45
2014-10-30,506.5
2014-10-31,506.29
2014-11-03,506.74
2014-11-04,505.1
2014-11-05,504.83
2014-11-06,504.62
2014-11-07,505.66
2014-11-10,504.59
2014-11-11,507.02
2014-11-12,506.21
2014-11-13,502.11
2014-11-14,501.95
2014-11-17,501.91
2014-11-18,502.72
2014-11-19,502.93
2014-11-20,503.77
2014-11-21,505.38
2014-11-24,506.66
2014-11-25,506.43
2014-11-26,506.06
2014-11-27,506.06
2014-11-28,504.51
2014-12-01,504.6
2014-12-02,503.41
2014-12-03,503.87
2014-12-04,503.99
2014-12-05,503.67
2014-12-08,503.03
2014-12-09,501.0
2014-12-10,500.13
2014-12-11,501.05
2014-12-12,500.24
2014-12-15,499.82
2014-12-16,496.17
2014-12-17,493.56
2014-12-18,492.34
2014-12-19,493.43
2014-12-22,494.0
2014-12-23,493.05
2014-12-24,494.37
2014-12-25,494.37
2014-12-26,494.37
2014-12-29,492.63
2014-12-30,493.68
2014-12-31,492.11
2015-01-01,492.11
2015-01-02,491.95
2015-01-05,492.46
2015-01-06,490.21
2015-01-07,490.59
2015-01-08,490.24
2015-01-09,490.27
2015-01-12,488.84
2015-01-13,488.31
2015-01-14,483.75
2015-01-15,484.08
2015-01-16,483.08
2015-01-19,483.08
2015-01-20,482.19
2015-01-21,482.67
2015-01-22,482.7
2015-01-23,482.35
2015-01-26,483.03
2015-01-27,482.22
2015-01-28,482.37
2015-01-29,480.44
2015-01-30,480.84
2015-02-02,481.08
2015-02-03,483.12
2015-02-04,483.22
2015-02-05,483.36
2015-02-06,482.94
2015-02-09,483.3
2015-02-10,469.76
2015-02-11,468.68
2015-02-12,469.64
2015-02-13,471.0
2015-02-16,471.0
2015-02-17,471.22
2015-02-18,471.84
2015-02-19,471.89
2015-02-20,471.07
2015-02-23,470.52
2015-02-24,473.35
2015-02-25,472.67
2015-02-26,473.12
2015-02-27,472.3
2015-03-02,471.56
2015-03-03,471.89
2015-03-04,471.86
2015-03-05,471.56
2015-03-06,470.97
2015-03-09,470.18
2015-03-10,468.32
2015-03-11,467.64
2015-03-12,468.42
2015-03-13,467.95
2015-03-16,467.77
2015-03-17,467.61
2015-03-18,467.41
2015-03-19,468.48
2015-03-20,469.87
2015-03-23,472.17
2015-03-24,472.67
2015-03-25,472.19
2015-03-26,472.25
2015-03-27,471.93
2015-03-30,470.96
2015-03-31,469.67
2015-04-01,468.52
2015-04-02,467.52
2015-04-03,467.52
2015-04-06,468.63
2015-04-07,470.97
2015-04-08,470.17
2015-04-09,469.96
2015-04-10,468.72
2015-04-13,468.9
2015-04-14,466.08
2015-04-15,464.97
2015-04-16,464.87
2015-04-17,464.11
2015-04-20,464.22
2015-04-21,463.83
2015-04-22,463.81
2015-04-23,465.7
2015-04-24,467.71
2015-04-27,468.98
2015-04-28,470.14
2015-04-29,469.82
2015-04-30,472.1
2015-05-01,473.36
2015-05-04,473.25
2015-05-05,473.74
2015-05-06,474.26
2015-05-07,474.52
2015-05-08,475.22
2015-05-11,473.97
2015-05-12,474.02
2015-05-13,474.65
2015-05-14,474.72
2015-05-15,473.99
2015-05-18,473.06
2015-05-19,471.9
2015-05-20,470.39
2015-05-21,468.29
2015-05-22,467.17
2015-05-25,467.17
2015-05-26,467.42
2015-05-27,466.2
2015-05-28,467.06
2015-05-29,466.93
2015-06-01,466.86
2015-06-02,467.32
2015-06-03,466.18
2015-06-04,467.81
2015-06-05,466.54
2015-06-08,470.03
2015-06-09,470.17
2015-06-10,471.34
2015-06-11,468.9
2015-06-12,468.6
2015-06-15,465.47
2015-06-16,465.91
2015-06-17,465.89
2015-06-18,467.11
2015-06-19,466.64
2015-06-22,466.29
2015-06-23,466.91
2015-06-24,466.82
2015-06-25,466.24
2015-06-26,466.14
2015-06-29,464.46
2015-06-30,463.31
2015-07-01,462.0
2015-07-02,457.3
2015-07-03,457.3
2015-07-06,455.5
2015-07-07,452.75
2015-07-08,452.9
2015-07-09,453.68
2015-07-10,452.84
2015-07-13,452.65
2015-07-14,454.08
2015-07-15,453.55
2015-07-16,455.04
2015-07-17,450.89
2015-07-20,452.17
2015-07-21,451.37
2015-07-22,449.71
2015-07-23,448.21
2015-07-24,447.2
2015-07-27,446.26
2015-07-28,448.78
2015-07-29,449.13
2015-07-30,448.64
2015-07-31,448.52
2015-08-03,447.88
2015-08-04,447.71
2015-08-05,446.16
2015-08-06,445.89
2015-08-07,441.72
2015-08-10,442.05
2015-08-11,441.33
2015-08-12,442.89
2015-08-13,443.37
2015-08-14,448.09
2015-08-17,448.82
2015-08-18,448.64
2015-08-19,446.91
2015-08-20,447.95
2015-08-21,447.11
2015-08-24,443.02
2015-08-25,440.15
2015-08-26,437.77
2015-08-27,440.22
2015-08-28,440.04
2015-08-31,441.1
2015-09-01,441.44
2015-09-02,443.9
2015-09-03,444.43
2015-09-04,443.74
2015-09-07,443.74
2015-09-08,443.34
2015-09-09,443.53
2015-09-10,444.71
2015-09-11,445.02
2015-09-14,443.9
2015-09-15,443.43
2015-09-16,442.39
2015-09-17,441.64
2015-09-18,438.77
2015-09-21,440.43
2015-09-22,437.21
2015-09-23,434.26
2015-09-24,435.4
2015-09-25,433.53
2015-09-28,433.28
2015-09-29,433.34
2015-09-30,435.02
2015-10-01,434.49
2015-10-02,434.67
2015-10-05,432.07
2015-10-06,432.24
2015-10-07,432.0
2015-10-08,431.2
2015-10-09,423.57
2015-10-12,425.61
2015-10-13,426.43
2015-10-14,425.59
2015-10-15,426.24
2015-10-16,425.38
2015-10-19,424.01
2015-10-20,423.84
2015-10-21,420.8
2015-10-22,419.76
2015-10-23,420.44
2015-10-26,418.83
2015-10-27,419.43
2015-10-28,417.67
2015-10-29,413.74
2015-10-30,414.28
2015-11-02,413.56
2015-11-03,412.72
2015-11-04,412.5
2015-11-05,411.52
2015-11-06,410.12
2015-11-09,403.28
2015-11-10,403.38
2015-11-11,402.91
2015-11-12,401.66
2015-11-13,401.8
2015-11-16,401.62
2015-11-17,402.53
2015-11-18,400.67
2015-11-19,399.55
2015-11-20,399.16
2015-11-23,399.23
2015-11-24,397.31
2015-11-25,399.2
2015-11-26,399.2
2015-11-27,399.76
2015-11-30,399.96
2015-12-01,400.71
2015-12-02,400.31
2015-12-03,399.86
2015-12-04,400.42
2015-12-07,400.46
2015-12-08,399.89
2015-12-09,400.65
2015-12-10,400.31
2015-12-11,401.67
2015-12-14,401.98
2015-12-15,401.11
2015-12-16,400.95
2015-12-17,399.98
2015-12-18,401.02
2015-12-21,402.16
2015-12-22,401.78
2015-12-23,401.95
2015-12-24,402.86
2015-12-25,402.86
2015-12-28,402.27
2015-12-29,402.9
2015-12-30,405.44
2015-12-31,404.71
2016-01-01,404.71
2016-01-04,406.24
2016-01-05,406.58
2016-01-06,410.5
2016-01-07,408.26
2016-01-08,412.23
2016-01-11,408.1
2016-01-12,409.16
2016-01-13,407.54
2016-01-14,407.82
2016-01-15,407.82
2016-01-18,407.82
2016-01-19,409.42
2016-01-20,410.27
2016-01-21,409.86
2016-01-22,411.02
2016-01-25,411.03
2016-01-26,411.89
2016-01-27,413.84
2016-01-28,413.84
2016-01-29,416.91
2016-02-01,417.7
2016-02-02,420.05
2016-02-03,421.31
2016-02-04,421.97
2016-02-05,421.93
2016-02-08,422.67
2016-02-09,421.56
2016-02-10,422.83
2016-02-11,421.52
2016-02-12,421.89
2016-02-15,421.89
2016-02-16,420.66
2016-02-17,421.29
2016-02-18,420.91
2016-02-19,420.97
2016-02-22,422.18
2016-02-23,421.79
2016-02-24,422.4
2016-02-25,421.6
2016-02-26,421.74
2016-02-29,422.13
2016-03-01,422.6
2016-03-02,422.6
2016-03-03,423.86
2016-03-04,426.51
2016-03-07,427.36
2016-03-08,429.11
2016-03-09,428.37
2016-03-10,436.94
2016-03-11,437.09
2016-03-14,438.1
2016-03-15,438.06
2016-03-16,436.79
2016-03-17,438.07
2016-03-18,438.71
2016-03-21,443.55
2016-03-22,444.32
2016-03-23,444.52
2016-03-24,444.09
2016-03-25,444.09
2016-03-28,443.02
2016-03-29,440.3
2016-03-30,440.21
2016-03-31,440.47
2016-04-01,440.43
2016-04-04,440.78
2016-04-05,440.13
2016-04-06,439.7
2016-04-07,438.85
2016-04-08,446.99
2016-04-11,446.87
2016-04-12,447.73
2016-04-13,451.27
2016-04-14,451.84
2016-04-15,451.04
2016-04-18,451.97
2016-04-19,454.02
2016-04-20,455.95
2016-04-21,456.01
2016-04-22,457.12
2016-04-25,456.91
2016-04-26,455.53
2016-04-27,454.29
2016-04-28,454.28
2016-04-29,456.43
2016-05-02,456.26
2016-05-03,454.6
2016-05-04,454.21
2016-05-05,452.79
2016-05-06,452.75
2016-05-09,454.29
2016-05-10,454.02
2016-05-11,453.99
2016-05-12,453.18
2016-05-13,453.45
2016-05-16,453.88
2016-05-17,454.6
2016-05-18,453.59
2016-05-19,450.89
2016-05-20,450.57
2016-05-23,449.95
2016-05-24,448.2
2016-05-25,447.07
2016-05-26,448.26
2016-05-27,450.3
2016-05-30,450.3
2016-05-31,451.54
2016-06-01,450.21
2016-06-02,449.89
2016-06-03,453.32
2016-06-06,455.12
2016-06-07,454.45
2016-06-08,455.15
2016-06-09,451.78
2016-06-10,451.93
2016-06-13,454.76
2016-06-14,452.44
2016-06-15,451.56
2016-06-16,451.72
2016-06-17,451.77
2016-06-20,450.81
2016-06-21,450.97
2016-06-22,450.8
2016-06-23,452.68
2016-06-24,450.52
2016-06-27,449.57
2016-06-28,450.7
2016-06-29,452.15
2016-06-30,451.31
2016-07-01,453.47
2016-07-04,453.47
2016-07-05,453.75
2016-07-06,453.58
2016-07-07,450.48
2016-07-08,451.7
2016-07-11,453.6
2016-07-12,454.83
2016-07-13,458.85
2016-07-14,460.74
2016-07-15,460.86
2016-07-18,460.66
2016-07-19,459.57
2016-07-20,459.47
2016-07-21,460.02
2016-07-22,459.7
2016-07-25,459.38
2016-07-26,459.95
2016-07-27,460.01
2016-07-28,458.05
2016-07-29,458.72
2016-08-01,458.82
2016-08-02,459.87
2016-08-03,459.74
2016-08-04,460.27
2016-08-05,460.89
2016-08-08,460.91
2016-08-09,458.96
2016-08-10,458.45
2016-08-11,458.12
2016-08-12,455.84
2016-08-15,454.58
2016-08-16,454.55
2016-08-17,454.99
2016-08-18,455.38
2016-08-19,455.79
2016-08-22,455.31
2016-08-23,455.12
2016-08-24,455.19
2016-08-25,455.25
2016-08-26,455.11
2016-08-29,455.11
2016-08-30,454.48
2016-08-31,454.2
2016-09-01,456.74
2016-09-02,456.98
2016-09-05,456.98
2016-09-06,458.51
2016-09-07,459.1
2016-09-08,459.04
2016-09-09,457.66
2016-09-12,452.84
2016-09-13,453.17
2016-09-14,454.91
2016-09-15,454.38
2016-09-16,454.29
2016-09-19,454.39
2016-09-20,455.21
2016-09-21,456.05
2016-09-22,457.21
2016-09-23,456.5
2016-09-26,456.34
2016-09-27,458.53
2016-09-28,459.29
2016-09-29,460.33
2016-09-30,461.48
2016-10-03,461.49
2016-10-04,462.23
2016-10-05,462.88
2016-10-06,462.51
2016-10-07,461.58
2016-10-10,462.28
2016-10-11,458.93
2016-10-12,458.85
2016-10-13,457.36
2016-10-14,457.3
2016-10-17,457.46
2016-10-18,458.25
2016-10-19,459.51
2016-10-20,459.05
2016-10-21,458.92
2016-10-24,458.97
2016-10-25,460.83
2016-10-26,462.55
2016-10-27,463.34
2016-10-28,464.86
2016-10-31,464.5
2016-11-01,466.56
2016-11-02,469.33
2016-11-03,469.73
2016-11-04,472.02
2016-11-07,473.62
2016-11-08,477.28
2016-11-09,484.65
2016-11-10,487.62
2016-11-11,487.95
2016-11-14,486.78
2016-11-15,486.69
2016-11-16,486.59
2016-11-17,488.0
2016-11-18,486.39
2016-11-21,488.59
2016-11-22,488.75
2016-11-23,490.22
2016-11-24,490.22
2016-11-25,489.85
2016-11-28,489.73
2016-11-29,491.44
2016-11-30,493.44
2016-12-01,491.23
2016-12-02,491.34
2016-12-05,491.4
2016-12-06,492.38
2016-12-07,491.97
2016-12-08,492.48
2016-12-09,497.69
2016-12-12,497.43
2016-12-13,498.53
2016-12-14,498.34
2016-12-15,498.63
2016-12-16,497.9
2016-12-19,495.61
2016-12-20,493.81
2016-12-21,493.9
2016-12-22,493.76
2016-12-23,492.91
2016-12-26,492.91
2016-12-27,493.67
2016-12-28,493.0
2016-12-29,493.02
2016-12-30,493.21
2017-01-02,493.21
2017-01-03,493.74
2017-01-04,495.14
2017-01-05,494.11
2017-01-06,495.1
2017-01-09,499.29
2017-01-10,502.95
2017-01-11,504.54
2017-01-12,504.37
2017-01-13,504.96
2017-01-16,504.96
2017-01-17,503.77
2017-01-18,503.38
2017-01-19,503.18
2017-01-20,504.66
2017-01-23,505.36
2017-01-24,507.01
2017-01-25,507.42
2017-01-26,505.84
2017-01-27,507.23
2017-01-30,504.99
2017-01-31,506.51
2017-02-01,509.22
2017-02-02,508.92
2017-02-03,507.62
2017-02-06,505.82
2017-02-07,505.34
2017-02-08,506.24
2017-02-09,504.06
2017-02-10,505.55
2017-02-13,507.67
2017-02-14,507.56
2017-02-15,507.74
2017-02-16,506.33
2017-02-17,504.93
2017-02-20,504.93
2017-02-21,506.51
2017-02-22,506.2
2017-02-23,503.76
2017-02-24,504.73
2017-02-27,503.7
2017-02-28,504.95
2017-03-01,506.82
2017-03-02,506.22
2017-03-03,506.76
2017-03-06,505.95
2017-03-07,504.09
2017-03-08,503.64
2017-03-09,508.45
2017-03-10,507.55
2017-03-13,508.75
2017-03-14,511.01
2017-03-15,511.34
2017-03-16,512.98
2017-03-17,514.89
2017-03-20,514.3
2017-03-21,513.49
2017-03-22,513.88
2017-03-23,513.13
2017-03-24,512.18
2017-03-27,510.51
2017-03-28,513.87
2017-03-29,513.81
2017-03-30,514.32
2017-03-31,514.96
2017-04-03,512.28
2017-04-04,511.63
2017-04-05,512.35
2017-04-06,513.26
2017-04-07,512.52
2017-04-10,507.08
2017-04-11,505.7
2017-04-12,503.53
2017-04-13,503.31
2017-04-14,503.31
2017-04-17,504.61
2017-04-18,502.88
2017-04-19,504.01
2017-04-20,501.87
2017-04-21,502.49
2017-04-24,501.96
2017-04-25,502.0
2017-04-26,503.38
2017-04-27,503.59
2017-04-28,504.37
2017-05-01,505.39
2017-05-02,504.72
2017-05-03,503.07
2017-05-04,502.07
2017-05-05,499.83
2017-05-08,499.45
2017-05-09,503.16
2017-05-10,502.11
2017-05-11,504.48
2017-05-12,505.15
2017-05-15,506.3
2017-05-16,505.82
2017-05-17,505.53
2017-05-18,505.13
2017-05-19,504.38
2017-05-22,505.79
2017-05-23,506.05
2017-05-24,506.51
2017-05-25,506.84
2017-05-26,506.11
2017-05-29,506.11
2017-05-30,503.78
2017-05-31,507.01
2017-06-01,506.96
2017-06-02,505.64
2017-06-05,504.28
2017-06-06,502.55
2017-06-07,501.57
2017-06-08,502.22
2017-06-09,502.52
2017-06-12,502.51
2017-06-13,501.97
2017-06-14,499.75
2017-06-15,499.87
2017-06-16,500.52
2017-06-19,500.22
2017-06-20,499.91
2017-06-21,500.65
2017-06-22,499.66
2017-06-23,501.57
2017-06-26,502.13
2017-06-27,503.41
2017-06-28,503.93
2017-06-29,505.5
2017-06-30,506.35
2017-07-03,505.44
2017-07-04,505.44
2017-07-05,504.76
2017-07-06,505.89
2017-07-07,505.24
2017-07-10,504.63
2017-07-11,502.88
2017-07-12,503.22
2017-07-13,502.6
2017-07-14,503.22
2017-07-17,504.01
2017-07-18,505.09
2017-07-19,504.41
2017-07-20,504.64
2017-07-21,501.38
2017-07-24,501.63
2017-07-25,504.78
2017-07-26,505.52
2017-07-27,506.74
2017-07-28,506.36
2017-07-31,506.33
2017-08-01,506.79
2017-08-02,506.98
2017-08-03,506.69
2017-08-04,507.99
2017-08-07,508.51
2017-08-08,510.65
2017-08-09,511.19
2017-08-10,510.77
2017-08-11,510.74
2017-08-14,509.77
2017-08-15,508.64
2017-08-16,509.89
2017-08-17,510.86
2017-08-18,512.09
2017-08-21,514.13
2017-08-22,514.5
2017-08-23,514.87
2017-08-24,515.47
2017-08-25,514.28
2017-08-28,515.95
2017-08-29,516.75
2017-08-30,517.06
2017-08-31,516.96
2017-09-01,517.73
2017-09-04,517.73
2017-09-05,519.51
2017-09-06,520.2
2017-09-07,518.54
2017-09-08,517.2
2017-09-11,517.05
2017-09-12,515.01
2017-09-13,512.32
2017-09-14,511.74
2017-09-15,509.92
2017-09-18,511.02
2017-09-19,512.23
2017-09-20,512.3
2017-09-21,511.31
2017-09-22,511.0
2017-09-25,511.91
2017-09-26,511.45
2017-09-27,511.01
2017-09-28,510.87
2017-09-29,510.5
2017-10-02,508.95
2017-10-03,509.17
2017-10-04,510.06
2017-10-05,511.87
2017-10-06,510.47
2017-10-09,506.09
2017-10-10,506.6
2017-10-11,506.99
2017-10-12,506.44
2017-10-13,504.96
2017-10-16,505.79
2017-10-17,504.9
2017-10-18,498.07
2017-10-19,497.98
2017-10-20,495.53
2017-10-23,497.76
2017-10-24,497.48
2017-10-25,498.45
2017-10-26,497.72
2017-10-27,497.39
2017-10-30,495.83
2017-10-31,496.27
2017-11-01,497.97
2017-11-02,499.03
2017-11-03,497.72
2017-11-06,497.99
2017-11-07,498.17
2017-11-08,498.94
2017-11-09,498.24
2017-11-10,499.19
2017-11-13,501.02
2017-11-14,499.65
2017-11-15,498.31
2017-11-16,498.05
2017-11-17,498.14
2017-11-20,499.11
2017-11-21,499.07
2017-11-22,499.95
2017-11-23,499.95
2017-11-24,501.72
2017-11-27,501.09
2017-11-28,500.17
2017-11-29,499.89
2017-11-30,499.43
2017-12-01,500.29
2017-12-04,500.37
2017-12-05,498.28
2017-12-06,497.79
2017-12-07,498.05
2017-12-08,505.01
2017-12-11,504.78
2017-12-12,504.86
2017-12-13,505.74
2017-12-14,506.58
2017-12-15,508.38
2017-12-18,508.25
2017-12-19,508.61
2017-12-20,509.48
2017-12-21,510.87
2017-12-22,511.46
2017-12-25,511.46
2017-12-26,511.91
2017-12-27,513.06
2017-12-28,514.14
2017-12-29,514.46
2018-01-01,514.46
2018-01-02,515.76
2018-01-03,517.07
2018-01-04,517.28
2018-01-05,516.78
2018-01-08,516.96
2018-01-09,522.19
2018-01-10,523.49
2018-01-11,525.02
2018-01-12,524.13
2018-01-15,524.13
2018-01-16,523.99
2018-01-17,522.58
2018-01-18,523.03
2018-01-19,523.33
2018-01-22,524.4
2018-01-23,522.72
2018-01-24,524.6
2018-01-25,525.16
2018-01-26,526.62
2018-01-29,526.1
2018-01-30,525.21
2018-01-31,526.19
2018-02-01,525.91
2018-02-02,525.37
2018-02-05,525.45
2018-02-06,524.94
2018-02-07,523.57
2018-02-08,522.19
2018-02-09,520.16
2018-02-12,520.65
2018-02-13,521.69
2018-02-14,523.29
2018-02-15,523.86
2018-02-16,525.39
2018-02-19,525.39
2018-02-20,524.54
2018-02-21,525.73
2018-02-22,526.07
2018-02-23,526.52
2018-02-26,527.12
2018-02-27,526.43
2018-02-28,525.96
2018-03-01,525.76
2018-03-02,525.02
2018-03-05,526.74
2018-03-06,524.41
2018-03-07,524.61
2018-03-08,529.14
2018-03-09,528.74
2018-03-12,527.57
2018-03-13,528.12
2018-03-14,528.43
2018-03-15,527.87
2018-03-16,526.7
2018-03-19,525.67
2018-03-20,525.2
2018-03-21,524.51
2018-03-22,523.55
2018-03-23,522.77
2018-03-26,521.54
2018-03-27,522.23
2018-03-28,522.48
2018-03-29,522.66
2018-03-30,522.66
2018-04-02,523.16
2018-04-03,524.07
2018-04-04,521.0
2018-04-05,522.98
2018-04-06,522.64
2018-04-09,525.53
2018-04-10,525.96
2018-04-11,525.78
2018-04-12,524.56
2018-04-13,523.32
2018-04-16,522.44
2018-04-17,522.75
2018-04-18,523.71
2018-04-19,524.39
2018-04-20,526.62
2018-04-23,524.88
2018-04-24,522.51
2018-04-25,525.89
2018-04-26,524.95
2018-04-27,521.3
2018-04-30,521.81
2018-05-01,522.41
2018-05-02,521.31
2018-05-03,521.24
2018-05-04,521.7
2018-05-07,520.41
2018-05-08,518.58
2018-05-09,519.15
2018-05-10,517.28
2018-05-11,517.98
2018-05-14,517.49
2018-05-15,516.2
2018-05-16,517.74
2018-05-17,518.07
2018-05-18,518.6
2018-05-21,520.21
2018-05-22,519.83
2018-05-23,518.3
2018-05-24,517.96
2018-05-25,518.03
2018-05-28,518.03
2018-05-29,520.11
2018-05-30,520.94
2018-05-31,521.64
2018-06-01,522.37
2018-06-04,521.79
2018-06-05,522.27
2018-06-06,524.9
2018-06-07,527.43
2018-06-08,529.4
2018-06-11,528.33
2018-06-12,530.07
2018-06-13,529.27
2018-06-14,527.52
2018-06-15,525.09
2018-06-18,522.78
2018-06-19,518.46
2018-06-20,519.04
2018-06-21,518.55
2018-06-22,518.6
2018-06-25,517.35
2018-06-26,516.46
2018-06-27,515.29
2018-06-28,514.01
2018-06-29,514.72
2018-07-02,514.09
2018-07-03,513.49
2018-07-04,513.49
2018-07-05,510.83
2018-07-06,510.12
2018-07-09,511.95
2018-07-10,513.31
2018-07-11,509.27
2018-07-12,512.06
2018-07-13,510.65
2018-07-16,509.96
2018-07-17,509.12
2018-07-18,507.66
2018-07-19,507.02
2018-07-20,507.32
2018-07-23,508.1
2018-07-24,509.11
2018-07-25,509.75
2018-07-26,510.42
2018-07-27,509.98
2018-07-30,510.34
2018-07-31,511.22
2018-08-01,507.24
2018-08-02,505.53
2018-08-03,505.41
2018-08-06,502.91
2018-08-07,502.85
2018-08-08,503.02
2018-08-09,503.58
2018-08-10,502.76
2018-08-13,499.3
2018-08-14,496.49
2018-08-15,489.96
2018-08-16,489.76
2018-08-17,490.11
2018-08-20,491.86
2018-08-21,493.31
2018-08-22,494.07
2018-08-23,492.98
2018-08-24,492.86
2018-08-27,494.73
2018-08-28,495.39
2018-08-29,493.31
2018-08-30,492.95
2018-08-31,491.21
2018-09-03,491.21
2018-09-04,490.46
2018-09-05,488.33
2018-09-06,488.21
2018-09-07,488.25
2018-09-10,488.27
2018-09-11,484.38
2018-09-12,482.72
2018-09-13,482.06
2018-09-14,481.54
2018-09-17,481.84
2018-09-18,480.72
2018-09-19,480.21
2018-09-20,480.07
2018-09-21,481.74
2018-09-24,481.25
2018-09-25,482.66
2018-09-26,482.38
2018-09-27,481.58
2018-09-28,481.32
2018-10-01,481.63
2018-10-02,481.99
2018-10-03,483.55
2018-10-04,482.56
2018-10-05,482.42
2018-10-08,482.86
2018-10-09,483.88
2018-10-10,483.45
2018-10-11,483.45
2018-10-12,483.8
2018-10-15,484.37
2018-10-16,484.0
2018-10-17,483.35
2018-10-18,483.26
2018-10-19,484.35
2018-10-22,485.09
2018-10-23,484.69
2018-10-24,484.15
2018-10-25,485.06
2018-10-26,484.95
2018-10-29,484.23
2018-10-30,482.47
2018-10-31,481.88
2018-11-01,482.84
2018-11-02,482.52
2018-11-05,485.15
2018-11-06,481.97
2018-11-07,483.04
2018-11-08,483.48
2018-11-09,481.98
2018-11-12,484.35
2018-11-13,483.55
2018-11-14,484.18
2018-11-15,486.67
2018-11-16,487.08
2018-11-19,488.77
2018-11-20,487.6
2018-11-21,488.33
2018-11-22,488.33
2018-11-23,485.96
2018-11-26,486.31
2018-11-27,482.8
2018-11-28,483.38
2018-11-29,483.81
2018-11-30,485.19
2018-12-03,487.63
2018-12-04,488.7
2018-12-05,487.54
2018-12-06,486.12
2018-12-07,487.26
2018-12-10,486.05
2018-12-11,487.79
2018-12-12,488.1
2018-12-13,488.21
2018-12-14,486.18
2018-12-17,486.18
2018-12-18,484.61
2018-12-19,484.79
2018-12-20,483.82
2018-12-21,482.37
2018-12-24,481.67
2018-12-25,481.67
2018-12-26,482.4
2018-12-27,481.11
2018-12-28,481.58
2018-12-31,480.43
2019-01-01,480.43
2019-01-02,479.26
2019-01-03,478.93
2019-01-04,481.25
2019-01-07,482.05
2019-01-08,482.16
2019-01-09,479.55
2019-01-10,478.62
2019-01-11,479.01
2019-01-14,479.4
2019-01-15,479.46
2019-01-16,480.88
2019-01-17,481.81
2019-01-18,476.52
2019-01-21,476.52
2019-01-22,475.41
2019-01-23,476.57
2019-01-24,476.62
2019-01-25,477.78
2019-01-28,477.78
2019-01-29,479.49
2019-01-30,480.21
2019-01-31,481.09
2019-02-01,480.98
2019-02-04,480.98
2019-02-05,481.81
2019-02-06,481.15
2019-02-07,481.15
2019-02-08,480.56
2019-02-11,478.61
2019-02-12,478.04
2019-02-13,477.85
2019-02-14,478.42
2019-02-15,481.6
2019-02-18,481.6
2019-02-19,483.43
2019-02-20,484.79
2019-02-21,485.66
2019-02-22,486.42
2019-02-25,487.02
2019-02-26,486.11
2019-02-27,486.71
2019-02-28,487.29
2019-03-01,488.16
2019-03-04,486.51
2019-03-05,488.07
2019-03-06,487.54
2019-03-07,489.24
2019-03-08,488.01
2019-03-11,488.21
2019-03-12,491.1
2019-03-13,491.61
2019-03-14,490.26
2019-03-15,490.42
2019-03-18,491.12
2019-03-19,491.12
2019-03-20,491.67
2019-03-21,492.62
2019-03-22,491.11
2019-03-25,491.43
2019-03-26,491.58
2019-03-27,492.06
2019-03-28,491.5
2019-03-29,494.58
2019-04-01,494.58
2019-04-02,493.65
2019-04-03,494.62
2019-04-04,494.39
2019-04-05,491.0
2019-04-08,491.47
2019-04-09,491.13
2019-04-10,490.75
2019-04-11,489.81
2019-04-12,491.66
2019-04-15,490.48
2019-04-16,490.56
2019-04-17,491.4
2019-04-18,489.27
2019-04-19,489.27
2019-04-22,489.1
2019-04-23,488.67
2019-04-24,487.59
2019-04-25,488.1
2019-04-26,489.76
2019-04-29,487.48
2019-04-30,488.06
2019-05-01,484.17
2019-05-02,481.62
2019-05-03,482.81
2019-05-06,481.82
2019-05-07,480.42
2019-05-08,475.07
2019-05-09,473.08
2019-05-10,467.73
2019-05-13,464.28
2019-05-14,465.95
2019-05-15,468.29
2019-05-16,468.87
2019-05-17,467.98
2019-05-20,468.32
2019-05-21,468.07
2019-05-22,466.91
2019-05-23,466.83
2019-05-24,467.97
2019-05-27,467.97
2019-05-28,470.46
2019-05-29,467.96
2019-05-30,468.35
2019-05-31,467.01
2019-06-03,468.09
2019-06-04,467.86
2019-06-05,467.21
2019-06-06,467.63
2019-06-07,456.9
2019-06-10,457.6
2019-06-11,457.72
2019-06-12,458.15
2019-06-13,457.86
2019-06-14,456.25
2019-06-17,455.97
2019-06-18,456.45
2019-06-19,456.2
2019-06-20,455.5
2019-06-21,454.59
2019-06-24,455.46
2019-06-25,456.78
2019-06-26,456.03
2019-06-27,454.66
2019-06-28,455.22
2019-07-01,454.68
2019-07-02,450.97
2019-07-03,452.72
2019-07-04,452.72
2019-07-05,451.03
2019-07-08,450.43
2019-07-09,446.42
2019-07-10,448.08
2019-07-11,448.7
2019-07-12,448.55
2019-07-15,449.67
2019-07-16,448.92
2019-07-17,448.94
2019-07-18,448.18
2019-07-19,449.58
2019-07-22,449.37
2019-07-23,449.09
2019-07-24,450.75
2019-07-25,450.17
2019-07-26,449.59
2019-07-29,450.29
2019-07-30,447.46
