date,Philly_Fed
2010-01-01,16.5
2010-01-04,16.5
2010-01-05,16.5
2010-01-06,16.5
2010-01-07,16.5
2010-01-08,16.5
2010-01-11,16.5
2010-01-12,16.5
2010-01-13,16.5
2010-01-14,16.5
2010-01-15,16.5
2010-01-18,16.5
2010-01-19,16.5
2010-01-20,16.5
2010-01-21,16.5
2010-01-22,16.5
2010-01-25,16.5
2010-01-26,16.5
2010-01-27,16.5
2010-01-28,16.5
2010-01-29,16.5
2010-01-31,12.9
2010-02-01,12.9
2010-02-02,12.9
2010-02-03,12.9
2010-02-04,12.9
2010-02-05,12.9
2010-02-08,12.9
2010-02-09,12.9
2010-02-10,12.9
2010-02-11,12.9
2010-02-12,12.9
2010-02-15,12.9
2010-02-16,12.9
2010-02-17,12.9
2010-02-18,12.9
2010-02-19,12.9
2010-02-22,12.9
2010-02-23,12.9
2010-02-24,12.9
2010-02-25,12.9
2010-02-26,12.9
2010-02-28,13.9
2010-03-01,13.9
2010-03-02,13.9
2010-03-03,13.9
2010-03-04,13.9
2010-03-05,13.9
2010-03-08,13.9
2010-03-09,13.9
2010-03-10,13.9
2010-03-11,13.9
2010-03-12,13.9
2010-03-15,13.9
2010-03-16,13.9
2010-03-17,13.9
2010-03-18,13.9
2010-03-19,13.9
2010-03-22,13.9
2010-03-23,13.9
2010-03-24,13.9
2010-03-25,13.9
2010-03-26,13.9
2010-03-29,13.9
2010-03-30,13.9
2010-03-31,14.2
2010-04-01,14.2
2010-04-02,14.2
2010-04-05,14.2
2010-04-06,14.2
2010-04-07,14.2
2010-04-08,14.2
2010-04-09,14.2
2010-04-12,14.2
2010-04-13,14.2
2010-04-14,14.2
2010-04-15,14.2
2010-04-16,14.2
2010-04-19,14.2
2010-04-20,14.2
2010-04-21,14.2
2010-04-22,14.2
2010-04-23,14.2
2010-04-26,14.2
2010-04-27,14.2
2010-04-28,14.2
2010-04-29,14.2
2010-04-30,16.0
2010-05-03,16.0
2010-05-04,16.0
2010-05-05,16.0
2010-05-06,16.0
2010-05-07,16.0
2010-05-10,16.0
2010-05-11,16.0
2010-05-12,16.0
2010-05-13,16.0
2010-05-14,16.0
2010-05-17,16.0
2010-05-18,16.0
2010-05-19,16.0
2010-05-20,16.0
2010-05-21,16.0
2010-05-24,16.0
2010-05-25,16.0
2010-05-26,16.0
2010-05-27,16.0
2010-05-28,16.0
2010-05-31,22.2
2010-06-01,22.2
2010-06-02,22.2
2010-06-03,22.2
2010-06-04,22.2
2010-06-07,22.2
2010-06-08,22.2
2010-06-09,22.2
2010-06-10,22.2
2010-06-11,22.2
2010-06-14,22.2
2010-06-15,22.2
2010-06-16,22.2
2010-06-17,22.2
2010-06-18,22.2
2010-06-21,22.2
2010-06-22,22.2
2010-06-23,22.2
2010-06-24,22.2
2010-06-25,22.2
2010-06-28,22.2
2010-06-29,22.2
2010-06-30,14.9
2010-07-01,14.9
2010-07-02,14.9
2010-07-05,14.9
2010-07-06,14.9
2010-07-07,14.9
2010-07-08,14.9
2010-07-09,14.9
2010-07-12,14.9
2010-07-13,14.9
2010-07-14,14.9
2010-07-15,14.9
2010-07-16,14.9
2010-07-19,14.9
2010-07-20,14.9
2010-07-21,14.9
2010-07-22,14.9
2010-07-23,14.9
2010-07-26,14.9
2010-07-27,14.9
2010-07-28,14.9
2010-07-29,14.9
2010-07-30,14.9
2010-07-31,7.7
2010-08-02,7.7
2010-08-03,7.7
2010-08-04,7.7
2010-08-05,7.7
2010-08-06,7.7
2010-08-09,7.7
2010-08-10,7.7
2010-08-11,7.7
2010-08-12,7.7
2010-08-13,7.7
2010-08-16,7.7
2010-08-17,7.7
2010-08-18,7.7
2010-08-19,7.7
2010-08-20,7.7
2010-08-23,7.7
2010-08-24,7.7
2010-08-25,7.7
2010-08-26,7.7
2010-08-27,7.7
2010-08-30,7.7
2010-08-31,3.6
2010-09-01,3.6
2010-09-02,3.6
2010-09-03,3.6
2010-09-06,3.6
2010-09-07,3.6
2010-09-08,3.6
2010-09-09,3.6
2010-09-10,3.6
2010-09-13,3.6
2010-09-14,3.6
2010-09-15,3.6
2010-09-16,3.6
2010-09-17,3.6
2010-09-20,3.6
2010-09-21,3.6
2010-09-22,3.6
2010-09-23,3.6
2010-09-24,3.6
2010-09-27,3.6
2010-09-28,3.6
2010-09-29,3.6
2010-09-30,4.5
2010-10-01,4.5
2010-10-04,4.5
2010-10-05,4.5
2010-10-06,4.5
2010-10-07,4.5
2010-10-08,4.5
2010-10-11,4.5
2010-10-12,4.5
2010-10-13,4.5
2010-10-14,4.5
2010-10-15,4.5
2010-10-18,4.5
2010-10-19,4.5
2010-10-20,4.5
2010-10-21,4.5
2010-10-22,4.5
2010-10-25,4.5
2010-10-26,4.5
2010-10-27,4.5
2010-10-28,4.5
2010-10-29,4.5
2010-10-31,0.3
2010-11-01,0.3
2010-11-02,0.3
2010-11-03,0.3
2010-11-04,0.3
2010-11-05,0.3
2010-11-08,0.3
2010-11-09,0.3
2010-11-10,0.3
2010-11-11,0.3
2010-11-12,0.3
2010-11-15,0.3
2010-11-16,0.3
2010-11-17,0.3
2010-11-18,0.3
2010-11-19,0.3
2010-11-22,0.3
2010-11-23,0.3
2010-11-24,0.3
2010-11-25,0.3
2010-11-26,0.3
2010-11-29,0.3
2010-11-30,19.1
2010-12-01,19.1
2010-12-02,19.1
2010-12-03,19.1
2010-12-06,19.1
2010-12-07,19.1
2010-12-08,19.1
2010-12-09,19.1
2010-12-10,19.1
2010-12-13,19.1
2010-12-14,19.1
2010-12-15,19.1
2010-12-16,19.1
2010-12-17,19.1
2010-12-20,19.1
2010-12-21,19.1
2010-12-22,19.1
2010-12-23,19.1
2010-12-24,19.1
2010-12-27,19.1
2010-12-28,19.1
2010-12-29,19.1
2010-12-30,19.1
2010-12-31,15.4
2011-01-03,15.4
2011-01-04,15.4
2011-01-05,15.4
2011-01-06,15.4
2011-01-07,15.4
2011-01-10,15.4
2011-01-11,15.4
2011-01-12,15.4
2011-01-13,15.4
2011-01-14,15.4
2011-01-17,15.4
2011-01-18,15.4
2011-01-19,15.4
2011-01-20,15.4
2011-01-21,15.4
2011-01-24,15.4
2011-01-25,15.4
2011-01-26,15.4
2011-01-27,15.4
2011-01-28,15.4
2011-01-31,16.5
2011-02-01,16.5
2011-02-02,16.5
2011-02-03,16.5
2011-02-04,16.5
2011-02-07,16.5
2011-02-08,16.5
2011-02-09,16.5
2011-02-10,16.5
2011-02-11,16.5
2011-02-14,16.5
2011-02-15,16.5
2011-02-16,16.5
2011-02-17,16.5
2011-02-18,16.5
2011-02-21,16.5
2011-02-22,16.5
2011-02-23,16.5
2011-02-24,16.5
2011-02-25,16.5
2011-02-28,28.9
2011-03-01,28.9
2011-03-02,28.9
2011-03-03,28.9
2011-03-04,28.9
2011-03-07,28.9
2011-03-08,28.9
2011-03-09,28.9
2011-03-10,28.9
2011-03-11,28.9
2011-03-14,28.9
2011-03-15,28.9
2011-03-16,28.9
2011-03-17,28.9
2011-03-18,28.9
2011-03-21,28.9
2011-03-22,28.9
2011-03-23,28.9
2011-03-24,28.9
2011-03-25,28.9
2011-03-28,28.9
2011-03-29,28.9
2011-03-30,28.9
2011-03-31,36.4
2011-04-01,36.4
2011-04-04,36.4
2011-04-05,36.4
2011-04-06,36.4
2011-04-07,36.4
2011-04-08,36.4
2011-04-11,36.4
2011-04-12,36.4
2011-04-13,36.4
2011-04-14,36.4
2011-04-15,36.4
2011-04-18,36.4
2011-04-19,36.4
2011-04-20,36.4
2011-04-21,36.4
2011-04-22,36.4
2011-04-25,36.4
2011-04-26,36.4
2011-04-27,36.4
2011-04-28,36.4
2011-04-29,36.4
2011-04-30,12.9
2011-05-02,12.9
2011-05-03,12.9
2011-05-04,12.9
2011-05-05,12.9
2011-05-06,12.9
2011-05-09,12.9
2011-05-10,12.9
2011-05-11,12.9
2011-05-12,12.9
2011-05-13,12.9
2011-05-16,12.9
2011-05-17,12.9
2011-05-18,12.9
2011-05-19,12.9
2011-05-20,12.9
2011-05-23,12.9
2011-05-24,12.9
2011-05-25,12.9
2011-05-26,12.9
2011-05-27,12.9
2011-05-30,12.9
2011-05-31,6.2
2011-06-01,6.2
2011-06-02,6.2
2011-06-03,6.2
2011-06-06,6.2
2011-06-07,6.2
2011-06-08,6.2
2011-06-09,6.2
2011-06-10,6.2
2011-06-13,6.2
2011-06-14,6.2
2011-06-15,6.2
2011-06-16,6.2
2011-06-17,6.2
2011-06-20,6.2
2011-06-21,6.2
2011-06-22,6.2
2011-06-23,6.2
2011-06-24,6.2
2011-06-27,6.2
2011-06-28,6.2
2011-06-29,6.2
2011-06-30,-0.5
2011-07-01,-0.5
2011-07-04,-0.5
2011-07-05,-0.5
2011-07-06,-0.5
2011-07-07,-0.5
2011-07-08,-0.5
2011-07-11,-0.5
2011-07-12,-0.5
2011-07-13,-0.5
2011-07-14,-0.5
2011-07-15,-0.5
2011-07-18,-0.5
2011-07-19,-0.5
2011-07-20,-0.5
2011-07-21,-0.5
2011-07-22,-0.5
2011-07-25,-0.5
2011-07-26,-0.5
2011-07-27,-0.5
2011-07-28,-0.5
2011-07-29,-0.5
2011-07-31,7.1
2011-08-01,7.1
2011-08-02,7.1
2011-08-03,7.1
2011-08-04,7.1
2011-08-05,7.1
2011-08-08,7.1
2011-08-09,7.1
2011-08-10,7.1
2011-08-11,7.1
2011-08-12,7.1
2011-08-15,7.1
2011-08-16,7.1
2011-08-17,7.1
2011-08-18,7.1
2011-08-19,7.1
2011-08-22,7.1
2011-08-23,7.1
2011-08-24,7.1
2011-08-25,7.1
2011-08-26,7.1
2011-08-29,7.1
2011-08-30,7.1
2011-08-31,-19.4
2011-09-01,-19.4
2011-09-02,-19.4
2011-09-05,-19.4
2011-09-06,-19.4
2011-09-07,-19.4
2011-09-08,-19.4
2011-09-09,-19.4
2011-09-12,-19.4
2011-09-13,-19.4
2011-09-14,-19.4
2011-09-15,-19.4
2011-09-16,-19.4
2011-09-19,-19.4
2011-09-20,-19.4
2011-09-21,-19.4
2011-09-22,-19.4
2011-09-23,-19.4
2011-09-26,-19.4
2011-09-27,-19.4
2011-09-28,-19.4
2011-09-29,-19.4
2011-09-30,-10.7
2011-10-03,-10.7
2011-10-04,-10.7
2011-10-05,-10.7
2011-10-06,-10.7
2011-10-07,-10.7
2011-10-10,-10.7
2011-10-11,-10.7
2011-10-12,-10.7
2011-10-13,-10.7
2011-10-14,-10.7
2011-10-17,-10.7
2011-10-18,-10.7
2011-10-19,-10.7
2011-10-20,-10.7
2011-10-21,-10.7
2011-10-24,-10.7
2011-10-25,-10.7
2011-10-26,-10.7
2011-10-27,-10.7
2011-10-28,-10.7
2011-10-31,6.1
2011-11-01,6.1
2011-11-02,6.1
2011-11-03,6.1
2011-11-04,6.1
2011-11-07,6.1
2011-11-08,6.1
2011-11-09,6.1
2011-11-10,6.1
2011-11-11,6.1
2011-11-14,6.1
2011-11-15,6.1
2011-11-16,6.1
2011-11-17,6.1
2011-11-18,6.1
2011-11-21,6.1
2011-11-22,6.1
2011-11-23,6.1
2011-11-24,6.1
2011-11-25,6.1
2011-11-28,6.1
2011-11-29,6.1
2011-11-30,4.0
2011-12-01,4.0
2011-12-02,4.0
2011-12-05,4.0
2011-12-06,4.0
2011-12-07,4.0
2011-12-08,4.0
2011-12-09,4.0
2011-12-12,4.0
2011-12-13,4.0
2011-12-14,4.0
2011-12-15,4.0
2011-12-16,4.0
2011-12-19,4.0
2011-12-20,4.0
2011-12-21,4.0
2011-12-22,4.0
2011-12-23,4.0
2011-12-26,4.0
2011-12-27,4.0
2011-12-28,4.0
2011-12-29,4.0
2011-12-30,4.0
2011-12-31,2.4
2012-01-02,2.4
2012-01-03,2.4
2012-01-04,2.4
2012-01-05,2.4
2012-01-06,2.4
2012-01-09,2.4
2012-01-10,2.4
2012-01-11,2.4
2012-01-12,2.4
2012-01-13,2.4
2012-01-16,2.4
2012-01-17,2.4
2012-01-18,2.4
2012-01-19,2.4
2012-01-20,2.4
2012-01-23,2.4
2012-01-24,2.4
2012-01-25,2.4
2012-01-26,2.4
2012-01-27,2.4
2012-01-30,2.4
2012-01-31,7.5
2012-02-01,7.5
2012-02-02,7.5
2012-02-03,7.5
2012-02-06,7.5
2012-02-07,7.5
2012-02-08,7.5
2012-02-09,7.5
2012-02-10,7.5
2012-02-13,7.5
2012-02-14,7.5
2012-02-15,7.5
2012-02-16,7.5
2012-02-17,7.5
2012-02-20,7.5
2012-02-21,7.5
2012-02-22,7.5
2012-02-23,7.5
2012-02-24,7.5
2012-02-27,7.5
2012-02-28,7.5
2012-02-29,10.3
2012-03-01,10.3
2012-03-02,10.3
2012-03-05,10.3
2012-03-06,10.3
2012-03-07,10.3
2012-03-08,10.3
2012-03-09,10.3
2012-03-12,10.3
2012-03-13,10.3
2012-03-14,10.3
2012-03-15,10.3
2012-03-16,10.3
2012-03-19,10.3
2012-03-20,10.3
2012-03-21,10.3
2012-03-22,10.3
2012-03-23,10.3
2012-03-26,10.3
2012-03-27,10.3
2012-03-28,10.3
2012-03-29,10.3
2012-03-30,10.3
2012-03-31,8.8
2012-04-02,8.8
2012-04-03,8.8
2012-04-04,8.8
2012-04-05,8.8
2012-04-06,8.8
2012-04-09,8.8
2012-04-10,8.8
2012-04-11,8.8
2012-04-12,8.8
2012-04-13,8.8
2012-04-16,8.8
2012-04-17,8.8
2012-04-18,8.8
2012-04-19,8.8
2012-04-20,8.8
2012-04-23,8.8
2012-04-24,8.8
2012-04-25,8.8
2012-04-26,8.8
2012-04-27,8.8
2012-04-30,5.7
2012-05-01,5.7
2012-05-02,5.7
2012-05-03,5.7
2012-05-04,5.7
2012-05-07,5.7
2012-05-08,5.7
2012-05-09,5.7
2012-05-10,5.7
2012-05-11,5.7
2012-05-14,5.7
2012-05-15,5.7
2012-05-16,5.7
2012-05-17,5.7
2012-05-18,5.7
2012-05-21,5.7
2012-05-22,5.7
2012-05-23,5.7
2012-05-24,5.7
2012-05-25,5.7
2012-05-28,5.7
2012-05-29,5.7
2012-05-30,5.7
2012-05-31,-0.8
2012-06-01,-0.8
2012-06-04,-0.8
2012-06-05,-0.8
2012-06-06,-0.8
2012-06-07,-0.8
2012-06-08,-0.8
2012-06-11,-0.8
2012-06-12,-0.8
2012-06-13,-0.8
2012-06-14,-0.8
2012-06-15,-0.8
2012-06-18,-0.8
2012-06-19,-0.8
2012-06-20,-0.8
2012-06-21,-0.8
2012-06-22,-0.8
2012-06-25,-0.8
2012-06-26,-0.8
2012-06-27,-0.8
2012-06-28,-0.8
2012-06-29,-0.8
2012-06-30,-12.5
2012-07-02,-12.5
2012-07-03,-12.5
2012-07-04,-12.5
2012-07-05,-12.5
2012-07-06,-12.5
2012-07-09,-12.5
2012-07-10,-12.5
2012-07-11,-12.5
2012-07-12,-12.5
2012-07-13,-12.5
2012-07-16,-12.5
2012-07-17,-12.5
2012-07-18,-12.5
2012-07-19,-12.5
2012-07-20,-12.5
2012-07-23,-12.5
2012-07-24,-12.5
2012-07-25,-12.5
2012-07-26,-12.5
2012-07-27,-12.5
2012-07-30,-12.5
2012-07-31,-12.6
2012-08-01,-12.6
2012-08-02,-12.6
2012-08-03,-12.6
2012-08-06,-12.6
2012-08-07,-12.6
2012-08-08,-12.6
2012-08-09,-12.6
2012-08-10,-12.6
2012-08-13,-12.6
2012-08-14,-12.6
2012-08-15,-12.6
2012-08-16,-12.6
2012-08-17,-12.6
2012-08-20,-12.6
2012-08-21,-12.6
2012-08-22,-12.6
2012-08-23,-12.6
2012-08-24,-12.6
2012-08-27,-12.6
2012-08-28,-12.6
2012-08-29,-12.6
2012-08-30,-12.6
2012-08-31,-2.5
2012-09-03,-2.5
2012-09-04,-2.5
2012-09-05,-2.5
2012-09-06,-2.5
2012-09-07,-2.5
2012-09-10,-2.5
2012-09-11,-2.5
2012-09-12,-2.5
2012-09-13,-2.5
2012-09-14,-2.5
2012-09-17,-2.5
2012-09-18,-2.5
2012-09-19,-2.5
2012-09-20,-2.5
2012-09-21,-2.5
2012-09-24,-2.5
2012-09-25,-2.5
2012-09-26,-2.5
2012-09-27,-2.5
2012-09-28,-2.5
2012-09-30,0.2
2012-10-01,0.2
2012-10-02,0.2
2012-10-03,0.2
2012-10-04,0.2
2012-10-05,0.2
2012-10-08,0.2
2012-10-09,0.2
2012-10-10,0.2
2012-10-11,0.2
2012-10-12,0.2
2012-10-15,0.2
2012-10-16,0.2
2012-10-17,0.2
2012-10-18,0.2
2012-10-19,0.2
2012-10-22,0.2
2012-10-23,0.2
2012-10-24,0.2
2012-10-25,0.2
2012-10-26,0.2
2012-10-29,0.2
2012-10-30,0.2
2012-10-31,-1.3
2012-11-01,-1.3
2012-11-02,-1.3
2012-11-05,-1.3
2012-11-06,-1.3
2012-11-07,-1.3
2012-11-08,-1.3
2012-11-09,-1.3
2012-11-12,-1.3
2012-11-13,-1.3
2012-11-14,-1.3
2012-11-15,-1.3
2012-11-16,-1.3
2012-11-19,-1.3
2012-11-20,-1.3
2012-11-21,-1.3
2012-11-22,-1.3
2012-11-23,-1.3
2012-11-26,-1.3
2012-11-27,-1.3
2012-11-28,-1.3
2012-11-29,-1.3
2012-11-30,-10.5
2012-12-03,-10.5
2012-12-04,-10.5
2012-12-05,-10.5
2012-12-06,-10.5
2012-12-07,-10.5
2012-12-10,-10.5
2012-12-11,-10.5
2012-12-12,-10.5
2012-12-13,-10.5
2012-12-14,-10.5
2012-12-17,-10.5
2012-12-18,-10.5
2012-12-19,-10.5
2012-12-20,-10.5
2012-12-21,-10.5
2012-12-24,-10.5
2012-12-25,-10.5
2012-12-26,-10.5
2012-12-27,-10.5
2012-12-28,-10.5
2012-12-31,2.5
2013-01-01,2.5
2013-01-02,2.5
2013-01-03,2.5
2013-01-04,2.5
2013-01-07,2.5
2013-01-08,2.5
2013-01-09,2.5
2013-01-10,2.5
2013-01-11,2.5
2013-01-14,2.5
2013-01-15,2.5
2013-01-16,2.5
2013-01-17,2.5
2013-01-18,2.5
2013-01-21,2.5
2013-01-22,2.5
2013-01-23,2.5
2013-01-24,2.5
2013-01-25,2.5
2013-01-28,2.5
2013-01-29,2.5
2013-01-30,2.5
2013-01-31,-1.4
2013-02-01,-1.4
2013-02-04,-1.4
2013-02-05,-1.4
2013-02-06,-1.4
2013-02-07,-1.4
2013-02-08,-1.4
2013-02-11,-1.4
2013-02-12,-1.4
2013-02-13,-1.4
2013-02-14,-1.4
2013-02-15,-1.4
2013-02-18,-1.4
2013-02-19,-1.4
2013-02-20,-1.4
2013-02-21,-1.4
2013-02-22,-1.4
2013-02-25,-1.4
2013-02-26,-1.4
2013-02-27,-1.4
2013-02-28,-5.5
2013-03-01,-5.5
2013-03-04,-5.5
2013-03-05,-5.5
2013-03-06,-5.5
2013-03-07,-5.5
2013-03-08,-5.5
2013-03-11,-5.5
2013-03-12,-5.5
2013-03-13,-5.5
2013-03-14,-5.5
2013-03-15,-5.5
2013-03-18,-5.5
2013-03-19,-5.5
2013-03-20,-5.5
2013-03-21,-5.5
2013-03-22,-5.5
2013-03-25,-5.5
2013-03-26,-5.5
2013-03-27,-5.5
2013-03-28,-5.5
2013-03-29,-5.5
2013-03-31,2.0
2013-04-01,2.0
2013-04-02,2.0
2013-04-03,2.0
2013-04-04,2.0
2013-04-05,2.0
2013-04-08,2.0
2013-04-09,2.0
2013-04-10,2.0
2013-04-11,2.0
2013-04-12,2.0
2013-04-15,2.0
2013-04-16,2.0
2013-04-17,2.0
2013-04-18,2.0
2013-04-19,2.0
2013-04-22,2.0
2013-04-23,2.0
2013-04-24,2.0
2013-04-25,2.0
2013-04-26,2.0
2013-04-29,2.0
2013-04-30,0.4
2013-05-01,0.4
2013-05-02,0.4
2013-05-03,0.4
2013-05-06,0.4
2013-05-07,0.4
2013-05-08,0.4
2013-05-09,0.4
2013-05-10,0.4
2013-05-13,0.4
2013-05-14,0.4
2013-05-15,0.4
2013-05-16,0.4
2013-05-17,0.4
2013-05-20,0.4
2013-05-21,0.4
2013-05-22,0.4
2013-05-23,0.4
2013-05-24,0.4
2013-05-27,0.4
2013-05-28,0.4
2013-05-29,0.4
2013-05-30,0.4
2013-05-31,0.3
2013-06-03,0.3
2013-06-04,0.3
2013-06-05,0.3
2013-06-06,0.3
2013-06-07,0.3
2013-06-10,0.3
2013-06-11,0.3
2013-06-12,0.3
2013-06-13,0.3
2013-06-14,0.3
2013-06-17,0.3
2013-06-18,0.3
2013-06-19,0.3
2013-06-20,0.3
2013-06-21,0.3
2013-06-24,0.3
2013-06-25,0.3
2013-06-26,0.3
2013-06-27,0.3
2013-06-28,0.3
2013-06-30,12.6
2013-07-01,12.6
2013-07-02,12.6
2013-07-03,12.6
2013-07-04,12.6
2013-07-05,12.6
2013-07-08,12.6
2013-07-09,12.6
2013-07-10,12.6
2013-07-11,12.6
2013-07-12,12.6
2013-07-15,12.6
2013-07-16,12.6
2013-07-17,12.6
2013-07-18,12.6
2013-07-19,12.6
2013-07-22,12.6
2013-07-23,12.6
2013-07-24,12.6
2013-07-25,12.6
2013-07-26,12.6
2013-07-29,12.6
2013-07-30,12.6
2013-07-31,15.9
2013-08-01,15.9
2013-08-02,15.9
2013-08-05,15.9
2013-08-06,15.9
2013-08-07,15.9
2013-08-08,15.9
2013-08-09,15.9
2013-08-12,15.9
2013-08-13,15.9
2013-08-14,15.9
2013-08-15,15.9
2013-08-16,15.9
2013-08-19,15.9
2013-08-20,15.9
2013-08-21,15.9
2013-08-22,15.9
2013-08-23,15.9
2013-08-26,15.9
2013-08-27,15.9
2013-08-28,15.9
2013-08-29,15.9
2013-08-30,15.9
2013-08-31,8.4
2013-09-02,8.4
2013-09-03,8.4
2013-09-04,8.4
2013-09-05,8.4
2013-09-06,8.4
2013-09-09,8.4
2013-09-10,8.4
2013-09-11,8.4
2013-09-12,8.4
2013-09-13,8.4
2013-09-16,8.4
2013-09-17,8.4
2013-09-18,8.4
2013-09-19,8.4
2013-09-20,8.4
2013-09-23,8.4
2013-09-24,8.4
2013-09-25,8.4
2013-09-26,8.4
2013-09-27,8.4
2013-09-30,20.6
2013-10-01,20.6
2013-10-02,20.6
2013-10-03,20.6
2013-10-04,20.6
2013-10-07,20.6
2013-10-08,20.6
2013-10-09,20.6
2013-10-10,20.6
2013-10-11,20.6
2013-10-14,20.6
2013-10-15,20.6
2013-10-16,20.6
2013-10-17,20.6
2013-10-18,20.6
2013-10-21,20.6
2013-10-22,20.6
2013-10-23,20.6
2013-10-24,20.6
2013-10-25,20.6
2013-10-28,20.6
2013-10-29,20.6
2013-10-30,20.6
2013-10-31,13.3
2013-11-01,13.3
2013-11-04,13.3
2013-11-05,13.3
2013-11-06,13.3
2013-11-07,13.3
2013-11-08,13.3
2013-11-11,13.3
2013-11-12,13.3
2013-11-13,13.3
2013-11-14,13.3
2013-11-15,13.3
2013-11-18,13.3
2013-11-19,13.3
2013-11-20,13.3
2013-11-21,13.3
2013-11-22,13.3
2013-11-25,13.3
2013-11-26,13.3
2013-11-27,13.3
2013-11-28,13.3
2013-11-29,13.3
2013-11-30,4.6
2013-12-02,4.6
2013-12-03,4.6
2013-12-04,4.6
2013-12-05,4.6
2013-12-06,4.6
2013-12-09,4.6
2013-12-10,4.6
2013-12-11,4.6
2013-12-12,4.6
2013-12-13,4.6
2013-12-16,4.6
2013-12-17,4.6
2013-12-18,4.6
2013-12-19,4.6
2013-12-20,4.6
2013-12-23,4.6
2013-12-24,4.6
2013-12-25,4.6
2013-12-26,4.6
2013-12-27,4.6
2013-12-30,4.6
2013-12-31,3.9
2014-01-01,3.9
2014-01-02,3.9
2014-01-03,3.9
2014-01-06,3.9
2014-01-07,3.9
2014-01-08,3.9
2014-01-09,3.9
2014-01-10,3.9
2014-01-13,3.9
2014-01-14,3.9
2014-01-15,3.9
2014-01-16,3.9
2014-01-17,3.9
2014-01-20,3.9
2014-01-21,3.9
2014-01-22,3.9
2014-01-23,3.9
2014-01-24,3.9
2014-01-27,3.9
2014-01-28,3.9
2014-01-29,3.9
2014-01-30,3.9
2014-01-31,15.4
2014-02-03,15.4
2014-02-04,15.4
2014-02-05,15.4
2014-02-06,15.4
2014-02-07,15.4
2014-02-10,15.4
2014-02-11,15.4
2014-02-12,15.4
2014-02-13,15.4
2014-02-14,15.4
2014-02-17,15.4
2014-02-18,15.4
2014-02-19,15.4
2014-02-20,15.4
2014-02-21,15.4
2014-02-24,15.4
2014-02-25,15.4
2014-02-26,15.4
2014-02-27,15.4
2014-02-28,1.8
2014-03-03,1.8
2014-03-04,1.8
2014-03-05,1.8
2014-03-06,1.8
2014-03-07,1.8
2014-03-10,1.8
2014-03-11,1.8
2014-03-12,1.8
2014-03-13,1.8
2014-03-14,1.8
2014-03-17,1.8
2014-03-18,1.8
2014-03-19,1.8
2014-03-20,1.8
2014-03-21,1.8
2014-03-24,1.8
2014-03-25,1.8
2014-03-26,1.8
2014-03-27,1.8
2014-03-28,1.8
2014-03-31,12.6
2014-04-01,12.6
2014-04-02,12.6
2014-04-03,12.6
2014-04-04,12.6
2014-04-07,12.6
2014-04-08,12.6
2014-04-09,12.6
2014-04-10,12.6
2014-04-11,12.6
2014-04-14,12.6
2014-04-15,12.6
2014-04-16,12.6
2014-04-17,12.6
2014-04-18,12.6
2014-04-21,12.6
2014-04-22,12.6
2014-04-23,12.6
2014-04-24,12.6
2014-04-25,12.6
2014-04-28,12.6
2014-04-29,12.6
2014-04-30,16.9
2014-05-01,16.9
2014-05-02,16.9
2014-05-05,16.9
2014-05-06,16.9
2014-05-07,16.9
2014-05-08,16.9
2014-05-09,16.9
2014-05-12,16.9
2014-05-13,16.9
2014-05-14,16.9
2014-05-15,16.9
2014-05-16,16.9
2014-05-19,16.9
2014-05-20,16.9
2014-05-21,16.9
2014-05-22,16.9
2014-05-23,16.9
2014-05-26,16.9
2014-05-27,16.9
2014-05-28,16.9
2014-05-29,16.9
2014-05-30,16.9
2014-05-31,18.4
2014-06-02,18.4
2014-06-03,18.4
2014-06-04,18.4
2014-06-05,18.4
2014-06-06,18.4
2014-06-09,18.4
2014-06-10,18.4
2014-06-11,18.4
2014-06-12,18.4
2014-06-13,18.4
2014-06-16,18.4
2014-06-17,18.4
2014-06-18,18.4
2014-06-19,18.4
2014-06-20,18.4
2014-06-23,18.4
2014-06-24,18.4
2014-06-25,18.4
2014-06-26,18.4
2014-06-27,18.4
2014-06-30,14.2
2014-07-01,14.2
2014-07-02,14.2
2014-07-03,14.2
2014-07-04,14.2
2014-07-07,14.2
2014-07-08,14.2
2014-07-09,14.2
2014-07-10,14.2
2014-07-11,14.2
2014-07-14,14.2
2014-07-15,14.2
2014-07-16,14.2
2014-07-17,14.2
2014-07-18,14.2
2014-07-21,14.2
2014-07-22,14.2
2014-07-23,14.2
2014-07-24,14.2
2014-07-25,14.2
2014-07-28,14.2
2014-07-29,14.2
2014-07-30,14.2
2014-07-31,21.5
2014-08-01,21.5
2014-08-04,21.5
2014-08-05,21.5
2014-08-06,21.5
2014-08-07,21.5
2014-08-08,21.5
2014-08-11,21.5
2014-08-12,21.5
2014-08-13,21.5
2014-08-14,21.5
2014-08-15,21.5
2014-08-18,21.5
2014-08-19,21.5
2014-08-20,21.5
2014-08-21,21.5
2014-08-22,21.5
2014-08-25,21.5
2014-08-26,21.5
2014-08-27,21.5
2014-08-28,21.5
2014-08-29,21.5
2014-08-31,23.2
2014-09-01,23.2
2014-09-02,23.2
2014-09-03,23.2
2014-09-04,23.2
2014-09-05,23.2
2014-09-08,23.2
2014-09-09,23.2
2014-09-10,23.2
2014-09-11,23.2
2014-09-12,23.2
2014-09-15,23.2
2014-09-16,23.2
2014-09-17,23.2
2014-09-18,23.2
2014-09-19,23.2
2014-09-22,23.2
2014-09-23,23.2
2014-09-24,23.2
2014-09-25,23.2
2014-09-26,23.2
2014-09-29,23.2
2014-09-30,21.8
2014-10-01,21.8
2014-10-02,21.8
2014-10-03,21.8
2014-10-06,21.8
2014-10-07,21.8
2014-10-08,21.8
2014-10-09,21.8
2014-10-10,21.8
2014-10-13,21.8
2014-10-14,21.8
2014-10-15,21.8
2014-10-16,21.8
2014-10-17,21.8
2014-10-20,21.8
2014-10-21,21.8
2014-10-22,21.8
2014-10-23,21.8
2014-10-24,21.8
2014-10-27,21.8
2014-10-28,21.8
2014-10-29,21.8
2014-10-30,21.8
2014-10-31,17.9
2014-11-03,17.9
2014-11-04,17.9
2014-11-05,17.9
2014-11-06,17.9
2014-11-07,17.9
2014-11-10,17.9
2014-11-11,17.9
2014-11-12,17.9
2014-11-13,17.9
2014-11-14,17.9
2014-11-17,17.9
2014-11-18,17.9
2014-11-19,17.9
2014-11-20,17.9
2014-11-21,17.9
2014-11-24,17.9
2014-11-25,17.9
2014-11-26,17.9
2014-11-27,17.9
2014-11-28,17.9
2014-11-30,35.6
2014-12-01,35.6
2014-12-02,35.6
2014-12-03,35.6
2014-12-04,35.6
2014-12-05,35.6
2014-12-08,35.6
2014-12-09,35.6
2014-12-10,35.6
2014-12-11,35.6
2014-12-12,35.6
2014-12-15,35.6
2014-12-16,35.6
2014-12-17,35.6
2014-12-18,35.6
2014-12-19,35.6
2014-12-22,35.6
2014-12-23,35.6
2014-12-24,35.6
2014-12-25,35.6
2014-12-26,35.6
2014-12-29,35.6
2014-12-30,35.6
2014-12-31,21.7
2015-01-01,21.7
2015-01-02,21.7
2015-01-05,21.7
2015-01-06,21.7
2015-01-07,21.7
2015-01-08,21.7
2015-01-09,21.7
2015-01-12,21.7
2015-01-13,21.7
2015-01-14,21.7
2015-01-15,21.7
2015-01-16,21.7
2015-01-19,21.7
2015-01-20,21.7
2015-01-21,21.7
2015-01-22,21.7
2015-01-23,21.7
2015-01-26,21.7
2015-01-27,21.7
2015-01-28,21.7
2015-01-29,21.7
2015-01-30,21.7
2015-01-31,13.4
2015-02-02,13.4
2015-02-03,13.4
2015-02-04,13.4
2015-02-05,13.4
2015-02-06,13.4
2015-02-09,13.4
2015-02-10,13.4
2015-02-11,13.4
2015-02-12,13.4
2015-02-13,13.4
2015-02-16,13.4
2015-02-17,13.4
2015-02-18,13.4
2015-02-19,13.4
2015-02-20,13.4
2015-02-23,13.4
2015-02-24,13.4
2015-02-25,13.4
2015-02-26,13.4
2015-02-27,13.4
2015-02-28,9.9
2015-03-02,9.9
2015-03-03,9.9
2015-03-04,9.9
2015-03-05,9.9
2015-03-06,9.9
2015-03-09,9.9
2015-03-10,9.9
2015-03-11,9.9
2015-03-12,9.9
2015-03-13,9.9
2015-03-16,9.9
2015-03-17,9.9
2015-03-18,9.9
2015-03-19,9.9
2015-03-20,9.9
2015-03-23,9.9
2015-03-24,9.9
2015-03-25,9.9
2015-03-26,9.9
2015-03-27,9.9
2015-03-30,9.9
2015-03-31,7.4
2015-04-01,7.4
2015-04-02,7.4
2015-04-03,7.4
2015-04-06,7.4
2015-04-07,7.4
2015-04-08,7.4
2015-04-09,7.4
2015-04-10,7.4
2015-04-13,7.4
2015-04-14,7.4
2015-04-15,7.4
2015-04-16,7.4
2015-04-17,7.4
2015-04-20,7.4
2015-04-21,7.4
2015-04-22,7.4
2015-04-23,7.4
2015-04-24,7.4
2015-04-27,7.4
2015-04-28,7.4
2015-04-29,7.4
2015-04-30,9.7
2015-05-01,9.7
2015-05-04,9.7
2015-05-05,9.7
2015-05-06,9.7
2015-05-07,9.7
2015-05-08,9.7
2015-05-11,9.7
2015-05-12,9.7
2015-05-13,9.7
2015-05-14,9.7
2015-05-15,9.7
2015-05-18,9.7
2015-05-19,9.7
2015-05-20,9.7
2015-05-21,9.7
2015-05-22,9.7
2015-05-25,9.7
2015-05-26,9.7
2015-05-27,9.7
2015-05-28,9.7
2015-05-29,9.7
2015-05-31,6.0
2015-06-01,6.0
2015-06-02,6.0
2015-06-03,6.0
2015-06-04,6.0
2015-06-05,6.0
2015-06-08,6.0
2015-06-09,6.0
2015-06-10,6.0
2015-06-11,6.0
2015-06-12,6.0
2015-06-15,6.0
2015-06-16,6.0
2015-06-17,6.0
2015-06-18,6.0
2015-06-19,6.0
2015-06-22,6.0
2015-06-23,6.0
2015-06-24,6.0
2015-06-25,6.0
2015-06-26,6.0
2015-06-29,6.0
2015-06-30,8.2
2015-07-01,8.2
2015-07-02,8.2
2015-07-03,8.2
2015-07-06,8.2
2015-07-07,8.2
2015-07-08,8.2
2015-07-09,8.2
2015-07-10,8.2
2015-07-13,8.2
2015-07-14,8.2
2015-07-15,8.2
2015-07-16,8.2
2015-07-17,8.2
2015-07-20,8.2
2015-07-21,8.2
2015-07-22,8.2
2015-07-23,8.2
2015-07-24,8.2
2015-07-27,8.2
2015-07-28,8.2
2015-07-29,8.2
2015-07-30,8.2
2015-07-31,4.6
2015-08-03,4.6
2015-08-04,4.6
2015-08-05,4.6
2015-08-06,4.6
2015-08-07,4.6
2015-08-10,4.6
2015-08-11,4.6
2015-08-12,4.6
2015-08-13,4.6
2015-08-14,4.6
2015-08-17,4.6
2015-08-18,4.6
2015-08-19,4.6
2015-08-20,4.6
2015-08-21,4.6
2015-08-24,4.6
2015-08-25,4.6
2015-08-26,4.6
2015-08-27,4.6
2015-08-28,4.6
2015-08-31,6.5
2015-09-01,6.5
2015-09-02,6.5
2015-09-03,6.5
2015-09-04,6.5
2015-09-07,6.5
2015-09-08,6.5
2015-09-09,6.5
2015-09-10,6.5
2015-09-11,6.5
2015-09-14,6.5
2015-09-15,6.5
2015-09-16,6.5
2015-09-17,6.5
2015-09-18,6.5
2015-09-21,6.5
2015-09-22,6.5
2015-09-23,6.5
2015-09-24,6.5
2015-09-25,6.5
2015-09-28,6.5
2015-09-29,6.5
2015-09-30,-3.7
2015-10-01,-3.7
2015-10-02,-3.7
2015-10-05,-3.7
2015-10-06,-3.7
2015-10-07,-3.7
2015-10-08,-3.7
2015-10-09,-3.7
2015-10-12,-3.7
2015-10-13,-3.7
2015-10-14,-3.7
2015-10-15,-3.7
2015-10-16,-3.7
2015-10-19,-3.7
2015-10-20,-3.7
2015-10-21,-3.7
2015-10-22,-3.7
2015-10-23,-3.7
2015-10-26,-3.7
2015-10-27,-3.7
2015-10-28,-3.7
2015-10-29,-3.7
2015-10-30,-3.7
2015-10-31,-5.2
2015-11-02,-5.2
2015-11-03,-5.2
2015-11-04,-5.2
2015-11-05,-5.2
2015-11-06,-5.2
2015-11-09,-5.2
2015-11-10,-5.2
2015-11-11,-5.2
2015-11-12,-5.2
2015-11-13,-5.2
2015-11-16,-5.2
2015-11-17,-5.2
2015-11-18,-5.2
2015-11-19,-5.2
2015-11-20,-5.2
2015-11-23,-5.2
2015-11-24,-5.2
2015-11-25,-5.2
2015-11-26,-5.2
2015-11-27,-5.2
2015-11-30,-3.8
2015-12-01,-3.8
2015-12-02,-3.8
2015-12-03,-3.8
2015-12-04,-3.8
2015-12-07,-3.8
2015-12-08,-3.8
2015-12-09,-3.8
2015-12-10,-3.8
2015-12-11,-3.8
2015-12-14,-3.8
2015-12-15,-3.8
2015-12-16,-3.8
2015-12-17,-3.8
2015-12-18,-3.8
2015-12-21,-3.8
2015-12-22,-3.8
2015-12-23,-3.8
2015-12-24,-3.8
2015-12-25,-3.8
2015-12-28,-3.8
2015-12-29,-3.8
2015-12-30,-3.8
2015-12-31,-9.2
2016-01-01,-9.2
2016-01-04,-9.2
2016-01-05,-9.2
2016-01-06,-9.2
2016-01-07,-9.2
2016-01-08,-9.2
2016-01-11,-9.2
2016-01-12,-9.2
2016-01-13,-9.2
2016-01-14,-9.2
2016-01-15,-9.2
2016-01-18,-9.2
2016-01-19,-9.2
2016-01-20,-9.2
2016-01-21,-9.2
2016-01-22,-9.2
2016-01-25,-9.2
2016-01-26,-9.2
2016-01-27,-9.2
2016-01-28,-9.2
2016-01-29,-9.2
2016-01-31,-3.5
2016-02-01,-3.5
2016-02-02,-3.5
2016-02-03,-3.5
2016-02-04,-3.5
2016-02-05,-3.5
2016-02-08,-3.5
2016-02-09,-3.5
2016-02-10,-3.5
2016-02-11,-3.5
2016-02-12,-3.5
2016-02-15,-3.5
2016-02-16,-3.5
2016-02-17,-3.5
2016-02-18,-3.5
2016-02-19,-3.5
2016-02-22,-3.5
2016-02-23,-3.5
2016-02-24,-3.5
2016-02-25,-3.5
2016-02-26,-3.5
2016-02-29,-7.9
2016-03-01,-7.9
2016-03-02,-7.9
2016-03-03,-7.9
2016-03-04,-7.9
2016-03-07,-7.9
2016-03-08,-7.9
2016-03-09,-7.9
2016-03-10,-7.9
2016-03-11,-7.9
2016-03-14,-7.9
2016-03-15,-7.9
2016-03-16,-7.9
2016-03-17,-7.9
2016-03-18,-7.9
2016-03-21,-7.9
2016-03-22,-7.9
2016-03-23,-7.9
2016-03-24,-7.9
2016-03-25,-7.9
2016-03-28,-7.9
2016-03-29,-7.9
2016-03-30,-7.9
2016-03-31,9.5
2016-04-01,9.5
2016-04-04,9.5
2016-04-05,9.5
2016-04-06,9.5
2016-04-07,9.5
2016-04-08,9.5
2016-04-11,9.5
2016-04-12,9.5
2016-04-13,9.5
2016-04-14,9.5
2016-04-15,9.5
2016-04-18,9.5
2016-04-19,9.5
2016-04-20,9.5
2016-04-21,9.5
2016-04-22,9.5
2016-04-25,9.5
2016-04-26,9.5
2016-04-27,9.5
2016-04-28,9.5
2016-04-29,9.5
2016-04-30,-1.6
2016-05-02,-1.6
2016-05-03,-1.6
2016-05-04,-1.6
2016-05-05,-1.6
2016-05-06,-1.6
2016-05-09,-1.6
2016-05-10,-1.6
2016-05-11,-1.6
2016-05-12,-1.6
2016-05-13,-1.6
2016-05-16,-1.6
2016-05-17,-1.6
2016-05-18,-1.6
2016-05-19,-1.6
2016-05-20,-1.6
2016-05-23,-1.6
2016-05-24,-1.6
2016-05-25,-1.6
2016-05-26,-1.6
2016-05-27,-1.6
2016-05-30,-1.6
2016-05-31,-5.1
2016-06-01,-5.1
2016-06-02,-5.1
2016-06-03,-5.1
2016-06-06,-5.1
2016-06-07,-5.1
2016-06-08,-5.1
2016-06-09,-5.1
2016-06-10,-5.1
2016-06-13,-5.1
2016-06-14,-5.1
2016-06-15,-5.1
2016-06-16,-5.1
2016-06-17,-5.1
2016-06-20,-5.1
2016-06-21,-5.1
2016-06-22,-5.1
2016-06-23,-5.1
2016-06-24,-5.1
2016-06-27,-5.1
2016-06-28,-5.1
2016-06-29,-5.1
2016-06-30,4.2
2016-07-01,4.2
2016-07-04,4.2
2016-07-05,4.2
2016-07-06,4.2
2016-07-07,4.2
2016-07-08,4.2
2016-07-11,4.2
2016-07-12,4.2
2016-07-13,4.2
2016-07-14,4.2
2016-07-15,4.2
2016-07-18,4.2
2016-07-19,4.2
2016-07-20,4.2
2016-07-21,4.2
2016-07-22,4.2
2016-07-25,4.2
2016-07-26,4.2
2016-07-27,4.2
2016-07-28,4.2
2016-07-29,4.2
2016-07-31,1.6
2016-08-01,1.6
2016-08-02,1.6
2016-08-03,1.6
2016-08-04,1.6
2016-08-05,1.6
2016-08-08,1.6
2016-08-09,1.6
2016-08-10,1.6
2016-08-11,1.6
2016-08-12,1.6
2016-08-15,1.6
2016-08-16,1.6
2016-08-17,1.6
2016-08-18,1.6
2016-08-19,1.6
2016-08-22,1.6
2016-08-23,1.6
2016-08-24,1.6
2016-08-25,1.6
2016-08-26,1.6
2016-08-29,1.6
2016-08-30,1.6
2016-08-31,6.5
2016-09-01,6.5
2016-09-02,6.5
2016-09-05,6.5
2016-09-06,6.5
2016-09-07,6.5
2016-09-08,6.5
2016-09-09,6.5
2016-09-12,6.5
2016-09-13,6.5
2016-09-14,6.5
2016-09-15,6.5
2016-09-16,6.5
2016-09-19,6.5
2016-09-20,6.5
2016-09-21,6.5
2016-09-22,6.5
2016-09-23,6.5
2016-09-26,6.5
2016-09-27,6.5
2016-09-28,6.5
2016-09-29,6.5
2016-09-30,12.4
2016-10-03,12.4
2016-10-04,12.4
2016-10-05,12.4
2016-10-06,12.4
2016-10-07,12.4
2016-10-10,12.4
2016-10-11,12.4
2016-10-12,12.4
2016-10-13,12.4
2016-10-14,12.4
2016-10-17,12.4
2016-10-18,12.4
2016-10-19,12.4
2016-10-20,12.4
2016-10-21,12.4
2016-10-24,12.4
2016-10-25,12.4
2016-10-26,12.4
2016-10-27,12.4
2016-10-28,12.4
2016-10-31,10.2
2016-11-01,10.2
2016-11-02,10.2
2016-11-03,10.2
2016-11-04,10.2
2016-11-07,10.2
2016-11-08,10.2
2016-11-09,10.2
2016-11-10,10.2
2016-11-11,10.2
2016-11-14,10.2
2016-11-15,10.2
2016-11-16,10.2
2016-11-17,10.2
2016-11-18,10.2
2016-11-21,10.2
2016-11-22,10.2
2016-11-23,10.2
2016-11-24,10.2
2016-11-25,10.2
2016-11-28,10.2
2016-11-29,10.2
2016-11-30,9.6
2016-12-01,9.6
2016-12-02,9.6
2016-12-05,9.6
2016-12-06,9.6
2016-12-07,9.6
2016-12-08,9.6
2016-12-09,9.6
2016-12-12,9.6
2016-12-13,9.6
2016-12-14,9.6
2016-12-15,9.6
2016-12-16,9.6
2016-12-19,9.6
2016-12-20,9.6
2016-12-21,9.6
2016-12-22,9.6
2016-12-23,9.6
2016-12-26,9.6
2016-12-27,9.6
2016-12-28,9.6
2016-12-29,9.6
2016-12-30,9.6
2016-12-31,21.8
2017-01-02,21.8
2017-01-03,21.8
2017-01-04,21.8
2017-01-05,21.8
2017-01-06,21.8
2017-01-09,21.8
2017-01-10,21.8
2017-01-11,21.8
2017-01-12,21.8
2017-01-13,21.8
2017-01-16,21.8
2017-01-17,21.8
2017-01-18,21.8
2017-01-19,21.8
2017-01-20,21.8
2017-01-23,21.8
2017-01-24,21.8
2017-01-25,21.8
2017-01-26,21.8
2017-01-27,21.8
2017-01-30,21.8
2017-01-31,26.0
2017-02-01,26.0
2017-02-02,26.0
2017-02-03,26.0
2017-02-06,26.0
2017-02-07,26.0
2017-02-08,26.0
2017-02-09,26.0
2017-02-10,26.0
2017-02-13,26.0
2017-02-14,26.0
2017-02-15,26.0
2017-02-16,26.0
2017-02-17,26.0
2017-02-20,26.0
2017-02-21,26.0
2017-02-22,26.0
2017-02-23,26.0
2017-02-24,26.0
2017-02-27,26.0
2017-02-28,37.8
2017-03-01,37.8
2017-03-02,37.8
2017-03-03,37.8
2017-03-06,37.8
2017-03-07,37.8
2017-03-08,37.8
2017-03-09,37.8
2017-03-10,37.8
2017-03-13,37.8
2017-03-14,37.8
2017-03-15,37.8
2017-03-16,37.8
2017-03-17,37.8
2017-03-20,37.8
2017-03-21,37.8
2017-03-22,37.8
2017-03-23,37.8
2017-03-24,37.8
2017-03-27,37.8
2017-03-28,37.8
2017-03-29,37.8
2017-03-30,37.8
2017-03-31,32.2
2017-04-03,32.2
2017-04-04,32.2
2017-04-05,32.2
2017-04-06,32.2
2017-04-07,32.2
2017-04-10,32.2
2017-04-11,32.2
2017-04-12,32.2
2017-04-13,32.2
2017-04-14,32.2
2017-04-17,32.2
2017-04-18,32.2
2017-04-19,32.2
2017-04-20,32.2
2017-04-21,32.2
2017-04-24,32.2
2017-04-25,32.2
2017-04-26,32.2
2017-04-27,32.2
2017-04-28,32.2
2017-04-30,22.5
2017-05-01,22.5
2017-05-02,22.5
2017-05-03,22.5
2017-05-04,22.5
2017-05-05,22.5
2017-05-08,22.5
2017-05-09,22.5
2017-05-10,22.5
2017-05-11,22.5
2017-05-12,22.5
2017-05-15,22.5
2017-05-16,22.5
2017-05-17,22.5
2017-05-18,22.5
2017-05-19,22.5
2017-05-22,22.5
2017-05-23,22.5
2017-05-24,22.5
2017-05-25,22.5
2017-05-26,22.5
2017-05-29,22.5
2017-05-30,22.5
2017-05-31,34.0
2017-06-01,34.0
2017-06-02,34.0
2017-06-05,34.0
2017-06-06,34.0
2017-06-07,34.0
2017-06-08,34.0
2017-06-09,34.0
2017-06-12,34.0
2017-06-13,34.0
2017-06-14,34.0
2017-06-15,34.0
2017-06-16,34.0
2017-06-19,34.0
2017-06-20,34.0
2017-06-21,34.0
2017-06-22,34.0
2017-06-23,34.0
2017-06-26,34.0
2017-06-27,34.0
2017-06-28,34.0
2017-06-29,34.0
2017-06-30,27.6
2017-07-03,27.6
2017-07-04,27.6
2017-07-05,27.6
2017-07-06,27.6
2017-07-07,27.6
2017-07-10,27.6
2017-07-11,27.6
2017-07-12,27.6
2017-07-13,27.6
2017-07-14,27.6
2017-07-17,27.6
2017-07-18,27.6
2017-07-19,27.6
2017-07-20,27.6
2017-07-21,27.6
2017-07-24,27.6
2017-07-25,27.6
2017-07-26,27.6
2017-07-27,27.6
2017-07-28,27.6
2017-07-31,22.3
2017-08-01,22.3
2017-08-02,22.3
2017-08-03,22.3
2017-08-04,22.3
2017-08-07,22.3
2017-08-08,22.3
2017-08-09,22.3
2017-08-10,22.3
2017-08-11,22.3
2017-08-14,22.3
2017-08-15,22.3
2017-08-16,22.3
2017-08-17,22.3
2017-08-18,22.3
2017-08-21,22.3
2017-08-22,22.3
2017-08-23,22.3
2017-08-24,22.3
2017-08-25,22.3
2017-08-28,22.3
2017-08-29,22.3
2017-08-30,22.3
2017-08-31,22.8
2017-09-01,22.8
2017-09-04,22.8
2017-09-05,22.8
2017-09-06,22.8
2017-09-07,22.8
2017-09-08,22.8
2017-09-11,22.8
2017-09-12,22.8
2017-09-13,22.8
2017-09-14,22.8
2017-09-15,22.8
2017-09-18,22.8
2017-09-19,22.8
2017-09-20,22.8
2017-09-21,22.8
2017-09-22,22.8
2017-09-25,22.8
2017-09-26,22.8
2017-09-27,22.8
2017-09-28,22.8
2017-09-29,22.8
2017-09-30,24.2
2017-10-02,24.2
2017-10-03,24.2
2017-10-04,24.2
2017-10-05,24.2
2017-10-06,24.2
2017-10-09,24.2
2017-10-10,24.2
2017-10-11,24.2
2017-10-12,24.2
2017-10-13,24.2
2017-10-16,24.2
2017-10-17,24.2
2017-10-18,24.2
2017-10-19,24.2
2017-10-20,24.2
2017-10-23,24.2
2017-10-24,24.2
2017-10-25,24.2
2017-10-26,24.2
2017-10-27,24.2
2017-10-30,24.2
2017-10-31,26.6
2017-11-01,26.6
2017-11-02,26.6
2017-11-03,26.6
2017-11-06,26.6
2017-11-07,26.6
2017-11-08,26.6
2017-11-09,26.6
2017-11-10,26.6
2017-11-13,26.6
2017-11-14,26.6
2017-11-15,26.6
2017-11-16,26.6
2017-11-17,26.6
2017-11-20,26.6
2017-11-21,26.6
2017-11-22,26.6
2017-11-23,26.6
2017-11-24,26.6
2017-11-27,26.6
2017-11-28,26.6
2017-11-29,26.6
2017-11-30,23.9
2017-12-01,23.9
2017-12-04,23.9
2017-12-05,23.9
2017-12-06,23.9
2017-12-07,23.9
2017-12-08,23.9
2017-12-11,23.9
2017-12-12,23.9
2017-12-13,23.9
2017-12-14,23.9
2017-12-15,23.9
2017-12-18,23.9
2017-12-19,23.9
2017-12-20,23.9
2017-12-21,23.9
2017-12-22,23.9
2017-12-25,23.9
2017-12-26,23.9
2017-12-27,23.9
2017-12-28,23.9
2017-12-29,23.9
2017-12-31,27.8
2018-01-01,27.8
2018-01-02,27.8
2018-01-03,27.8
2018-01-04,27.8
2018-01-05,27.8
2018-01-08,27.8
2018-01-09,27.8
2018-01-10,27.8
2018-01-11,27.8
2018-01-12,27.8
2018-01-15,27.8
2018-01-16,27.8
2018-01-17,27.8
2018-01-18,27.8
2018-01-19,27.8
2018-01-22,27.8
2018-01-23,27.8
2018-01-24,27.8
2018-01-25,27.8
2018-01-26,27.8
2018-01-29,27.8
2018-01-30,27.8
2018-01-31,24.8
2018-02-01,24.8
2018-02-02,24.8
2018-02-05,24.8
2018-02-06,24.8
2018-02-07,24.8
2018-02-08,24.8
2018-02-09,24.8
2018-02-12,24.8
2018-02-13,24.8
2018-02-14,24.8
2018-02-15,24.8
2018-02-16,24.8
2018-02-19,24.8
2018-02-20,24.8
2018-02-21,24.8
2018-02-22,24.8
2018-02-23,24.8
2018-02-26,24.8
2018-02-27,24.8
2018-02-28,28.1
2018-03-01,28.1
2018-03-02,28.1
2018-03-05,28.1
2018-03-06,28.1
2018-03-07,28.1
2018-03-08,28.1
2018-03-09,28.1
2018-03-12,28.1
2018-03-13,28.1
2018-03-14,28.1
2018-03-15,28.1
2018-03-16,28.1
2018-03-19,28.1
2018-03-20,28.1
2018-03-21,28.1
2018-03-22,28.1
2018-03-23,28.1
2018-03-26,28.1
2018-03-27,28.1
2018-03-28,28.1
2018-03-29,28.1
2018-03-30,28.1
2018-03-31,23.8
2018-04-02,23.8
2018-04-03,23.8
2018-04-04,23.8
2018-04-05,23.8
2018-04-06,23.8
2018-04-09,23.8
2018-04-10,23.8
2018-04-11,23.8
2018-04-12,23.8
2018-04-13,23.8
2018-04-16,23.8
2018-04-17,23.8
2018-04-18,23.8
2018-04-19,23.8
2018-04-20,23.8
2018-04-23,23.8
2018-04-24,23.8
2018-04-25,23.8
2018-04-26,23.8
2018-04-27,23.8
2018-04-30,23.4
2018-05-01,23.4
2018-05-02,23.4
2018-05-03,23.4
2018-05-04,23.4
2018-05-07,23.4
2018-05-08,23.4
2018-05-09,23.4
2018-05-10,23.4
2018-05-11,23.4
2018-05-14,23.4
2018-05-15,23.4
2018-05-16,23.4
2018-05-17,23.4
2018-05-18,23.4
2018-05-21,23.4
2018-05-22,23.4
2018-05-23,23.4
2018-05-24,23.4
2018-05-25,23.4
2018-05-28,23.4
2018-05-29,23.4
2018-05-30,23.4
2018-05-31,32.3
2018-06-01,32.3
2018-06-04,32.3
2018-06-05,32.3
2018-06-06,32.3
2018-06-07,32.3
2018-06-08,32.3
2018-06-11,32.3
2018-06-12,32.3
2018-06-13,32.3
2018-06-14,32.3
2018-06-15,32.3
2018-06-18,32.3
2018-06-19,32.3
2018-06-20,32.3
2018-06-21,32.3
2018-06-22,32.3
2018-06-25,32.3
2018-06-26,32.3
2018-06-27,32.3
2018-06-28,32.3
2018-06-29,32.3
2018-06-30,20.8
2018-07-02,20.8
2018-07-03,20.8
2018-07-04,20.8
2018-07-05,20.8
2018-07-06,20.8
2018-07-09,20.8
2018-07-10,20.8
2018-07-11,20.8
2018-07-12,20.8
2018-07-13,20.8
2018-07-16,20.8
2018-07-17,20.8
2018-07-18,20.8
2018-07-19,20.8
2018-07-20,20.8
2018-07-23,20.8
2018-07-24,20.8
2018-07-25,20.8
2018-07-26,20.8
2018-07-27,20.8
2018-07-30,20.8
2018-07-31,24.3
2018-08-01,24.3
2018-08-02,24.3
2018-08-03,24.3
2018-08-06,24.3
2018-08-07,24.3
2018-08-08,24.3
2018-08-09,24.3
2018-08-10,24.3
2018-08-13,24.3
2018-08-14,24.3
2018-08-15,24.3
2018-08-16,24.3
2018-08-17,24.3
2018-08-20,24.3
2018-08-21,24.3
2018-08-22,24.3
2018-08-23,24.3
2018-08-24,24.3
2018-08-27,24.3
2018-08-28,24.3
2018-08-29,24.3
2018-08-30,24.3
2018-08-31,13.0
2018-09-03,13.0
2018-09-04,13.0
2018-09-05,13.0
2018-09-06,13.0
2018-09-07,13.0
2018-09-10,13.0
2018-09-11,13.0
2018-09-12,13.0
2018-09-13,13.0
2018-09-14,13.0
2018-09-17,13.0
2018-09-18,13.0
2018-09-19,13.0
2018-09-20,13.0
2018-09-21,13.0
2018-09-24,13.0
2018-09-25,13.0
2018-09-26,13.0
2018-09-27,13.0
2018-09-28,13.0
2018-09-30,21.4
2018-10-01,21.4
2018-10-02,21.4
2018-10-03,21.4
2018-10-04,21.4
2018-10-05,21.4
2018-10-08,21.4
2018-10-09,21.4
2018-10-10,21.4
2018-10-11,21.4
2018-10-12,21.4
2018-10-15,21.4
2018-10-16,21.4
2018-10-17,21.4
2018-10-18,21.4
2018-10-19,21.4
2018-10-22,21.4
2018-10-23,21.4
2018-10-24,21.4
2018-10-25,21.4
2018-10-26,21.4
2018-10-29,21.4
2018-10-30,21.4
2018-10-31,19.7
2018-11-01,19.7
2018-11-02,19.7
2018-11-05,19.7
2018-11-06,19.7
2018-11-07,19.7
2018-11-08,19.7
2018-11-09,19.7
2018-11-12,19.7
2018-11-13,19.7
2018-11-14,19.7
2018-11-15,19.7
2018-11-16,19.7
2018-11-19,19.7
2018-11-20,19.7
2018-11-21,19.7
2018-11-22,19.7
2018-11-23,19.7
2018-11-26,19.7
2018-11-27,19.7
2018-11-28,19.7
2018-11-29,19.7
2018-11-30,11.9
2018-12-03,11.9
2018-12-04,11.9
2018-12-05,11.9
2018-12-06,11.9
2018-12-07,11.9
2018-12-10,11.9
2018-12-11,11.9
2018-12-12,11.9
2018-12-13,11.9
2018-12-14,11.9
2018-12-17,11.9
2018-12-18,11.9
2018-12-19,11.9
2018-12-20,11.9
2018-12-21,11.9
2018-12-24,11.9
2018-12-25,11.9
2018-12-26,11.9
2018-12-27,11.9
2018-12-28,11.9
2018-12-31,9.1
2019-01-01,9.1
2019-01-02,9.1
2019-01-03,9.1
2019-01-04,9.1
2019-01-07,9.1
2019-01-08,9.1
2019-01-09,9.1
2019-01-10,9.1
2019-01-11,9.1
2019-01-14,9.1
2019-01-15,9.1
2019-01-16,9.1
2019-01-17,9.1
2019-01-18,9.1
2019-01-21,9.1
2019-01-22,9.1
2019-01-23,9.1
2019-01-24,9.1
2019-01-25,9.1
2019-01-28,9.1
2019-01-29,9.1
2019-01-30,9.1
2019-01-31,17.0
2019-02-01,17.0
2019-02-04,17.0
2019-02-05,17.0
2019-02-06,17.0
2019-02-07,17.0
2019-02-08,17.0
2019-02-11,17.0
2019-02-12,17.0
2019-02-13,17.0
2019-02-14,17.0
2019-02-15,17.0
2019-02-18,17.0
2019-02-19,17.0
2019-02-20,17.0
2019-02-21,17.0
2019-02-22,17.0
2019-02-25,17.0
2019-02-26,17.0
2019-02-27,17.0
2019-02-28,-4.1
2019-03-01,-4.1
2019-03-04,-4.1
2019-03-05,-4.1
2019-03-06,-4.1
2019-03-07,-4.1
2019-03-08,-4.1
2019-03-11,-4.1
2019-03-12,-4.1
2019-03-13,-4.1
2019-03-14,-4.1
2019-03-15,-4.1
2019-03-18,-4.1
2019-03-19,-4.1
2019-03-20,-4.1
2019-03-21,-4.1
2019-03-22,-4.1
2019-03-25,-4.1
2019-03-26,-4.1
2019-03-27,-4.1
2019-03-28,-4.1
2019-03-29,-4.1
2019-03-31,13.7
2019-04-01,13.7
2019-04-02,13.7
2019-04-03,13.7
2019-04-04,13.7
2019-04-05,13.7
2019-04-08,13.7
2019-04-09,13.7
2019-04-10,13.7
2019-04-11,13.7
2019-04-12,13.7
2019-04-15,13.7
2019-04-16,13.7
2019-04-17,13.7
2019-04-18,13.7
2019-04-19,13.7
2019-04-22,13.7
2019-04-23,13.7
2019-04-24,13.7
2019-04-25,13.7
2019-04-26,13.7
2019-04-29,13.7
2019-04-30,8.5
2019-05-01,8.5
2019-05-02,8.5
2019-05-03,8.5
2019-05-06,8.5
2019-05-07,8.5
2019-05-08,8.5
2019-05-09,8.5
2019-05-10,8.5
2019-05-13,8.5
2019-05-14,8.5
2019-05-15,8.5
2019-05-16,8.5
2019-05-17,8.5
2019-05-20,8.5
2019-05-21,8.5
2019-05-22,8.5
2019-05-23,8.5
2019-05-24,8.5
2019-05-27,8.5
2019-05-28,8.5
2019-05-29,8.5
2019-05-30,8.5
2019-05-31,16.6
2019-06-03,16.6
2019-06-04,16.6
2019-06-05,16.6
2019-06-06,16.6
2019-06-07,16.6
2019-06-10,16.6
2019-06-11,16.6
2019-06-12,16.6
2019-06-13,16.6
2019-06-14,16.6
2019-06-17,16.6
2019-06-18,16.6
2019-06-19,16.6
2019-06-20,16.6
2019-06-21,16.6
2019-06-24,16.6
2019-06-25,16.6
2019-06-26,16.6
2019-06-27,16.6
2019-06-28,16.6
2019-06-30,0.3
2019-07-01,0.3
2019-07-02,0.3
2019-07-03,0.3
2019-07-04,0.3
2019-07-05,0.3
2019-07-08,0.3
2019-07-09,0.3
2019-07-10,0.3
2019-07-11,0.3
2019-07-12,0.3
2019-07-15,0.3
2019-07-16,0.3
2019-07-17,0.3
2019-07-18,0.3
2019-07-19,0.3
2019-07-22,0.3
2019-07-23,0.3
2019-07-24,0.3
2019-07-25,0.3
2019-07-26,0.3
2019-07-29,0.3
2019-07-30,0.3
