date,PMI
2010-01-01,55.8
2010-01-04,55.8
2010-01-05,55.8
2010-01-06,55.8
2010-01-07,55.8
2010-01-08,55.8
2010-01-11,55.8
2010-01-12,55.8
2010-01-13,55.8
2010-01-14,55.8
2010-01-15,55.8
2010-01-18,55.8
2010-01-19,55.8
2010-01-20,55.8
2010-01-21,55.8
2010-01-22,55.8
2010-01-25,55.8
2010-01-26,55.8
2010-01-27,55.8
2010-01-28,55.8
2010-01-29,55.8
2010-01-31,56.3
2010-02-01,56.3
2010-02-02,56.3
2010-02-03,56.3
2010-02-04,56.3
2010-02-05,56.3
2010-02-08,56.3
2010-02-09,56.3
2010-02-10,56.3
2010-02-11,56.3
2010-02-12,56.3
2010-02-15,56.3
2010-02-16,56.3
2010-02-17,56.3
2010-02-18,56.3
2010-02-19,56.3
2010-02-22,56.3
2010-02-23,56.3
2010-02-24,56.3
2010-02-25,56.3
2010-02-26,56.3
2010-02-28,55.5
2010-03-01,55.5
2010-03-02,55.5
2010-03-03,55.5
2010-03-04,55.5
2010-03-05,55.5
2010-03-08,55.5
2010-03-09,55.5
2010-03-10,55.5
2010-03-11,55.5
2010-03-12,55.5
2010-03-15,55.5
2010-03-16,55.5
2010-03-17,55.5
2010-03-18,55.5
2010-03-19,55.5
2010-03-22,55.5
2010-03-23,55.5
2010-03-24,55.5
2010-03-25,55.5
2010-03-26,55.5
2010-03-29,55.5
2010-03-30,55.5
2010-03-31,58.8
2010-04-01,58.8
2010-04-02,58.8
2010-04-05,58.8
2010-04-06,58.8
2010-04-07,58.8
2010-04-08,58.8
2010-04-09,58.8
2010-04-12,58.8
2010-04-13,58.8
2010-04-14,58.8
2010-04-15,58.8
2010-04-16,58.8
2010-04-19,58.8
2010-04-20,58.8
2010-04-21,58.8
2010-04-22,58.8
2010-04-23,58.8
2010-04-26,58.8
2010-04-27,58.8
2010-04-28,58.8
2010-04-29,58.8
2010-04-30,58.1
2010-05-03,58.1
2010-05-04,58.1
2010-05-05,58.1
2010-05-06,58.1
2010-05-07,58.1
2010-05-10,58.1
2010-05-11,58.1
2010-05-12,58.1
2010-05-13,58.1
2010-05-14,58.1
2010-05-17,58.1
2010-05-18,58.1
2010-05-19,58.1
2010-05-20,58.1
2010-05-21,58.1
2010-05-24,58.1
2010-05-25,58.1
2010-05-26,58.1
2010-05-27,58.1
2010-05-28,58.1
2010-05-31,57.4
2010-06-01,57.4
2010-06-02,57.4
2010-06-03,57.4
2010-06-04,57.4
2010-06-07,57.4
2010-06-08,57.4
2010-06-09,57.4
2010-06-10,57.4
2010-06-11,57.4
2010-06-14,57.4
2010-06-15,57.4
2010-06-16,57.4
2010-06-17,57.4
2010-06-18,57.4
2010-06-21,57.4
2010-06-22,57.4
2010-06-23,57.4
2010-06-24,57.4
2010-06-25,57.4
2010-06-28,57.4
2010-06-29,57.4
2010-06-30,56.5
2010-07-01,56.5
2010-07-02,56.5
2010-07-05,56.5
2010-07-06,56.5
2010-07-07,56.5
2010-07-08,56.5
2010-07-09,56.5
2010-07-12,56.5
2010-07-13,56.5
2010-07-14,56.5
2010-07-15,56.5
2010-07-16,56.5
2010-07-19,56.5
2010-07-20,56.5
2010-07-21,56.5
2010-07-22,56.5
2010-07-23,56.5
2010-07-26,56.5
2010-07-27,56.5
2010-07-28,56.5
2010-07-29,56.5
2010-07-30,56.5
2010-07-31,56.1
2010-08-02,56.1
2010-08-03,56.1
2010-08-04,56.1
2010-08-05,56.1
2010-08-06,56.1
2010-08-09,56.1
2010-08-10,56.1
2010-08-11,56.1
2010-08-12,56.1
2010-08-13,56.1
2010-08-16,56.1
2010-08-17,56.1
2010-08-18,56.1
2010-08-19,56.1
2010-08-20,56.1
2010-08-23,56.1
2010-08-24,56.1
2010-08-25,56.1
2010-08-26,56.1
2010-08-27,56.1
2010-08-30,56.1
2010-08-31,56.4
2010-09-01,56.4
2010-09-02,56.4
2010-09-03,56.4
2010-09-06,56.4
2010-09-07,56.4
2010-09-08,56.4
2010-09-09,56.4
2010-09-10,56.4
2010-09-13,56.4
2010-09-14,56.4
2010-09-15,56.4
2010-09-16,56.4
2010-09-17,56.4
2010-09-20,56.4
2010-09-21,56.4
2010-09-22,56.4
2010-09-23,56.4
2010-09-24,56.4
2010-09-27,56.4
2010-09-28,56.4
2010-09-29,56.4
2010-09-30,55.3
2010-10-01,55.3
2010-10-04,55.3
2010-10-05,55.3
2010-10-06,55.3
2010-10-07,55.3
2010-10-08,55.3
2010-10-11,55.3
2010-10-12,55.3
2010-10-13,55.3
2010-10-14,55.3
2010-10-15,55.3
2010-10-18,55.3
2010-10-19,55.3
2010-10-20,55.3
2010-10-21,55.3
2010-10-22,55.3
2010-10-25,55.3
2010-10-26,55.3
2010-10-27,55.3
2010-10-28,55.3
2010-10-29,55.3
2010-10-31,56.9
2010-11-01,56.9
2010-11-02,56.9
2010-11-03,56.9
2010-11-04,56.9
2010-11-05,56.9
2010-11-08,56.9
2010-11-09,56.9
2010-11-10,56.9
2010-11-11,56.9
2010-11-12,56.9
2010-11-15,56.9
2010-11-16,56.9
2010-11-17,56.9
2010-11-18,56.9
2010-11-19,56.9
2010-11-22,56.9
2010-11-23,56.9
2010-11-24,56.9
2010-11-25,56.9
2010-11-26,56.9
2010-11-29,56.9
2010-11-30,57.3
2010-12-01,57.3
2010-12-02,57.3
2010-12-03,57.3
2010-12-06,57.3
2010-12-07,57.3
2010-12-08,57.3
2010-12-09,57.3
2010-12-10,57.3
2010-12-13,57.3
2010-12-14,57.3
2010-12-15,57.3
2010-12-16,57.3
2010-12-17,57.3
2010-12-20,57.3
2010-12-21,57.3
2010-12-22,57.3
2010-12-23,57.3
2010-12-24,57.3
2010-12-27,57.3
2010-12-28,57.3
2010-12-29,57.3
2010-12-30,57.3
2010-12-31,56.6
2011-01-03,56.6
2011-01-04,56.6
2011-01-05,56.6
2011-01-06,56.6
2011-01-07,56.6
2011-01-10,56.6
2011-01-11,56.6
2011-01-12,56.6
2011-01-13,56.6
2011-01-14,56.6
2011-01-17,56.6
2011-01-18,56.6
2011-01-19,56.6
2011-01-20,56.6
2011-01-21,56.6
2011-01-24,56.6
2011-01-25,56.6
2011-01-26,56.6
2011-01-27,56.6
2011-01-28,56.6
2011-01-31,59.1
2011-02-01,59.1
2011-02-02,59.1
2011-02-03,59.1
2011-02-04,59.1
2011-02-07,59.1
2011-02-08,59.1
2011-02-09,59.1
2011-02-10,59.1
2011-02-11,59.1
2011-02-14,59.1
2011-02-15,59.1
2011-02-16,59.1
2011-02-17,59.1
2011-02-18,59.1
2011-02-21,59.1
2011-02-22,59.1
2011-02-23,59.1
2011-02-24,59.1
2011-02-25,59.1
2011-02-28,59.2
2011-03-01,59.2
2011-03-02,59.2
2011-03-03,59.2
2011-03-04,59.2
2011-03-07,59.2
2011-03-08,59.2
2011-03-09,59.2
2011-03-10,59.2
2011-03-11,59.2
2011-03-14,59.2
2011-03-15,59.2
2011-03-16,59.2
2011-03-17,59.2
2011-03-18,59.2
2011-03-21,59.2
2011-03-22,59.2
2011-03-23,59.2
2011-03-24,59.2
2011-03-25,59.2
2011-03-28,59.2
2011-03-29,59.2
2011-03-30,59.2
2011-03-31,58.4
2011-04-01,58.4
2011-04-04,58.4
2011-04-05,58.4
2011-04-06,58.4
2011-04-07,58.4
2011-04-08,58.4
2011-04-11,58.4
2011-04-12,58.4
2011-04-13,58.4
2011-04-14,58.4
2011-04-15,58.4
2011-04-18,58.4
2011-04-19,58.4
2011-04-20,58.4
2011-04-21,58.4
2011-04-22,58.4
2011-04-25,58.4
2011-04-26,58.4
2011-04-27,58.4
2011-04-28,58.4
2011-04-29,58.4
2011-04-30,57.9
2011-05-02,57.9
2011-05-03,57.9
2011-05-04,57.9
2011-05-05,57.9
2011-05-06,57.9
2011-05-09,57.9
2011-05-10,57.9
2011-05-11,57.9
2011-05-12,57.9
2011-05-13,57.9
2011-05-16,57.9
2011-05-17,57.9
2011-05-18,57.9
2011-05-19,57.9
2011-05-20,57.9
2011-05-23,57.9
2011-05-24,57.9
2011-05-25,57.9
2011-05-26,57.9
2011-05-27,57.9
2011-05-30,57.9
2011-05-31,54.8
2011-06-01,54.8
2011-06-02,54.8
2011-06-03,54.8
2011-06-06,54.8
2011-06-07,54.8
2011-06-08,54.8
2011-06-09,54.8
2011-06-10,54.8
2011-06-13,54.8
2011-06-14,54.8
2011-06-15,54.8
2011-06-16,54.8
2011-06-17,54.8
2011-06-20,54.8
2011-06-21,54.8
2011-06-22,54.8
2011-06-23,54.8
2011-06-24,54.8
2011-06-27,54.8
2011-06-28,54.8
2011-06-29,54.8
2011-06-30,55.8
2011-07-01,55.8
2011-07-04,55.8
2011-07-05,55.8
2011-07-06,55.8
2011-07-07,55.8
2011-07-08,55.8
2011-07-11,55.8
2011-07-12,55.8
2011-07-13,55.8
2011-07-14,55.8
2011-07-15,55.8
2011-07-18,55.8
2011-07-19,55.8
2011-07-20,55.8
2011-07-21,55.8
2011-07-22,55.8
2011-07-25,55.8
2011-07-26,55.8
2011-07-27,55.8
2011-07-28,55.8
2011-07-29,55.8
2011-07-31,52.9
2011-08-01,52.9
2011-08-02,52.9
2011-08-03,52.9
2011-08-04,52.9
2011-08-05,52.9
2011-08-08,52.9
2011-08-09,52.9
2011-08-10,52.9
2011-08-11,52.9
2011-08-12,52.9
2011-08-15,52.9
2011-08-16,52.9
2011-08-17,52.9
2011-08-18,52.9
2011-08-19,52.9
2011-08-22,52.9
2011-08-23,52.9
2011-08-24,52.9
2011-08-25,52.9
2011-08-26,52.9
2011-08-29,52.9
2011-08-30,52.9
2011-08-31,52.6
2011-09-01,52.6
2011-09-02,52.6
2011-09-05,52.6
2011-09-06,52.6
2011-09-07,52.6
2011-09-08,52.6
2011-09-09,52.6
2011-09-12,52.6
2011-09-13,52.6
2011-09-14,52.6
2011-09-15,52.6
2011-09-16,52.6
2011-09-19,52.6
2011-09-20,52.6
2011-09-21,52.6
2011-09-22,52.6
2011-09-23,52.6
2011-09-26,52.6
2011-09-27,52.6
2011-09-28,52.6
2011-09-29,52.6
2011-09-30,53.7
2011-10-03,53.7
2011-10-04,53.7
2011-10-05,53.7
2011-10-06,53.7
2011-10-07,53.7
2011-10-10,53.7
2011-10-11,53.7
2011-10-12,53.7
2011-10-13,53.7
2011-10-14,53.7
2011-10-17,53.7
2011-10-18,53.7
2011-10-19,53.7
2011-10-20,53.7
2011-10-21,53.7
2011-10-24,53.7
2011-10-25,53.7
2011-10-26,53.7
2011-10-27,53.7
2011-10-28,53.7
2011-10-31,51.4
2011-11-01,51.4
2011-11-02,51.4
2011-11-03,51.4
2011-11-04,51.4
2011-11-07,51.4
2011-11-08,51.4
2011-11-09,51.4
2011-11-10,51.4
2011-11-11,51.4
2011-11-14,51.4
2011-11-15,51.4
2011-11-16,51.4
2011-11-17,51.4
2011-11-18,51.4
2011-11-21,51.4
2011-11-22,51.4
2011-11-23,51.4
2011-11-24,51.4
2011-11-25,51.4
2011-11-28,51.4
2011-11-29,51.4
2011-11-30,51.8
2011-12-01,51.8
2011-12-02,51.8
2011-12-05,51.8
2011-12-06,51.8
2011-12-07,51.8
2011-12-08,51.8
2011-12-09,51.8
2011-12-12,51.8
2011-12-13,51.8
2011-12-14,51.8
2011-12-15,51.8
2011-12-16,51.8
2011-12-19,51.8
2011-12-20,51.8
2011-12-21,51.8
2011-12-22,51.8
2011-12-23,51.8
2011-12-26,51.8
2011-12-27,51.8
2011-12-28,51.8
2011-12-29,51.8
2011-12-30,51.8
2011-12-31,53.0
2012-01-02,53.0
2012-01-03,53.0
2012-01-04,53.0
2012-01-05,53.0
2012-01-06,53.0
2012-01-09,53.0
2012-01-10,53.0
2012-01-11,53.0
2012-01-12,53.0
2012-01-13,53.0
2012-01-16,53.0
2012-01-17,53.0
2012-01-18,53.0
2012-01-19,53.0
2012-01-20,53.0
2012-01-23,53.0
2012-01-24,53.0
2012-01-25,53.0
2012-01-26,53.0
2012-01-27,53.0
2012-01-30,53.0
2012-01-31,52.6
2012-02-01,52.6
2012-02-02,52.6
2012-02-03,52.6
2012-02-06,52.6
2012-02-07,52.6
2012-02-08,52.6
2012-02-09,52.6
2012-02-10,52.6
2012-02-13,52.6
2012-02-14,52.6
2012-02-15,52.6
2012-02-16,52.6
2012-02-17,52.6
2012-02-20,52.6
2012-02-21,52.6
2012-02-22,52.6
2012-02-23,52.6
2012-02-24,52.6
2012-02-27,52.6
2012-02-28,52.6
2012-02-29,53.1
2012-03-01,53.1
2012-03-02,53.1
2012-03-05,53.1
2012-03-06,53.1
2012-03-07,53.1
2012-03-08,53.1
2012-03-09,53.1
2012-03-12,53.1
2012-03-13,53.1
2012-03-14,53.1
2012-03-15,53.1
2012-03-16,53.1
2012-03-19,53.1
2012-03-20,53.1
2012-03-21,53.1
2012-03-22,53.1
2012-03-23,53.1
2012-03-26,53.1
2012-03-27,53.1
2012-03-28,53.1
2012-03-29,53.1
2012-03-30,53.1
2012-03-31,53.5
2012-04-02,53.5
2012-04-03,53.5
2012-04-04,53.5
2012-04-05,53.5
2012-04-06,53.5
2012-04-09,53.5
2012-04-10,53.5
2012-04-11,53.5
2012-04-12,53.5
2012-04-13,53.5
2012-04-16,53.5
2012-04-17,53.5
2012-04-18,53.5
2012-04-19,53.5
2012-04-20,53.5
2012-04-23,53.5
2012-04-24,53.5
2012-04-25,53.5
2012-04-26,53.5
2012-04-27,53.5
2012-04-30,53.5
2012-05-01,53.5
2012-05-02,53.5
2012-05-03,53.5
2012-05-04,53.5
2012-05-07,53.5
2012-05-08,53.5
2012-05-09,53.5
2012-05-10,53.5
2012-05-11,53.5
2012-05-14,53.5
2012-05-15,53.5
2012-05-16,53.5
2012-05-17,53.5
2012-05-18,53.5
2012-05-21,53.5
2012-05-22,53.5
2012-05-23,53.5
2012-05-24,53.5
2012-05-25,53.5
2012-05-28,53.5
2012-05-29,53.5
2012-05-30,53.5
2012-05-31,52.6
2012-06-01,52.6
2012-06-04,52.6
2012-06-05,52.6
2012-06-06,52.6
2012-06-07,52.6
2012-06-08,52.6
2012-06-11,52.6
2012-06-12,52.6
2012-06-13,52.6
2012-06-14,52.6
2012-06-15,52.6
2012-06-18,52.6
2012-06-19,52.6
2012-06-20,52.6
2012-06-21,52.6
2012-06-22,52.6
2012-06-25,52.6
2012-06-26,52.6
2012-06-27,52.6
2012-06-28,52.6
2012-06-29,52.6
2012-06-30,49.7
2012-07-02,49.7
2012-07-03,49.7
2012-07-04,49.7
2012-07-05,49.7
2012-07-06,49.7
2012-07-09,49.7
2012-07-10,49.7
2012-07-11,49.7
2012-07-12,49.7
2012-07-13,49.7
2012-07-16,49.7
2012-07-17,49.7
2012-07-18,49.7
2012-07-19,49.7
2012-07-20,49.7
2012-07-23,49.7
2012-07-24,49.7
2012-07-25,49.7
2012-07-26,49.7
2012-07-27,49.7
2012-07-30,49.7
2012-07-31,50.0
2012-08-01,50.0
2012-08-02,50.0
2012-08-03,50.0
2012-08-06,50.0
2012-08-07,50.0
2012-08-08,50.0
2012-08-09,50.0
2012-08-10,50.0
2012-08-13,50.0
2012-08-14,50.0
2012-08-15,50.0
2012-08-16,50.0
2012-08-17,50.0
2012-08-20,50.0
2012-08-21,50.0
2012-08-22,50.0
2012-08-23,50.0
2012-08-24,50.0
2012-08-27,50.0
2012-08-28,50.0
2012-08-29,50.0
2012-08-30,50.0
2012-08-31,50.2
2012-09-03,50.2
2012-09-04,50.2
2012-09-05,50.2
2012-09-06,50.2
2012-09-07,50.2
2012-09-10,50.2
2012-09-11,50.2
2012-09-12,50.2
2012-09-13,50.2
2012-09-14,50.2
2012-09-17,50.2
2012-09-18,50.2
2012-09-19,50.2
2012-09-20,50.2
2012-09-21,50.2
2012-09-24,50.2
2012-09-25,50.2
2012-09-26,50.2
2012-09-27,50.2
2012-09-28,50.2
2012-09-30,51.8
2012-10-01,51.8
2012-10-02,51.8
2012-10-03,51.8
2012-10-04,51.8
2012-10-05,51.8
2012-10-08,51.8
2012-10-09,51.8
2012-10-10,51.8
2012-10-11,51.8
2012-10-12,51.8
2012-10-15,51.8
2012-10-16,51.8
2012-10-17,51.8
2012-10-18,51.8
2012-10-19,51.8
2012-10-22,51.8
2012-10-23,51.8
2012-10-24,51.8
2012-10-25,51.8
2012-10-26,51.8
2012-10-29,51.8
2012-10-30,51.8
2012-10-31,50.7
2012-11-01,50.7
2012-11-02,50.7
2012-11-05,50.7
2012-11-06,50.7
2012-11-07,50.7
2012-11-08,50.7
2012-11-09,50.7
2012-11-12,50.7
2012-11-13,50.7
2012-11-14,50.7
2012-11-15,50.7
2012-11-16,50.7
2012-11-19,50.7
2012-11-20,50.7
2012-11-21,50.7
2012-11-22,50.7
2012-11-23,50.7
2012-11-26,50.7
2012-11-27,50.7
2012-11-28,50.7
2012-11-29,50.7
2012-11-30,48.9
2012-12-03,48.9
2012-12-04,48.9
2012-12-05,48.9
2012-12-06,48.9
2012-12-07,48.9
2012-12-10,48.9
2012-12-11,48.9
2012-12-12,48.9
2012-12-13,48.9
2012-12-14,48.9
2012-12-17,48.9
2012-12-18,48.9
2012-12-19,48.9
2012-12-20,48.9
2012-12-21,48.9
2012-12-24,48.9
2012-12-25,48.9
2012-12-26,48.9
2012-12-27,48.9
2012-12-28,48.9
2012-12-31,49.8
2013-01-01,49.8
2013-01-02,49.8
2013-01-03,49.8
2013-01-04,49.8
2013-01-07,49.8
2013-01-08,49.8
2013-01-09,49.8
2013-01-10,49.8
2013-01-11,49.8
2013-01-14,49.8
2013-01-15,49.8
2013-01-16,49.8
2013-01-17,49.8
2013-01-18,49.8
2013-01-21,49.8
2013-01-22,49.8
2013-01-23,49.8
2013-01-24,49.8
2013-01-25,49.8
2013-01-28,49.8
2013-01-29,49.8
2013-01-30,49.8
2013-01-31,52.0
2013-02-01,52.0
2013-02-04,52.0
2013-02-05,52.0
2013-02-06,52.0
2013-02-07,52.0
2013-02-08,52.0
2013-02-11,52.0
2013-02-12,52.0
2013-02-13,52.0
2013-02-14,52.0
2013-02-15,52.0
2013-02-18,52.0
2013-02-19,52.0
2013-02-20,52.0
2013-02-21,52.0
2013-02-22,52.0
2013-02-25,52.0
2013-02-26,52.0
2013-02-27,52.0
2013-02-28,53.6
2013-03-01,53.6
2013-03-04,53.6
2013-03-05,53.6
2013-03-06,53.6
2013-03-07,53.6
2013-03-08,53.6
2013-03-11,53.6
2013-03-12,53.6
2013-03-13,53.6
2013-03-14,53.6
2013-03-15,53.6
2013-03-18,53.6
2013-03-19,53.6
2013-03-20,53.6
2013-03-21,53.6
2013-03-22,53.6
2013-03-25,53.6
2013-03-26,53.6
2013-03-27,53.6
2013-03-28,53.6
2013-03-29,53.6
2013-03-31,52.0
2013-04-01,52.0
2013-04-02,52.0
2013-04-03,52.0
2013-04-04,52.0
2013-04-05,52.0
2013-04-08,52.0
2013-04-09,52.0
2013-04-10,52.0
2013-04-11,52.0
2013-04-12,52.0
2013-04-15,52.0
2013-04-16,52.0
2013-04-17,52.0
2013-04-18,52.0
2013-04-19,52.0
2013-04-22,52.0
2013-04-23,52.0
2013-04-24,52.0
2013-04-25,52.0
2013-04-26,52.0
2013-04-29,52.0
2013-04-30,49.7
2013-05-01,49.7
2013-05-02,49.7
2013-05-03,49.7
2013-05-06,49.7
2013-05-07,49.7
2013-05-08,49.7
2013-05-09,49.7
2013-05-10,49.7
2013-05-13,49.7
2013-05-14,49.7
2013-05-15,49.7
2013-05-16,49.7
2013-05-17,49.7
2013-05-20,49.7
2013-05-21,49.7
2013-05-22,49.7
2013-05-23,49.7
2013-05-24,49.7
2013-05-27,49.7
2013-05-28,49.7
2013-05-29,49.7
2013-05-30,49.7
2013-05-31,50.5
2013-06-03,50.5
2013-06-04,50.5
2013-06-05,50.5
2013-06-06,50.5
2013-06-07,50.5
2013-06-10,50.5
2013-06-11,50.5
2013-06-12,50.5
2013-06-13,50.5
2013-06-14,50.5
2013-06-17,50.5
2013-06-18,50.5
2013-06-19,50.5
2013-06-20,50.5
2013-06-21,50.5
2013-06-24,50.5
2013-06-25,50.5
2013-06-26,50.5
2013-06-27,50.5
2013-06-28,50.5
2013-06-30,51.5
2013-07-01,51.5
2013-07-02,51.5
2013-07-03,51.5
2013-07-04,51.5
2013-07-05,51.5
2013-07-08,51.5
2013-07-09,51.5
2013-07-10,51.5
2013-07-11,51.5
2013-07-12,51.5
2013-07-15,51.5
2013-07-16,51.5
2013-07-17,51.5
2013-07-18,51.5
2013-07-19,51.5
2013-07-22,51.5
2013-07-23,51.5
2013-07-24,51.5
2013-07-25,51.5
2013-07-26,51.5
2013-07-29,51.5
2013-07-30,51.5
2013-07-31,53.5
2013-08-01,53.5
2013-08-02,53.5
2013-08-05,53.5
2013-08-06,53.5
2013-08-07,53.5
2013-08-08,53.5
2013-08-09,53.5
2013-08-12,53.5
2013-08-13,53.5
2013-08-14,53.5
2013-08-15,53.5
2013-08-16,53.5
2013-08-19,53.5
2013-08-20,53.5
2013-08-21,53.5
2013-08-22,53.5
2013-08-23,53.5
2013-08-26,53.5
2013-08-27,53.5
2013-08-28,53.5
2013-08-29,53.5
2013-08-30,53.5
2013-08-31,55.9
2013-09-02,55.9
2013-09-03,55.9
2013-09-04,55.9
2013-09-05,55.9
2013-09-06,55.9
2013-09-09,55.9
2013-09-10,55.9
2013-09-11,55.9
2013-09-12,55.9
2013-09-13,55.9
2013-09-16,55.9
2013-09-17,55.9
2013-09-18,55.9
2013-09-19,55.9
2013-09-20,55.9
2013-09-23,55.9
2013-09-24,55.9
2013-09-25,55.9
2013-09-26,55.9
2013-09-27,55.9
2013-09-30,54.8
2013-10-01,54.8
2013-10-02,54.8
2013-10-03,54.8
2013-10-04,54.8
2013-10-07,54.8
2013-10-08,54.8
2013-10-09,54.8
2013-10-10,54.8
2013-10-11,54.8
2013-10-14,54.8
2013-10-15,54.8
2013-10-16,54.8
2013-10-17,54.8
2013-10-18,54.8
2013-10-21,54.8
2013-10-22,54.8
2013-10-23,54.8
2013-10-24,54.8
2013-10-25,54.8
2013-10-28,54.8
2013-10-29,54.8
2013-10-30,54.8
2013-10-31,55.3
2013-11-01,55.3
2013-11-04,55.3
2013-11-05,55.3
2013-11-06,55.3
2013-11-07,55.3
2013-11-08,55.3
2013-11-11,55.3
2013-11-12,55.3
2013-11-13,55.3
2013-11-14,55.3
2013-11-15,55.3
2013-11-18,55.3
2013-11-19,55.3
2013-11-20,55.3
2013-11-21,55.3
2013-11-22,55.3
2013-11-25,55.3
2013-11-26,55.3
2013-11-27,55.3
2013-11-28,55.3
2013-11-29,55.3
2013-11-30,56.3
2013-12-02,56.3
2013-12-03,56.3
2013-12-04,56.3
2013-12-05,56.3
2013-12-06,56.3
2013-12-09,56.3
2013-12-10,56.3
2013-12-11,56.3
2013-12-12,56.3
2013-12-13,56.3
2013-12-16,56.3
2013-12-17,56.3
2013-12-18,56.3
2013-12-19,56.3
2013-12-20,56.3
2013-12-23,56.3
2013-12-24,56.3
2013-12-25,56.3
2013-12-26,56.3
2013-12-27,56.3
2013-12-30,56.3
2013-12-31,55.9
2014-01-01,55.9
2014-01-02,55.9
2014-01-03,55.9
2014-01-06,55.9
2014-01-07,55.9
2014-01-08,55.9
2014-01-09,55.9
2014-01-10,55.9
2014-01-13,55.9
2014-01-14,55.9
2014-01-15,55.9
2014-01-16,55.9
2014-01-17,55.9
2014-01-20,55.9
2014-01-21,55.9
2014-01-22,55.9
2014-01-23,55.9
2014-01-24,55.9
2014-01-27,55.9
2014-01-28,55.9
2014-01-29,55.9
2014-01-30,55.9
2014-01-31,51.7
2014-02-03,51.7
2014-02-04,51.7
2014-02-05,51.7
2014-02-06,51.7
2014-02-07,51.7
2014-02-10,51.7
2014-02-11,51.7
2014-02-12,51.7
2014-02-13,51.7
2014-02-14,51.7
2014-02-17,51.7
2014-02-18,51.7
2014-02-19,51.7
2014-02-20,51.7
2014-02-21,51.7
2014-02-24,51.7
2014-02-25,51.7
2014-02-26,51.7
2014-02-27,51.7
2014-02-28,54.6
2014-03-03,54.6
2014-03-04,54.6
2014-03-05,54.6
2014-03-06,54.6
2014-03-07,54.6
2014-03-10,54.6
2014-03-11,54.6
2014-03-12,54.6
2014-03-13,54.6
2014-03-14,54.6
2014-03-17,54.6
2014-03-18,54.6
2014-03-19,54.6
2014-03-20,54.6
2014-03-21,54.6
2014-03-24,54.6
2014-03-25,54.6
2014-03-26,54.6
2014-03-27,54.6
2014-03-28,54.6
2014-03-31,55.3
2014-04-01,55.3
2014-04-02,55.3
2014-04-03,55.3
2014-04-04,55.3
2014-04-07,55.3
2014-04-08,55.3
2014-04-09,55.3
2014-04-10,55.3
2014-04-11,55.3
2014-04-14,55.3
2014-04-15,55.3
2014-04-16,55.3
2014-04-17,55.3
2014-04-18,55.3
2014-04-21,55.3
2014-04-22,55.3
2014-04-23,55.3
2014-04-24,55.3
2014-04-25,55.3
2014-04-28,55.3
2014-04-29,55.3
2014-04-30,55.8
2014-05-01,55.8
2014-05-02,55.8
2014-05-05,55.8
2014-05-06,55.8
2014-05-07,55.8
2014-05-08,55.8
2014-05-09,55.8
2014-05-12,55.8
2014-05-13,55.8
2014-05-14,55.8
2014-05-15,55.8
2014-05-16,55.8
2014-05-19,55.8
2014-05-20,55.8
2014-05-21,55.8
2014-05-22,55.8
2014-05-23,55.8
2014-05-26,55.8
2014-05-27,55.8
2014-05-28,55.8
2014-05-29,55.8
2014-05-30,55.8
2014-05-31,55.8
2014-06-02,55.8
2014-06-03,55.8
2014-06-04,55.8
2014-06-05,55.8
2014-06-06,55.8
2014-06-09,55.8
2014-06-10,55.8
2014-06-11,55.8
2014-06-12,55.8
2014-06-13,55.8
2014-06-16,55.8
2014-06-17,55.8
2014-06-18,55.8
2014-06-19,55.8
2014-06-20,55.8
2014-06-23,55.8
2014-06-24,55.8
2014-06-25,55.8
2014-06-26,55.8
2014-06-27,55.8
2014-06-30,55.0
2014-07-01,55.0
2014-07-02,55.0
2014-07-03,55.0
2014-07-04,55.0
2014-07-07,55.0
2014-07-08,55.0
2014-07-09,55.0
2014-07-10,55.0
2014-07-11,55.0
2014-07-14,55.0
2014-07-15,55.0
2014-07-16,55.0
2014-07-17,55.0
2014-07-18,55.0
2014-07-21,55.0
2014-07-22,55.0
2014-07-23,55.0
2014-07-24,55.0
2014-07-25,55.0
2014-07-28,55.0
2014-07-29,55.0
2014-07-30,55.0
2014-07-31,55.3
2014-08-01,55.3
2014-08-04,55.3
2014-08-05,55.3
2014-08-06,55.3
2014-08-07,55.3
2014-08-08,55.3
2014-08-11,55.3
2014-08-12,55.3
2014-08-13,55.3
2014-08-14,55.3
2014-08-15,55.3
2014-08-18,55.3
2014-08-19,55.3
2014-08-20,55.3
2014-08-21,55.3
2014-08-22,55.3
2014-08-25,55.3
2014-08-26,55.3
2014-08-27,55.3
2014-08-28,55.3
2014-08-29,55.3
2014-08-31,58.0
2014-09-01,58.0
2014-09-02,58.0
2014-09-03,58.0
2014-09-04,58.0
2014-09-05,58.0
2014-09-08,58.0
2014-09-09,58.0
2014-09-10,58.0
2014-09-11,58.0
2014-09-12,58.0
2014-09-15,58.0
2014-09-16,58.0
2014-09-17,58.0
2014-09-18,58.0
2014-09-19,58.0
2014-09-22,58.0
2014-09-23,58.0
2014-09-24,58.0
2014-09-25,58.0
2014-09-26,58.0
2014-09-29,58.0
2014-09-30,55.5
2014-10-01,55.5
2014-10-02,55.5
2014-10-03,55.5
2014-10-06,55.5
2014-10-07,55.5
2014-10-08,55.5
2014-10-09,55.5
2014-10-10,55.5
2014-10-13,55.5
2014-10-14,55.5
2014-10-15,55.5
2014-10-16,55.5
2014-10-17,55.5
2014-10-20,55.5
2014-10-21,55.5
2014-10-22,55.5
2014-10-23,55.5
2014-10-24,55.5
2014-10-27,55.5
2014-10-28,55.5
2014-10-29,55.5
2014-10-30,55.5
2014-10-31,56.8
2014-11-03,56.8
2014-11-04,56.8
2014-11-05,56.8
2014-11-06,56.8
2014-11-07,56.8
2014-11-10,56.8
2014-11-11,56.8
2014-11-12,56.8
2014-11-13,56.8
2014-11-14,56.8
2014-11-17,56.8
2014-11-18,56.8
2014-11-19,56.8
2014-11-20,56.8
2014-11-21,56.8
2014-11-24,56.8
2014-11-25,56.8
2014-11-26,56.8
2014-11-27,56.8
2014-11-28,56.8
2014-11-30,56.8
2014-12-01,56.8
2014-12-02,56.8
2014-12-03,56.8
2014-12-04,56.8
2014-12-05,56.8
2014-12-08,56.8
2014-12-09,56.8
2014-12-10,56.8
2014-12-11,56.8
2014-12-12,56.8
2014-12-15,56.8
2014-12-16,56.8
2014-12-17,56.8
2014-12-18,56.8
2014-12-19,56.8
2014-12-22,56.8
2014-12-23,56.8
2014-12-24,56.8
2014-12-25,56.8
2014-12-26,56.8
2014-12-29,56.8
2014-12-30,56.8
2014-12-31,54.6
2015-01-01,54.6
2015-01-02,54.6
2015-01-05,54.6
2015-01-06,54.6
2015-01-07,54.6
2015-01-08,54.6
2015-01-09,54.6
2015-01-12,54.6
2015-01-13,54.6
2015-01-14,54.6
2015-01-15,54.6
2015-01-16,54.6
2015-01-19,54.6
2015-01-20,54.6
2015-01-21,54.6
2015-01-22,54.6
2015-01-23,54.6
2015-01-26,54.6
2015-01-27,54.6
2015-01-28,54.6
2015-01-29,54.6
2015-01-30,54.6
2015-01-31,54.1
2015-02-02,54.1
2015-02-03,54.1
2015-02-04,54.1
2015-02-05,54.1
2015-02-06,54.1
2015-02-09,54.1
2015-02-10,54.1
2015-02-11,54.1
2015-02-12,54.1
2015-02-13,54.1
2015-02-16,54.1
2015-02-17,54.1
2015-02-18,54.1
2015-02-19,54.1
2015-02-20,54.1
2015-02-23,54.1
2015-02-24,54.1
2015-02-25,54.1
2015-02-26,54.1
2015-02-27,54.1
2015-02-28,53.0
2015-03-02,53.0
2015-03-03,53.0
2015-03-04,53.0
2015-03-05,53.0
2015-03-06,53.0
2015-03-09,53.0
2015-03-10,53.0
2015-03-11,53.0
2015-03-12,53.0
2015-03-13,53.0
2015-03-16,53.0
2015-03-17,53.0
2015-03-18,53.0
2015-03-19,53.0
2015-03-20,53.0
2015-03-23,53.0
2015-03-24,53.0
2015-03-25,53.0
2015-03-26,53.0
2015-03-27,53.0
2015-03-30,53.0
2015-03-31,51.8
2015-04-01,51.8
2015-04-02,51.8
2015-04-03,51.8
2015-04-06,51.8
2015-04-07,51.8
2015-04-08,51.8
2015-04-09,51.8
2015-04-10,51.8
2015-04-13,51.8
2015-04-14,51.8
2015-04-15,51.8
2015-04-16,51.8
2015-04-17,51.8
2015-04-20,51.8
2015-04-21,51.8
2015-04-22,51.8
2015-04-23,51.8
2015-04-24,51.8
2015-04-27,51.8
2015-04-28,51.8
2015-04-29,51.8
2015-04-30,51.8
2015-05-01,51.8
2015-05-04,51.8
2015-05-05,51.8
2015-05-06,51.8
2015-05-07,51.8
2015-05-08,51.8
2015-05-11,51.8
2015-05-12,51.8
2015-05-13,51.8
2015-05-14,51.8
2015-05-15,51.8
2015-05-18,51.8
2015-05-19,51.8
2015-05-20,51.8
2015-05-21,51.8
2015-05-22,51.8
2015-05-25,51.8
2015-05-26,51.8
2015-05-27,51.8
2015-05-28,51.8
2015-05-29,51.8
2015-05-31,52.9
2015-06-01,52.9
2015-06-02,52.9
2015-06-03,52.9
2015-06-04,52.9
2015-06-05,52.9
2015-06-08,52.9
2015-06-09,52.9
2015-06-10,52.9
2015-06-11,52.9
2015-06-12,52.9
2015-06-15,52.9
2015-06-16,52.9
2015-06-17,52.9
2015-06-18,52.9
2015-06-19,52.9
2015-06-22,52.9
2015-06-23,52.9
2015-06-24,52.9
2015-06-25,52.9
2015-06-26,52.9
2015-06-29,52.9
2015-06-30,52.3
2015-07-01,52.3
2015-07-02,52.3
2015-07-03,52.3
2015-07-06,52.3
2015-07-07,52.3
2015-07-08,52.3
2015-07-09,52.3
2015-07-10,52.3
2015-07-13,52.3
2015-07-14,52.3
2015-07-15,52.3
2015-07-16,52.3
2015-07-17,52.3
2015-07-20,52.3
2015-07-21,52.3
2015-07-22,52.3
2015-07-23,52.3
2015-07-24,52.3
2015-07-27,52.3
2015-07-28,52.3
2015-07-29,52.3
2015-07-30,52.3
2015-07-31,51.8
2015-08-03,51.8
2015-08-04,51.8
2015-08-05,51.8
2015-08-06,51.8
2015-08-07,51.8
2015-08-10,51.8
2015-08-11,51.8
2015-08-12,51.8
2015-08-13,51.8
2015-08-14,51.8
2015-08-17,51.8
2015-08-18,51.8
2015-08-19,51.8
2015-08-20,51.8
2015-08-21,51.8
2015-08-24,51.8
2015-08-25,51.8
2015-08-26,51.8
2015-08-27,51.8
2015-08-28,51.8
2015-08-31,50.6
2015-09-01,50.6
2015-09-02,50.6
2015-09-03,50.6
2015-09-04,50.6
2015-09-07,50.6
2015-09-08,50.6
2015-09-09,50.6
2015-09-10,50.6
2015-09-11,50.6
2015-09-14,50.6
2015-09-15,50.6
2015-09-16,50.6
2015-09-17,50.6
2015-09-18,50.6
2015-09-21,50.6
2015-09-22,50.6
2015-09-23,50.6
2015-09-24,50.6
2015-09-25,50.6
2015-09-28,50.6
2015-09-29,50.6
2015-09-30,50.0
2015-10-01,50.0
2015-10-02,50.0
2015-10-05,50.0
2015-10-06,50.0
2015-10-07,50.0
2015-10-08,50.0
2015-10-09,50.0
2015-10-12,50.0
2015-10-13,50.0
2015-10-14,50.0
2015-10-15,50.0
2015-10-16,50.0
2015-10-19,50.0
2015-10-20,50.0
2015-10-21,50.0
2015-10-22,50.0
2015-10-23,50.0
2015-10-26,50.0
2015-10-27,50.0
2015-10-28,50.0
2015-10-29,50.0
2015-10-30,50.0
2015-10-31,49.6
2015-11-02,49.6
2015-11-03,49.6
2015-11-04,49.6
2015-11-05,49.6
2015-11-06,49.6
2015-11-09,49.6
2015-11-10,49.6
2015-11-11,49.6
2015-11-12,49.6
2015-11-13,49.6
2015-11-16,49.6
2015-11-17,49.6
2015-11-18,49.6
2015-11-19,49.6
2015-11-20,49.6
2015-11-23,49.6
2015-11-24,49.6
2015-11-25,49.6
2015-11-26,49.6
2015-11-27,49.6
2015-11-30,48.9
2015-12-01,48.9
2015-12-02,48.9
2015-12-03,48.9
2015-12-04,48.9
2015-12-07,48.9
2015-12-08,48.9
2015-12-09,48.9
2015-12-10,48.9
2015-12-11,48.9
2015-12-14,48.9
2015-12-15,48.9
2015-12-16,48.9
2015-12-17,48.9
2015-12-18,48.9
2015-12-21,48.9
2015-12-22,48.9
2015-12-23,48.9
2015-12-24,48.9
2015-12-25,48.9
2015-12-28,48.9
2015-12-29,48.9
2015-12-30,48.9
2015-12-31,48.4
2016-01-01,48.4
2016-01-04,48.4
2016-01-05,48.4
2016-01-06,48.4
2016-01-07,48.4
2016-01-08,48.4
2016-01-11,48.4
2016-01-12,48.4
2016-01-13,48.4
2016-01-14,48.4
2016-01-15,48.4
2016-01-18,48.4
2016-01-19,48.4
2016-01-20,48.4
2016-01-21,48.4
2016-01-22,48.4
2016-01-25,48.4
2016-01-26,48.4
2016-01-27,48.4
2016-01-28,48.4
2016-01-29,48.4
2016-01-31,48.0
2016-02-01,48.0
2016-02-02,48.0
2016-02-03,48.0
2016-02-04,48.0
2016-02-05,48.0
2016-02-08,48.0
2016-02-09,48.0
2016-02-10,48.0
2016-02-11,48.0
2016-02-12,48.0
2016-02-15,48.0
2016-02-16,48.0
2016-02-17,48.0
2016-02-18,48.0
2016-02-19,48.0
2016-02-22,48.0
2016-02-23,48.0
2016-02-24,48.0
2016-02-25,48.0
2016-02-26,48.0
2016-02-29,49.4
2016-03-01,49.4
2016-03-02,49.4
2016-03-03,49.4
2016-03-04,49.4
2016-03-07,49.4
2016-03-08,49.4
2016-03-09,49.4
2016-03-10,49.4
2016-03-11,49.4
2016-03-14,49.4
2016-03-15,49.4
2016-03-16,49.4
2016-03-17,49.4
2016-03-18,49.4
2016-03-21,49.4
2016-03-22,49.4
2016-03-23,49.4
2016-03-24,49.4
2016-03-25,49.4
2016-03-28,49.4
2016-03-29,49.4
2016-03-30,49.4
2016-03-31,51.2
2016-04-01,51.2
2016-04-04,51.2
2016-04-05,51.2
2016-04-06,51.2
2016-04-07,51.2
2016-04-08,51.2
2016-04-11,51.2
2016-04-12,51.2
2016-04-13,51.2
2016-04-14,51.2
2016-04-15,51.2
2016-04-18,51.2
2016-04-19,51.2
2016-04-20,51.2
2016-04-21,51.2
2016-04-22,51.2
2016-04-25,51.2
2016-04-26,51.2
2016-04-27,51.2
2016-04-28,51.2
2016-04-29,51.2
2016-04-30,51.1
2016-05-02,51.1
2016-05-03,51.1
2016-05-04,51.1
2016-05-05,51.1
2016-05-06,51.1
2016-05-09,51.1
2016-05-10,51.1
2016-05-11,51.1
2016-05-12,51.1
2016-05-13,51.1
2016-05-16,51.1
2016-05-17,51.1
2016-05-18,51.1
2016-05-19,51.1
2016-05-20,51.1
2016-05-23,51.1
2016-05-24,51.1
2016-05-25,51.1
2016-05-26,51.1
2016-05-27,51.1
2016-05-30,51.1
2016-05-31,50.9
2016-06-01,50.9
2016-06-02,50.9
2016-06-03,50.9
2016-06-06,50.9
2016-06-07,50.9
2016-06-08,50.9
2016-06-09,50.9
2016-06-10,50.9
2016-06-13,50.9
2016-06-14,50.9
2016-06-15,50.9
2016-06-16,50.9
2016-06-17,50.9
2016-06-20,50.9
2016-06-21,50.9
2016-06-22,50.9
2016-06-23,50.9
2016-06-24,50.9
2016-06-27,50.9
2016-06-28,50.9
2016-06-29,50.9
2016-06-30,52.5
2016-07-01,52.5
2016-07-04,52.5
2016-07-05,52.5
2016-07-06,52.5
2016-07-07,52.5
2016-07-08,52.5
2016-07-11,52.5
2016-07-12,52.5
2016-07-13,52.5
2016-07-14,52.5
2016-07-15,52.5
2016-07-18,52.5
2016-07-19,52.5
2016-07-20,52.5
2016-07-21,52.5
2016-07-22,52.5
2016-07-25,52.5
2016-07-26,52.5
2016-07-27,52.5
2016-07-28,52.5
2016-07-29,52.5
2016-07-31,52.9
2016-08-01,52.9
2016-08-02,52.9
2016-08-03,52.9
2016-08-04,52.9
2016-08-05,52.9
2016-08-08,52.9
2016-08-09,52.9
2016-08-10,52.9
2016-08-11,52.9
2016-08-12,52.9
2016-08-15,52.9
2016-08-16,52.9
2016-08-17,52.9
2016-08-18,52.9
2016-08-19,52.9
2016-08-22,52.9
2016-08-23,52.9
2016-08-24,52.9
2016-08-25,52.9
2016-08-26,52.9
2016-08-29,52.9
2016-08-30,52.9
2016-08-31,49.6
2016-09-01,49.6
2016-09-02,49.6
2016-09-05,49.6
2016-09-06,49.6
2016-09-07,49.6
2016-09-08,49.6
2016-09-09,49.6
2016-09-12,49.6
2016-09-13,49.6
2016-09-14,49.6
2016-09-15,49.6
2016-09-16,49.6
2016-09-19,49.6
2016-09-20,49.6
2016-09-21,49.6
2016-09-22,49.6
2016-09-23,49.6
2016-09-26,49.6
2016-09-27,49.6
2016-09-28,49.6
2016-09-29,49.6
2016-09-30,51.3
2016-10-03,51.3
2016-10-04,51.3
2016-10-05,51.3
2016-10-06,51.3
2016-10-07,51.3
2016-10-10,51.3
2016-10-11,51.3
2016-10-12,51.3
2016-10-13,51.3
2016-10-14,51.3
2016-10-17,51.3
2016-10-18,51.3
2016-10-19,51.3
2016-10-20,51.3
2016-10-21,51.3
2016-10-24,51.3
2016-10-25,51.3
2016-10-26,51.3
2016-10-27,51.3
2016-10-28,51.3
2016-10-31,51.7
2016-11-01,51.7
2016-11-02,51.7
2016-11-03,51.7
2016-11-04,51.7
2016-11-07,51.7
2016-11-08,51.7
2016-11-09,51.7
2016-11-10,51.7
2016-11-11,51.7
2016-11-14,51.7
2016-11-15,51.7
2016-11-16,51.7
2016-11-17,51.7
2016-11-18,51.7
2016-11-21,51.7
2016-11-22,51.7
2016-11-23,51.7
2016-11-24,51.7
2016-11-25,51.7
2016-11-28,51.7
2016-11-29,51.7
2016-11-30,53.0
2016-12-01,53.0
2016-12-02,53.0
2016-12-05,53.0
2016-12-06,53.0
2016-12-07,53.0
2016-12-08,53.0
2016-12-09,53.0
2016-12-12,53.0
2016-12-13,53.0
2016-12-14,53.0
2016-12-15,53.0
2016-12-16,53.0
2016-12-19,53.0
2016-12-20,53.0
2016-12-21,53.0
2016-12-22,53.0
2016-12-23,53.0
2016-12-26,53.0
2016-12-27,53.0
2016-12-28,53.0
2016-12-29,53.0
2016-12-30,53.0
2016-12-31,54.3
2017-01-02,54.3
2017-01-03,54.3
2017-01-04,54.3
2017-01-05,54.3
2017-01-06,54.3
2017-01-09,54.3
2017-01-10,54.3
2017-01-11,54.3
2017-01-12,54.3
2017-01-13,54.3
2017-01-16,54.3
2017-01-17,54.3
2017-01-18,54.3
2017-01-19,54.3
2017-01-20,54.3
2017-01-23,54.3
2017-01-24,54.3
2017-01-25,54.3
2017-01-26,54.3
2017-01-27,54.3
2017-01-30,54.3
2017-01-31,56.0
2017-02-01,56.0
2017-02-02,56.0
2017-02-03,56.0
2017-02-06,56.0
2017-02-07,56.0
2017-02-08,56.0
2017-02-09,56.0
2017-02-10,56.0
2017-02-13,56.0
2017-02-14,56.0
2017-02-15,56.0
2017-02-16,56.0
2017-02-17,56.0
2017-02-20,56.0
2017-02-21,56.0
2017-02-22,56.0
2017-02-23,56.0
2017-02-24,56.0
2017-02-27,56.0
2017-02-28,57.6
2017-03-01,57.6
2017-03-02,57.6
2017-03-03,57.6
2017-03-06,57.6
2017-03-07,57.6
2017-03-08,57.6
2017-03-09,57.6
2017-03-10,57.6
2017-03-13,57.6
2017-03-14,57.6
2017-03-15,57.6
2017-03-16,57.6
2017-03-17,57.6
2017-03-20,57.6
2017-03-21,57.6
2017-03-22,57.6
2017-03-23,57.6
2017-03-24,57.6
2017-03-27,57.6
2017-03-28,57.6
2017-03-29,57.6
2017-03-30,57.6
2017-03-31,56.6
2017-04-03,56.6
2017-04-04,56.6
2017-04-05,56.6
2017-04-06,56.6
2017-04-07,56.6
2017-04-10,56.6
2017-04-11,56.6
2017-04-12,56.6
2017-04-13,56.6
2017-04-14,56.6
2017-04-17,56.6
2017-04-18,56.6
2017-04-19,56.6
2017-04-20,56.6
2017-04-21,56.6
2017-04-24,56.6
2017-04-25,56.6
2017-04-26,56.6
2017-04-27,56.6
2017-04-28,56.6
2017-04-30,55.8
2017-05-01,55.8
2017-05-02,55.8
2017-05-03,55.8
2017-05-04,55.8
2017-05-05,55.8
2017-05-08,55.8
2017-05-09,55.8
2017-05-10,55.8
2017-05-11,55.8
2017-05-12,55.8
2017-05-15,55.8
2017-05-16,55.8
2017-05-17,55.8
2017-05-18,55.8
2017-05-19,55.8
2017-05-22,55.8
2017-05-23,55.8
2017-05-24,55.8
2017-05-25,55.8
2017-05-26,55.8
2017-05-29,55.8
2017-05-30,55.8
2017-05-31,55.5
2017-06-01,55.5
2017-06-02,55.5
2017-06-05,55.5
2017-06-06,55.5
2017-06-07,55.5
2017-06-08,55.5
2017-06-09,55.5
2017-06-12,55.5
2017-06-13,55.5
2017-06-14,55.5
2017-06-15,55.5
2017-06-16,55.5
2017-06-19,55.5
2017-06-20,55.5
2017-06-21,55.5
2017-06-22,55.5
2017-06-23,55.5
2017-06-26,55.5
2017-06-27,55.5
2017-06-28,55.5
2017-06-29,55.5
2017-06-30,56.5
2017-07-03,56.5
2017-07-04,56.5
2017-07-05,56.5
2017-07-06,56.5
2017-07-07,56.5
2017-07-10,56.5
2017-07-11,56.5
2017-07-12,56.5
2017-07-13,56.5
2017-07-14,56.5
2017-07-17,56.5
2017-07-18,56.5
2017-07-19,56.5
2017-07-20,56.5
2017-07-21,56.5
2017-07-24,56.5
2017-07-25,56.5
2017-07-26,56.5
2017-07-27,56.5
2017-07-28,56.5
2017-07-31,56.6
2017-08-01,56.6
2017-08-02,56.6
2017-08-03,56.6
2017-08-04,56.6
2017-08-07,56.6
2017-08-08,56.6
2017-08-09,56.6
2017-08-10,56.6
2017-08-11,56.6
2017-08-14,56.6
2017-08-15,56.6
2017-08-16,56.6
2017-08-17,56.6
2017-08-18,56.6
2017-08-21,56.6
2017-08-22,56.6
2017-08-23,56.6
2017-08-24,56.6
2017-08-25,56.6
2017-08-28,56.6
2017-08-29,56.6
2017-08-30,56.6
2017-08-31,58.9
2017-09-01,58.9
2017-09-04,58.9
2017-09-05,58.9
2017-09-06,58.9
2017-09-07,58.9
2017-09-08,58.9
2017-09-11,58.9
2017-09-12,58.9
2017-09-13,58.9
2017-09-14,58.9
2017-09-15,58.9
2017-09-18,58.9
2017-09-19,58.9
2017-09-20,58.9
2017-09-21,58.9
2017-09-22,58.9
2017-09-25,58.9
2017-09-26,58.9
2017-09-27,58.9
2017-09-28,58.9
2017-09-29,58.9
2017-09-30,60.0
2017-10-02,60.0
2017-10-03,60.0
2017-10-04,60.0
2017-10-05,60.0
2017-10-06,60.0
2017-10-09,60.0
2017-10-10,60.0
2017-10-11,60.0
2017-10-12,60.0
2017-10-13,60.0
2017-10-16,60.0
2017-10-17,60.0
2017-10-18,60.0
2017-10-19,60.0
2017-10-20,60.0
2017-10-23,60.0
2017-10-24,60.0
2017-10-25,60.0
2017-10-26,60.0
2017-10-27,60.0
2017-10-30,60.0
2017-10-31,58.4
2017-11-01,58.4
2017-11-02,58.4
2017-11-03,58.4
2017-11-06,58.4
2017-11-07,58.4
2017-11-08,58.4
2017-11-09,58.4
2017-11-10,58.4
2017-11-13,58.4
2017-11-14,58.4
2017-11-15,58.4
2017-11-16,58.4
2017-11-17,58.4
2017-11-20,58.4
2017-11-21,58.4
2017-11-22,58.4
2017-11-23,58.4
2017-11-24,58.4
2017-11-27,58.4
2017-11-28,58.4
2017-11-29,58.4
2017-11-30,57.7
2017-12-01,57.7
2017-12-04,57.7
2017-12-05,57.7
2017-12-06,57.7
2017-12-07,57.7
2017-12-08,57.7
2017-12-11,57.7
2017-12-12,57.7
2017-12-13,57.7
2017-12-14,57.7
2017-12-15,57.7
2017-12-18,57.7
2017-12-19,57.7
2017-12-20,57.7
2017-12-21,57.7
2017-12-22,57.7
2017-12-25,57.7
2017-12-26,57.7
2017-12-27,57.7
2017-12-28,57.7
2017-12-29,57.7
2017-12-31,59.4
2018-01-01,59.4
2018-01-02,59.4
2018-01-03,59.4
2018-01-04,59.4
2018-01-05,59.4
2018-01-08,59.4
2018-01-09,59.4
2018-01-10,59.4
2018-01-11,59.4
2018-01-12,59.4
2018-01-15,59.4
2018-01-16,59.4
2018-01-17,59.4
2018-01-18,59.4
2018-01-19,59.4
2018-01-22,59.4
2018-01-23,59.4
2018-01-24,59.4
2018-01-25,59.4
2018-01-26,59.4
2018-01-29,59.4
2018-01-30,59.4
2018-01-31,59.6
2018-02-01,59.6
2018-02-02,59.6
2018-02-05,59.6
2018-02-06,59.6
2018-02-07,59.6
2018-02-08,59.6
2018-02-09,59.6
2018-02-12,59.6
2018-02-13,59.6
2018-02-14,59.6
2018-02-15,59.6
2018-02-16,59.6
2018-02-19,59.6
2018-02-20,59.6
2018-02-21,59.6
2018-02-22,59.6
2018-02-23,59.6
2018-02-26,59.6
2018-02-27,59.6
2018-02-28,60.7
2018-03-01,60.7
2018-03-02,60.7
2018-03-05,60.7
2018-03-06,60.7
2018-03-07,60.7
2018-03-08,60.7
2018-03-09,60.7
2018-03-12,60.7
2018-03-13,60.7
2018-03-14,60.7
2018-03-15,60.7
2018-03-16,60.7
2018-03-19,60.7
2018-03-20,60.7
2018-03-21,60.7
2018-03-22,60.7
2018-03-23,60.7
2018-03-26,60.7
2018-03-27,60.7
2018-03-28,60.7
2018-03-29,60.7
2018-03-30,60.7
2018-03-31,59.3
2018-04-02,59.3
2018-04-03,59.3
2018-04-04,59.3
2018-04-05,59.3
2018-04-06,59.3
2018-04-09,59.3
2018-04-10,59.3
2018-04-11,59.3
2018-04-12,59.3
2018-04-13,59.3
2018-04-16,59.3
2018-04-17,59.3
2018-04-18,59.3
2018-04-19,59.3
2018-04-20,59.3
2018-04-23,59.3
2018-04-24,59.3
2018-04-25,59.3
2018-04-26,59.3
2018-04-27,59.3
2018-04-30,57.9
2018-05-01,57.9
2018-05-02,57.9
2018-05-03,57.9
2018-05-04,57.9
2018-05-07,57.9
2018-05-08,57.9
2018-05-09,57.9
2018-05-10,57.9
2018-05-11,57.9
2018-05-14,57.9
2018-05-15,57.9
2018-05-16,57.9
2018-05-17,57.9
2018-05-18,57.9
2018-05-21,57.9
2018-05-22,57.9
2018-05-23,57.9
2018-05-24,57.9
2018-05-25,57.9
2018-05-28,57.9
2018-05-29,57.9
2018-05-30,57.9
2018-05-31,58.7
2018-06-01,58.7
2018-06-04,58.7
2018-06-05,58.7
2018-06-06,58.7
2018-06-07,58.7
2018-06-08,58.7
2018-06-11,58.7
2018-06-12,58.7
2018-06-13,58.7
2018-06-14,58.7
2018-06-15,58.7
2018-06-18,58.7
2018-06-19,58.7
2018-06-20,58.7
2018-06-21,58.7
2018-06-22,58.7
2018-06-25,58.7
2018-06-26,58.7
2018-06-27,58.7
2018-06-28,58.7
2018-06-29,58.7
2018-06-30,60.0
2018-07-02,60.0
2018-07-03,60.0
2018-07-04,60.0
2018-07-05,60.0
2018-07-06,60.0
2018-07-09,60.0
2018-07-10,60.0
2018-07-11,60.0
2018-07-12,60.0
2018-07-13,60.0
2018-07-16,60.0
2018-07-17,60.0
2018-07-18,60.0
2018-07-19,60.0
2018-07-20,60.0
2018-07-23,60.0
2018-07-24,60.0
2018-07-25,60.0
2018-07-26,60.0
2018-07-27,60.0
2018-07-30,60.0
2018-07-31,58.4
2018-08-01,58.4
2018-08-02,58.4
2018-08-03,58.4
2018-08-06,58.4
2018-08-07,58.4
2018-08-08,58.4
2018-08-09,58.4
2018-08-10,58.4
2018-08-13,58.4
2018-08-14,58.4
2018-08-15,58.4
2018-08-16,58.4
2018-08-17,58.4
2018-08-20,58.4
2018-08-21,58.4
2018-08-22,58.4
2018-08-23,58.4
2018-08-24,58.4
2018-08-27,58.4
2018-08-28,58.4
2018-08-29,58.4
2018-08-30,58.4
2018-08-31,60.8
2018-09-03,60.8
2018-09-04,60.8
2018-09-05,60.8
2018-09-06,60.8
2018-09-07,60.8
2018-09-10,60.8
2018-09-11,60.8
2018-09-12,60.8
2018-09-13,60.8
2018-09-14,60.8
2018-09-17,60.8
2018-09-18,60.8
2018-09-19,60.8
2018-09-20,60.8
2018-09-21,60.8
2018-09-24,60.8
2018-09-25,60.8
2018-09-26,60.8
2018-09-27,60.8
2018-09-28,60.8
2018-09-30,59.5
2018-10-01,59.5
2018-10-02,59.5
2018-10-03,59.5
2018-10-04,59.5
2018-10-05,59.5
2018-10-08,59.5
2018-10-09,59.5
2018-10-10,59.5
2018-10-11,59.5
2018-10-12,59.5
2018-10-15,59.5
2018-10-16,59.5
2018-10-17,59.5
2018-10-18,59.5
2018-10-19,59.5
2018-10-22,59.5
2018-10-23,59.5
2018-10-24,59.5
2018-10-25,59.5
2018-10-26,59.5
2018-10-29,59.5
2018-10-30,59.5
2018-10-31,57.5
2018-11-01,57.5
2018-11-02,57.5
2018-11-05,57.5
2018-11-06,57.5
2018-11-07,57.5
2018-11-08,57.5
2018-11-09,57.5
2018-11-12,57.5
2018-11-13,57.5
2018-11-14,57.5
2018-11-15,57.5
2018-11-16,57.5
2018-11-19,57.5
2018-11-20,57.5
2018-11-21,57.5
2018-11-22,57.5
2018-11-23,57.5
2018-11-26,57.5
2018-11-27,57.5
2018-11-28,57.5
2018-11-29,57.5
2018-11-30,58.8
2018-12-03,58.8
2018-12-04,58.8
2018-12-05,58.8
2018-12-06,58.8
2018-12-07,58.8
2018-12-10,58.8
2018-12-11,58.8
2018-12-12,58.8
2018-12-13,58.8
2018-12-14,58.8
2018-12-17,58.8
2018-12-18,58.8
2018-12-19,58.8
2018-12-20,58.8
2018-12-21,58.8
2018-12-24,58.8
2018-12-25,58.8
2018-12-26,58.8
2018-12-27,58.8
2018-12-28,58.8
2018-12-31,54.3
2019-01-01,54.3
2019-01-02,54.3
2019-01-03,54.3
2019-01-04,54.3
2019-01-07,54.3
2019-01-08,54.3
2019-01-09,54.3
2019-01-10,54.3
2019-01-11,54.3
2019-01-14,54.3
2019-01-15,54.3
2019-01-16,54.3
2019-01-17,54.3
2019-01-18,54.3
2019-01-21,54.3
2019-01-22,54.3
2019-01-23,54.3
2019-01-24,54.3
2019-01-25,54.3
2019-01-28,54.3
2019-01-29,54.3
2019-01-30,54.3
2019-01-31,56.6
2019-02-01,56.6
2019-02-04,56.6
2019-02-05,56.6
2019-02-06,56.6
2019-02-07,56.6
2019-02-08,56.6
2019-02-11,56.6
2019-02-12,56.6
2019-02-13,56.6
2019-02-14,56.6
2019-02-15,56.6
2019-02-18,56.6
2019-02-19,56.6
2019-02-20,56.6
2019-02-21,56.6
2019-02-22,56.6
2019-02-25,56.6
2019-02-26,56.6
2019-02-27,56.6
2019-02-28,54.2
2019-03-01,54.2
2019-03-04,54.2
2019-03-05,54.2
2019-03-06,54.2
2019-03-07,54.2
2019-03-08,54.2
2019-03-11,54.2
2019-03-12,54.2
2019-03-13,54.2
2019-03-14,54.2
2019-03-15,54.2
2019-03-18,54.2
2019-03-19,54.2
2019-03-20,54.2
2019-03-21,54.2
2019-03-22,54.2
2019-03-25,54.2
2019-03-26,54.2
2019-03-27,54.2
2019-03-28,54.2
2019-03-29,54.2
2019-03-31,55.3
2019-04-01,55.3
2019-04-02,55.3
2019-04-03,55.3
2019-04-04,55.3
2019-04-05,55.3
2019-04-08,55.3
2019-04-09,55.3
2019-04-10,55.3
2019-04-11,55.3
2019-04-12,55.3
2019-04-15,55.3
2019-04-16,55.3
2019-04-17,55.3
2019-04-18,55.3
2019-04-19,55.3
2019-04-22,55.3
2019-04-23,55.3
2019-04-24,55.3
2019-04-25,55.3
2019-04-26,55.3
2019-04-29,55.3
2019-04-30,52.8
2019-05-01,52.8
2019-05-02,52.8
2019-05-03,52.8
2019-05-06,52.8
2019-05-07,52.8
2019-05-08,52.8
2019-05-09,52.8
2019-05-10,52.8
2019-05-13,52.8
2019-05-14,52.8
2019-05-15,52.8
2019-05-16,52.8
2019-05-17,52.8
2019-05-20,52.8
2019-05-21,52.8
2019-05-22,52.8
2019-05-23,52.8
2019-05-24,52.8
2019-05-27,52.8
2019-05-28,52.8
2019-05-29,52.8
2019-05-30,52.8
2019-05-31,52.1
2019-06-03,52.1
2019-06-04,52.1
2019-06-05,52.1
2019-06-06,52.1
2019-06-07,52.1
2019-06-10,52.1
2019-06-11,52.1
2019-06-12,52.1
2019-06-13,52.1
2019-06-14,52.1
2019-06-17,52.1
2019-06-18,52.1
2019-06-19,52.1
2019-06-20,52.1
2019-06-21,52.1
2019-06-24,52.1
2019-06-25,52.1
2019-06-26,52.1
2019-06-27,52.1
2019-06-28,52.1
2019-06-30,51.7
2019-07-01,51.7
2019-07-02,51.7
2019-07-03,51.7
2019-07-04,51.7
2019-07-05,51.7
2019-07-08,51.7
2019-07-09,51.7
2019-07-10,51.7
2019-07-11,51.7
2019-07-12,51.7
2019-07-15,51.7
2019-07-16,51.7
2019-07-17,51.7
2019-07-18,51.7
2019-07-19,51.7
2019-07-22,51.7
2019-07-23,51.7
2019-07-24,51.7
2019-07-25,51.7
2019-07-26,51.7
2019-07-29,51.7
2019-07-30,51.7
